# Alias OBJ Model File
# Exported from SketchUp, (c) 2000-2012 Trimble Navigation Limited
# File units = millimeters

mtllib Lid Obj.mtl

g Mesh1 Group1 Model

usemtl FrontColor
v 390.697 38.0872 -41.5277
vt -1.21452 0.552802
vn 0.497778 0.0941611 -0.862178
v 387.487 38.0872 -43.991
vt -1.05522 0.552802
vn 0.703965 0.0941611 -0.703965
v 387.373 38.9281 -43.8775
vt -1.05439 0.586496
vn 0.430459 0.707107 -0.560985
v 390.617 38.9281 -41.3887
vt -1.21535 0.586496
f 1/1/1 2/2/2 3/3/3 4/4/3 

v 390.697 36.0872 -41.5277
vt -1.21452 1.16984
vn 0.5 -6.40226e-15 -0.866025
v 387.487 36.0872 -43.991
vt -1.05522 1.16984
vn 0.707107 -1.37335e-14 -0.707107
vt -1.05522 1.24858
vt -1.21452 1.24858
f 5/5/4 6/6/5 2/7/2 1/8/1 

vt -3.1706 2.13693
vn -1.45243e-16 -1 -3.37095e-16
v 385.097 36.0872 -39.4511
vt -2.95012 2.05517
vt -3.04421 2.23391
f 5/9/6 7/10/6 6/11/6

v 455.592 36.0872 5.39099
vt -5.7255 0.289735
f 8/12/6 7/10/6 5/9/6

v 385.024 36.0872 -38.8947
vt -2.94724 2.03326
f 8/12/6 9/13/6 7/10/6

v 384.809 36.0872 -38.3761
vt -2.93878 2.01285
f 8/12/6 10/14/6 9/13/6

v 384.467 36.0872 -37.9308
vt -2.92533 1.99532
f 8/12/6 11/15/6 10/14/6

v 384.022 36.0872 -37.5892
vt -2.9078 1.98187
f 8/12/6 12/16/6 11/15/6

v 383.503 36.0872 -37.3744
vt -2.88738 1.97341
f 8/12/6 13/17/6 12/16/6

v 382.947 36.0872 -37.3011
vt -2.86548 1.97053
f 8/12/6 14/18/6 13/17/6

v 382.391 36.0872 -37.3744
vt -2.84357 1.97341
f 8/12/6 15/19/6 14/18/6

v 381.872 36.0872 -37.5892
vt -2.82315 1.98187
f 8/12/6 16/20/6 15/19/6

v 324.664 36.0872 -18.0008
vt -0.570866 1.21067
f 8/12/6 17/21/6 16/20/6

v 457.154 36.0872 6.03825
vt -5.78702 0.264253
f 18/22/6 17/21/6 8/12/6

v 479.73 36.0872 10.7503
vt -6.67584 0.0787402
f 19/23/6 17/21/6 18/22/6

v 324.664 36.0872 -6.8282
vt -0.570866 0.770806
f 19/23/6 20/24/6 17/21/6

v 317.164 36.0872 10.7503
vt -0.275591 0.0787402
f 21/25/6 20/24/6 19/23/6

v 317.164 36.0872 -6.09233
vt -0.275591 0.741835
f 20/24/6 21/25/6 22/26/6

v 317.164 7.37327 -6.09233
vt 0.741835 0.0393701
vn 0.995632 -0.0933618 -3.39036e-14
v 317.164 26.0872 -6.09233
vt 0.741835 0.776139
vn 1 5.32801e-14 -6.50568e-14
vt 0.741835 1.16984
vt 0.0787402 1.16984
v 317.164 7.37327 10.7503
vt 0.0787402 0.0393701
f 23/27/7 24/28/8 22/29/8 21/30/8 25/31/7 

vt 0.346712 0.0393701
vn 0.0976477 3.78365e-14 0.995221
v 317.005 6.53238 -6.07672
vt 0.340418 0.00626396
v 316.164 6.37327 -5.99421
vt 0.307153 3.26892e-14
v 324.664 6.37327 -6.8282
vt 0.643405 3.40215e-14
vt 0.643405 1.16984
vt 0.346712 1.16984
vt 0.346712 0.776139
f 23/32/9 26/33/9 27/34/9 28/35/9 20/36/9 22/37/9 24/38/9 

v 317.005 6.53238 10.9094
vt 0.0724763 0.0562247
vn 0.707107 -0.707106 -6.79993e-18
vt 0.74122 0.0562247
vt 0.741835 0.0899182
vt 0.0787402 0.0899182
f 29/39/10 26/40/10 23/41/7 25/42/7 

v 316.164 6.37327 11.7503
vt 0.0393701 0.232102
vn 0.18591 -0.982567 2.44304e-15
v 316.164 6.37327 -3.22021
vt 0.628759 0.232102
vt 0.737972 0.232102
vt 0.74122 0.265796
vt 0.0724763 0.265796
f 30/43/11 31/44/11 27/45/11 26/46/10 29/47/10 

vt -0.628759 -0.232102
vn -0.18591 -0.982567 2.96119e-15
vt -0.0393701 -0.232102
v 315.323 6.53238 11.7503
vt -0.0393701 -0.198409
vn -0.707107 -0.707106 1.83439e-15
v 315.323 6.53238 -3.22021
vt -0.628759 -0.198409
f 31/48/12 30/49/12 32/50/13 33/51/13 

vt 0.115785 -0.164016
vn -0.689859 -0.689859 0.219519
vt 0.139194 -0.188249
vn -0.182777 -0.966015 0.182777
v 316.164 6.53238 12.5912
vt 0.162604 -0.164016
vn -0.219518 -0.689859 0.689859
v 315.438 6.6478 12.4757
vt 0.139194 -0.146436
vn -0.57735 -0.57735 0.577351
f 32/52/14 30/53/15 34/54/16 35/55/17 

v 377.447 6.37327 11.7503
vt 2.64894 -0.0386837
vn 0.0950034 -0.995477 3.40694e-14
v 377.447 6.53238 12.5912
vt 2.64894 -0.00499016
vn 0.112768 -0.702596 0.702597
vt 0.23622 -0.00499016
vn -8.50754e-16 -0.707106 0.707107
vt 0.23622 -0.0386837
vn -1.07596e-15 -1 3.83749e-14
f 36/56/18 37/57/19 34/58/20 30/59/21 

v 378.288 6.5352 11.7503
vt 1.90784 1.82199
vn 0.706892 -0.694991 0.131498
v 378.288 6.66854 12.455
vt 1.88805 1.84213
vt 1.86102 1.82156
vt 1.88463 1.79753
vn 0.0950034 -0.995477 3.40623e-14
f 38/60/22 39/61/22 37/62/19 36/63/23 

vt 0.106214 0.502543
vt 0.133943 0.497203
v 378.441 7.35881 11.7647
vt 0.133589 0.530187
vn 0.982454 -0.183254 0.0346732
f 39/64/22 38/65/22 40/66/24

v 378.447 7.38819 11.7354
vt 0.0872008 0.531154
vn 0.982953 -0.183043 0.017279
vt 0.0860431 0.529978
vt 0.0865035 0.496995
f 41/67/25 40/68/25 38/69/25

vt 0.534048 0.130163
vn 0.982244 -0.0346843 0.184374
vt 0.535226 0.131319
v 378.447 7.38819 11.7652
vt 0.534071 0.131327
vn 0.998564 -0.0262534 0.0466924
v 378.447 7.46704 11.7503
vt 0.534648 0.134426
v 378.288 7.38819 12.5912
vt 0.500955 0.131321
vn 0.706495 -0.131453 0.695403
vt 0.506224 0.102971
f 40/70/26 41/71/26 42/72/27 43/73/27 44/74/28 39/75/28 

vt -0.0555473 0.531033
vn 0.982519 -0.182942 -0.0344881
vt -0.0555181 0.529853
vt -0.0543733 0.531041
vt -0.0547406 0.496876
vn 0.707015 -0.694884 -0.131402
v 378.288 6.66854 11.0455
vt -0.0270122 0.502215
f 42/76/29 40/77/29 41/78/29 38/79/30 45/80/30 

vt -1.83188 1.89541
vt -1.85167 1.87527
vt -1.82847 1.85081
vn 0.0950034 -0.995477 3.40765e-14
v 377.447 6.53238 10.9094
vt -1.80485 1.87484
vn 0.112768 -0.702596 -0.702597
f 45/81/30 38/82/30 36/83/31 46/84/32 

vt -2.64894 0.0723773
vt -2.64894 0.0386837
vt -0.23622 0.0386837
vt -0.269327 0.0723773
vn -6.43974e-16 -0.707106 -0.707107
f 46/85/32 36/86/18 30/87/21 29/88/33 

v 377.447 7.37327 10.7503
vt -2.64894 0.0533222
vn 0.0937677 -0.0929504 -0.991246
vt -2.64894 0.0196287
vt -0.269327 0.0196287
vt -0.275591 0.0533222
vn -7.50354e-17 -0.0933618 -0.995632
f 47/89/34 46/90/32 29/91/33 25/92/35 

v 378.288 7.38819 10.9094
vt -2.61996 0.144924
vn 0.706357 -0.131385 -0.695556
vt -2.62097 0.116107
vt -2.58745 0.110654
vt -2.58627 0.144327
f 48/93/36 45/94/36 46/95/32 47/96/34 

vt -0.424658 0.131597
vt -0.458351 0.134701
vn 0.982171 -0.0346004 -0.18478
vt -0.457774 0.131602
vt -0.458928 0.131595
vt -0.429926 0.103247
f 48/97/36 43/98/37 41/99/37 42/100/37 45/101/36 

v 378.447 15.316 11.7503
vt -0.461099 0.352074
vn 0.982567 -1.15832e-16 -0.18591
vt -0.461099 0.0430619
vt -0.427406 0.0399575
vn 0.707106 -6.95631e-17 -0.707107
v 378.288 15.316 10.9094
vt -0.427406 0.352074
f 49/102/38 43/103/38 48/104/39 50/105/39 

vt 0.538467 0.0430619
vn 0.982567 1.331e-16 0.18591
vt 0.538467 0.352074
v 378.288 15.316 12.5912
vt 0.504773 0.352074
vn 0.707106 1.47079e-16 0.707107
vt 0.504773 0.0399575
f 43/106/40 49/107/40 51/108/41 44/109/41 

vt 0.504773 0.761825
vn 0.699654 -0.113358 0.705432
vt 0.538467 0.761825
vn 0.98494 -0.172898 -4.47735e-07
v 378.449 16.3134 12.5912
vt 0.505956 0.801591
vn 0.446149 -0.44615 0.775823
f 51/110/42 49/111/43 52/112/44

vt 0.619703 0.821473
v 378.606 16.1569 11.7503
vt 0.621058 0.855139
vn 0.707106 -0.707107 1.99575e-12
vt 0.587402 0.861409
f 49/113/43 53/114/45 52/115/44

vt -0.544185 0.858232
vt -0.54283 0.824565
v 378.449 16.3134 10.9094
vt -0.510529 0.864501
vn 0.446149 -0.446149 -0.775824
f 53/116/45 49/117/43 54/118/46

vt -0.461099 0.764123
vt -0.427406 0.764123
vn 0.699654 -0.113357 -0.705432
vt -0.428589 0.803889
f 49/119/43 50/120/47 54/121/46

vt -2.62182 0.36907
v 377.447 15.316 10.7503
vt -2.58812 0.36907
vn 0.141364 -0.016655 -0.989818
vt -2.62807 0.408359
f 50/122/47 55/123/48 54/124/46

vt -2.62182 0.352074
vt -2.62182 0.0399575
vt -2.58812 0.0393701
vt -2.58812 0.352074
f 50/125/39 48/126/39 47/127/34 55/128/48 

vt -6.67584 1.16984
vn -4.84451e-18 1.4817e-16 -1
v 479.73 7.37327 10.7503
vt -6.67584 0.0393701
vn -8.09467e-17 -0.0933618 -0.995632
v 419.447 7.37327 10.7503
vt -4.30248 0.0393701
vn -0.0937677 -0.0929504 -0.991246
v 419.447 15.316 10.7503
vt -4.30248 0.352074
vn -0.141364 -0.0166549 -0.989818
v 419.129 16.9977 10.7503
vt -4.28996 0.418286
vn -0.076546 -0.0765461 -0.994123
v 417.447 17.316 10.7503
vt -4.22374 0.430814
vn -0.016655 -0.141364 -0.989818
v 379.447 17.316 10.7503
vt -2.72768 0.430814
vn 0.0166549 -0.141364 -0.989818
v 377.765 16.9978 10.7503
vt -2.66147 0.418287
vn 0.0765461 -0.076546 -0.994123
vt -2.64894 0.352074
vt -2.64894 0.0393701
vt -0.275591 0.0393701
vt -0.275591 1.16984
f 19/129/49 56/130/50 57/131/51 58/132/52 59/133/53 60/134/54 61/135/55 62/136/56 55/137/48 47/138/34 25/139/35 21/140/49 

v 479.73 6.37327 -33.9511
vt -1.83864 -2.32463e-14
vn -1 -4.91928e-15 -4.79258e-16
v 479.73 6.37327 11.2829
vt -0.0577696 -2.32463e-14
vn -1 -3.48215e-15 2.44157e-16
v 479.73 6.37327 11.7503
vt -0.0393701 -2.32463e-14
v 479.73 6.53238 10.9094
vt -0.0724763 0.00626396
vt -0.0787402 0.0393701
vt -0.0787402 1.16984
v 479.73 36.0872 -120.653
vt -5.25208 1.16984
v 479.73 7.37327 -120.653
vt -5.25208 0.0393701
v 479.73 6.53238 -120.812
vt -5.25834 0.00626396
v 479.73 6.37327 -121.653
vt -5.29145 -2.32463e-14
v 479.73 6.37327 -75.9511
vt -3.49218 -2.32463e-14
vn -0.995632 -6.45331e-15 0.0933618
v 479.73 15.316 -75.9511
vt -3.49218 0.352074
vn -0.989818 -0.0166549 0.141364
v 479.73 16.9977 -75.6329
vt -3.47965 0.418286
vn -0.994123 -0.0765461 0.076546
v 479.73 17.316 -73.9511
vt -3.41344 0.430814
vn -0.989818 -0.141364 0.016655
v 479.73 17.316 -35.9511
vt -1.91738 0.430814
vn -0.989818 -0.141364 -0.0166549
v 479.73 16.9978 -34.2693
vt -1.85117 0.418287
vn -0.994123 -0.076546 -0.0765461
v 479.73 15.316 -33.9511
vt -1.83864 0.352074
vn -0.993524 -0.00976236 -0.1132
f 63/141/57 64/142/58 65/143/58 66/144/58 56/145/58 19/146/58 67/147/58 68/148/58 69/149/58 70/150/58 71/151/59 72/152/60 73/153/61 74/154/62 75/155/63 76/156/64 77/157/65 

vt -6.67584 0.0577696
vn 0 -1 -0
vt -6.67584 1.83864
vn 1.28282e-18 -0.995632 -0.0933618
v 480.07 6.37327 -33.9511
vt -6.68923 1.83864
f 64/158/66 63/159/67 78/160/67

v 479.73 6.53238 -34.792
vt -6.67584 1.84028
vn -3.18115e-18 -0.707107 -0.707106
v 480.077 6.53238 -34.792
vt -6.68948 1.84028
vt -6.68923 1.80658
vt -6.67584 1.80658
f 79/161/68 80/162/68 78/163/67 63/164/67 

v 479.73 7.37327 -34.9511
vt -6.67584 0.387823
vn -7.81122e-18 -0.18591 -0.982567
v 480.078 7.37327 -34.9511
vt -6.68953 0.387823
vt -6.68948 0.35413
vt -6.67584 0.35413
f 81/165/69 82/166/69 80/167/68 79/168/68 

v 480.73 15.316 -34.9511
vt -6.71521 0.352074
vn 0 0 -1
vt -6.68953 0.0393701
f 83/169/70 82/170/70 81/130/70

vn 9.01789e-16 -0.0933626 -0.995632
v 480.73 7.46704 -34.9511
vt -6.71521 0.0430619
v 480.636 7.37327 -34.9511
vt -6.71151 0.0393701
f 82/170/71 83/169/70 84/171/70 85/172/71 

vt -6.249 0.0430619
vn 0.18591 4.25294e-15 -0.982567
vt -6.249 0.352074
v 481.571 15.316 -34.792
vt -6.28269 0.352074
vn 0.707107 6.82926e-15 -0.707106
v 481.571 7.38819 -34.792
vt -6.28269 0.0399575
f 84/173/72 83/174/72 86/175/73 87/176/73 

vt -6.28269 0.834077
vn 0.705432 -0.113358 -0.699654
vt -6.249 0.834077
vn -4.68393e-07 -0.172898 -0.98494
v 481.571 16.3134 -34.9536
vt -6.28151 0.873843
vn 0.775823 -0.44615 -0.446149
f 86/177/74 83/178/75 88/179/76

vt -6.1503 0.943063
v 480.73 16.1569 -35.1102
vt -6.14894 0.976729
vn -9.90478e-08 -0.707108 -0.707106
vt -6.1826 0.982999
f 83/180/75 89/181/77 88/182/76

vt -6.96377 0.449206
vt -6.96242 0.41554
v 479.889 16.3134 -34.9536
vt -6.93012 0.455475
vn -0.775824 -0.446149 -0.446149
f 89/183/77 83/184/75 90/185/78

vt -6.94728 0.441529
v 479.889 15.316 -34.792
vt -6.91358 0.441529
vn -0.705432 -0.113357 -0.699654
vt -6.91477 0.481295
f 83/186/75 91/187/79 90/188/78

vt -6.91358 0.338012
vn -0.895625 0.0245161 -0.444134
vt -6.94728 0.338012
vn -0.185859 0.0234 -0.982298
vt -6.90859 0.0252218
vn -0.79931 0.0280355 -0.600265
f 91/189/80 83/190/81 81/191/82

vt -1.23326 0.162396
vt -1.22703 0.129285
vn -0.999465 0.0120241 -0.0304085
vt -1.22643 0.475151
f 81/192/82 79/193/83 91/194/80

vt -3.04768 0.462662
vt -3.08137 0.462662
vt -3.0802 0.116797
f 77/195/65 91/196/80 79/197/83

vt -3.08137 0.164725
vt -3.04768 0.164725
vt -3.08762 0.204014
f 91/198/79 77/199/65 90/200/78

vt -3.08543 0.126934
vt -3.09773 0.193191
vt -3.12537 0.166232
f 77/201/65 76/202/64 90/203/78

vt -2.09668 -0.85559
vt -2.16285 -0.842825
vt -2.12384 -0.88304
f 76/204/64 75/205/63 90/206/78

vt -2.12103 -0.805718
v 479.889 16.4751 -35.9511
vt -2.12122 -0.839411
vn -0.705432 -0.699654 -0.113358
vt -2.08196 -0.845887
f 75/207/63 92/208/84 90/209/78

v 479.889 16.4751 -73.9511
vt -3.41344 -0.85148
vn -0.707107 -0.707106 -0
vt -1.91738 -0.85148
vt -1.91738 -0.817787
vt -3.41344 -0.817787
f 93/210/85 92/211/85 75/212/63 74/213/62 

v 480.73 16.316 -73.9511
vt -3.41344 -6.52537
vn -8.71902e-07 -1 -0
v 480.73 16.316 -35.9511
vt -1.91738 -6.52537
vt -1.91738 -6.49167
vt -3.41344 -6.49167
f 94/214/86 95/215/86 92/216/85 93/217/85 

v 481.571 16.4751 -73.9511
vt 3.41344 6.70461
vn 0.707106 -0.707107 -0
v 481.571 16.4751 -35.9511
vt 1.91738 6.70461
vt 1.91738 6.67091
vt 3.41344 6.67091
f 96/218/87 97/219/87 95/220/86 94/221/86 

v 481.73 17.316 -73.9511
vt 3.41344 1.67904
vn 0.989817 -0.141365 0.0166554
v 481.73 17.316 -35.9511
vt 1.91738 1.67904
vn 0.989817 -0.141365 -0.0166554
vt 1.91738 1.64535
vt 3.41344 1.64535
f 98/222/88 99/223/89 97/224/87 96/225/87 

vt 3.41344 0.430814
v 481.73 16.9978 -75.6329
vt 3.47965 0.418287
vn 0.994123 -0.076546 0.076546
v 481.73 15.316 -75.9511
vt 3.49218 0.352074
vn 0.989818 -0.016655 0.141364
v 481.73 7.37327 -75.9511
vt 3.49218 0.0393701
vn 0.991246 -0.0929504 0.0937677
v 481.73 7.37327 -121.653
vt 5.29145 0.0393701
vn 0.996092 -0.062453 -0.062453
v 481.73 38.0872 -121.653
vt 5.29145 1.24858
vn 0.996092 0.062453 -0.062453
v 481.73 38.0872 11.7503
vt 0.0393701 1.24858
vn 0.996092 0.062453 0.062453
v 481.73 7.37327 11.7503
vt 0.0393701 0.0393701
vn 0.996092 -0.062453 0.062453
v 481.73 7.37327 -33.9511
vt 1.83864 0.0393701
vn 0.991246 -0.0929504 -0.0937677
v 481.73 15.316 -33.9511
vt 1.83864 0.352074
vn 0.989818 -0.0166549 -0.141364
v 481.73 16.9977 -34.2693
vt 1.85117 0.418286
vn 0.994123 -0.076546 -0.076546
vt 1.91738 0.430814
f 98/226/88 100/227/90 101/228/91 102/229/92 103/230/93 104/231/94 105/232/95 106/233/96 107/234/97 108/235/98 109/236/99 99/237/89 

vt 3.72697 1.68018
vt 3.6608 1.69295
v 481.571 16.3134 -74.9486
vt 3.69982 1.65273
vn 0.775823 -0.446149 0.446149
f 100/238/90 98/239/88 110/240/100

vt 3.61881 1.65846
vt 3.61862 1.62476
vn 0.705431 -0.699655 0.113359
vt 3.65787 1.61829
f 98/241/88 96/242/101 110/243/100

vt 6.98203 2.91558
vt 6.9605 2.88966
vn -8.89561e-07 -0.98494 0.172898
vt 7.01186 2.88925
f 96/244/101 94/245/102 110/246/100

vt 6.95727 2.88247
v 480.73 16.1569 -74.792
vt 6.98244 2.86007
vn -9.90478e-08 -0.707106 0.707108
vt 7.00863 2.88212
f 94/247/102 111/248/103 110/249/100

vt 1.74163 -6.94359
vt 1.7668 -6.92119
v 479.889 16.3134 -74.9486
vt 1.71543 -6.92154
vn -0.775824 -0.446149 0.446149
f 111/250/103 94/251/102 112/252/104

vt 1.77498 -7.00917
vt 1.75345 -6.98325
vn -0.705432 -0.699654 0.113357
vt 1.72362 -7.00957
f 94/253/102 93/254/105 112/255/104

vt -3.2071 -0.869763
vt -3.20729 -0.83607
vt -3.24635 -0.876238
f 93/256/105 74/257/62 112/258/104

vt -3.16432 -0.880618
vt -3.23049 -0.893383
vt -3.20333 -0.920833
f 74/259/62 73/260/61 112/261/104

vt -2.13404 0.156083
vt -2.14634 0.0898267
vt -2.1064 0.129124
f 73/262/61 72/263/60 112/264/104

vt -2.19021 0.134886
v 479.889 15.316 -75.1102
vt -2.15652 0.134886
vn -0.705432 -0.113358 0.699654
vt -2.15027 0.174175
f 72/265/60 113/266/106 112/267/104

v 479.889 6.37327 -75.1102
vt -2.15652 -6.75317e-14
vn -0.707346 3.25186e-05 0.706868
vt -2.15652 0.352074
vt -2.19021 0.352074
vt -2.19021 -6.75317e-14
f 114/268/107 113/269/107 72/270/60 71/271/59 

v 480.73 7.46704 -74.9511
vt 5.9531 0.0433115
vn -0.00033734 2.73528e-05 1
v 480.73 15.316 -74.9511
vt 5.9531 0.352324
vt 5.9194 0.352324
vt 5.9194 0.000249664
v 480.73 6.37327 -74.9511
vt 5.9531 0.000249665
vn -0.186573 5.37486e-05 0.982441
v 480.715 7.38819 -74.9511
vt 5.95252 0.0402071
f 115/272/108 116/273/108 113/274/107 114/275/107 117/276/109 118/277/109 

vt 7.24005 0.352074
vt 7.24005 0.0430619
v 481.571 7.38819 -75.1102
vt 7.27374 0.0399575
vn 0.707107 1.21004e-15 0.707106
v 481.571 15.316 -75.1102
vt 7.27374 0.352074
f 116/278/108 115/279/108 119/280/110 120/281/110 

vt 7.23318 -0.0318687
vn 0.182669 -0.0345621 0.982567
vt 7.2326 -0.0349749
v 481.435 6.66854 -75.1102
vt 7.2616 -0.0633246
vn 0.694781 -0.131457 0.707106
vt 7.26687 -0.0349749
f 115/282/111 118/283/111 121/284/112 119/285/112 

v 480.636 7.37327 -74.9511
vt 6.71151 0.0393701
vn 0.00867884 -0.0925523 0.99567
vt 6.71462 0.0399575
vn 0.017357 -0.091735 0.995632
vt 6.71521 0.0430619
vn 0 0 1
f 122/286/113 118/287/114 115/288/115

vt 6.83185 -0.547927
vt 6.82875 -0.548525
v 480.715 6.53238 -75.1102
vt 6.83207 -0.582197
vn 0.131458 -0.69478 0.707106
vt 6.86038 -0.576745
f 118/289/114 122/290/113 123/291/116 121/292/116 

vt 6.71151 -0.603227
v 480.379 7.37327 -74.9511
vt 6.70137 -0.603227
vn 1.01624e-15 -0.0933626 0.995632
v 480.38 6.53238 -75.1102
vt 6.70142 -0.636921
vn 9.78391e-15 -0.707107 0.707106
vt 6.71462 -0.636921
f 122/293/113 124/294/117 125/295/118 123/296/118 

vt 6.70137 0.0393701
f 124/297/117 122/286/113 115/288/115

vt -4.24932 -1.02073
vn 0.423828 -0.575724 -0.699222
vt -4.25226 -0.987165
vn 0.469169 0.164823 -0.867591
vt -4.26443 -1.02708
vn 0.338618 -0.178673 -0.923804
f 125/298/119 124/299/120 117/300/121

vt -5.95623 2.30881
vt -5.92253 2.30881
vn 0.181005 -0.947895 -0.262168
vt -5.94152 2.31603
f 117/301/121 114/302/122 125/303/119

v 480.386 6.37327 -75.9511
vt 6.41661 3.73572
vn 0.1026 -0.992872 0.060654
vt 6.38799 3.75349
vt 6.37816 3.73572
f 126/304/123 125/305/119 114/306/122

vt 6.71462 -3.39761
vt 6.70142 -3.39761
vt 6.70167 -3.4313
vn 1.53417e-14 -0.995632 0.0933618
v 480.73 6.37327 -75.9511
vt 6.71521 -3.4313
f 123/307/118 125/308/118 126/309/124 127/310/124 

v 480.73 6.37327 -121.653
vt -6.71521 5.29145
vn 1.64053e-14 -1 1.23408e-16
vt -6.71521 3.49218
vt -6.70167 3.49218
f 128/311/125 127/312/124 126/313/124

v 481.571 6.53238 -75.9511
vt 3.49218 6.63183
vn 0.702597 -0.702596 0.112768
vt 3.49218 6.59814
vn 0.185098 -0.978275 0.0933618
vt 5.29145 6.59814
vn 0.18591 -0.982567 -1.38087e-16
v 481.571 6.53238 -121.653
vt 5.29145 6.63183
vn 0.707107 -0.707106 -6.73969e-16
f 129/314/126 127/315/127 128/316/128 130/317/129 

vt 7.23405 2.18353
vt 7.21384 2.16297
vt 7.23746 2.13893
vt 7.26108 2.16297
f 121/318/116 123/319/116 127/320/127 129/321/126 

vt 4.67271 1.13026
vt 4.67169 1.10145
vt 4.70522 1.09599
vt 4.7064 1.12967
f 119/322/112 121/323/112 129/324/126 102/325/92 

vt 3.49218 1.29441
vt 3.49218 1.26072
vt 5.29145 1.26072
vt 5.29145 1.29441
f 102/326/92 129/327/126 130/328/129 103/329/93 

v 481.571 7.37327 -122.493
vt 3.97716 1.43157
vn 0.68986 -0.219518 -0.689859
vt 3.94347 1.43157
vn 0.966015 -0.182777 -0.182777
vt 3.94463 1.39789
vn 0.689859 -0.689859 -0.219518
v 481.456 6.6478 -122.378
vt 3.97354 1.40252
vn 0.577351 -0.57735 -0.57735
f 131/330/130 103/331/131 130/332/132 132/333/133 

vt 3.97717 0.0393701
vn 0.707107 -4.81993e-21 -0.707106
v 481.571 38.0872 -122.493
vt 3.97717 1.24858
vt 3.94347 1.24858
vt 3.94347 0.0393701
f 131/334/134 133/335/134 104/336/94 103/337/93 

v 480.73 7.37327 -122.653
vt -5.60709 0.0393701
vn 0.0624535 -0.062453 -0.996092
v 480.73 38.0872 -122.653
vt -5.60709 1.24858
vn 0.0624535 0.062453 -0.996092
vt -5.64078 1.24858
vt -5.64078 0.0393701
f 134/338/135 135/339/136 133/340/134 131/341/134 

v 316.164 38.0872 -122.653
vt -0.23622 1.24858
vn -0.0624535 0.062453 -0.996092
vt -6.71521 1.24858
vt -6.71521 0.0393701
v 419.447 7.37327 -122.653
v 419.447 15.316 -122.653
v 419.129 16.9977 -122.653
v 417.447 17.316 -122.653
vn -0.0166554 -0.141365 -0.989817
v 379.447 17.316 -122.653
vn 0.0166554 -0.141365 -0.989817
v 377.765 16.9978 -122.653
v 377.447 15.316 -122.653
v 377.447 7.37327 -122.653
v 316.164 7.37327 -122.653
vt -0.23622 0.0393701
vn -0.0624535 -0.062453 -0.996092
f 136/342/137 135/343/136 134/344/135 137/131/51 138/132/52 139/133/53 140/134/138 141/135/139 142/136/56 143/137/48 144/138/34 145/345/140 

v 316.164 38.9281 -122.493
vt -0.23622 0.269466
vn -9.50318e-17 0.707106 -0.707107
v 480.73 38.9281 -122.493
vt -6.71521 0.269466
vt -6.71521 0.235772
vt -0.23622 0.235772
f 146/346/141 147/347/141 135/348/136 136/349/137 

v 316.164 39.0872 -121.653
vt -0.23622 -4.95976
vn -0.0624535 0.996092 -0.0624535
v 480.73 39.0872 -121.653
vt -6.71521 -4.95976
vn 0.0624535 0.996092 -0.0624535
vt -6.71521 -4.99345
vt -0.23622 -4.99345
f 148/350/142 149/351/143 147/352/141 146/353/141 

vt 0.23622 5.29145
v 381.368 39.0872 -73.1866
vt 2.8033 3.38334
vn 0.0616867 0.99236 0.106844
vt 6.71521 5.29145
f 148/354/142 150/355/144 149/356/143

v 380.72 39.0872 -72.6894
vt 2.77779 3.36377
vn 0.087336 0.992345 0.0873134
f 150/355/144 148/354/142 151/357/145

v 380.209 39.0872 -72.0232
vt 2.75766 3.33754
vn 0.106943 0.992345 0.0617617
f 151/357/145 148/354/142 152/358/146

v 379.896 39.0872 -71.2686
vt 2.74536 3.30783
vn 0.11917 0.99236 0.0319314
f 152/358/146 148/354/142 153/359/147

v 379.788 39.0872 -70.4511
vt 2.74112 3.27565
vn 0.123373 0.99236 9.84648e-15
f 153/359/147 148/354/142 154/360/148

v 379.788 39.0872 -39.4511
vt 2.74112 2.05517
vn 0.123373 0.99236 -8.00607e-15
f 148/354/142 155/361/149 154/360/148

v 379.896 39.0872 -38.6336
vt 2.74536 2.02299
vn 0.11917 0.99236 -0.0319314
f 148/354/142 156/362/150 155/361/149

v 380.209 39.0872 -37.8791
vt 2.75766 1.99328
vn 0.106943 0.992345 -0.0617601
f 148/354/142 157/363/151 156/362/150

v 316.164 39.0872 -105.464
vt 0.23622 4.65412
vn -0.140449 0.990014 -0.0121141
f 158/364/152 157/363/151 148/354/142

v 380.72 39.0872 -37.2129
vt 2.77779 1.96705
vn 0.0873363 0.992345 -0.0873118
f 158/364/152 159/365/153 157/363/151

v 316.164 39.0872 -3.22021
vt 0.23622 0.628759
vn -0.140444 0.990015 0.0120709
f 160/366/154 159/365/153 158/364/152

v 381.368 39.0872 -36.7157
vt 2.8033 1.94748
vn 0.0616867 0.99236 -0.106844
f 160/366/154 161/367/155 159/365/153

v 480.73 39.0872 11.7503
vt 6.71521 0.0393701
vn 0.0624535 0.996092 0.0624535
f 160/366/154 162/368/156 161/367/155

v 316.164 39.0872 11.7503
vt 0.23622 0.0393701
vn -0.0624535 0.996092 0.0624535
f 162/368/156 160/366/154 163/369/157

vt -0.0393701 0.471545
vt -0.628759 0.471545
v 315.323 38.9281 -3.22021
vt -0.628759 0.437851
vn -0.707107 0.707106 2.23996e-16
v 315.323 38.9281 11.7503
vt -0.0393701 0.437851
f 163/370/157 160/371/154 164/372/158 165/373/158 

vt -0.599124 0.513742
vn -0.702746 0.706128 0.086784
vt -0.595066 0.54719
v 315.197 38.9281 -4.23663
vt -0.639444 0.513742
vn -0.617136 0.726687 0.301778
f 164/374/159 160/375/154 166/376/160

vt -0.591881 0.556178
v 315.977 39.0872 -4.61777
vt -0.647393 0.556178
vn -0.108353 0.992699 0.0529845
vt -0.63659 0.523173
f 160/377/154 167/378/161 166/379/160

vt 0.228859 0.683781
f 158/364/152 167/380/161 160/366/154

v 315.976 39.0872 -104.065
vt 0.228823 4.59904
vn -0.108208 0.992705 -0.053187
f 168/381/162 167/380/161 158/364/152

v 314.989 39.0872 -5.62352
vt 0.189952 0.723378
vn -0.0957667 0.990015 0.103436
f 168/381/162 169/382/163 167/380/161

v 314.983 39.0872 -103.062
vt 0.189727 4.55953
vn -0.0953811 0.990014 -0.103803
f 170/383/164 169/382/163 168/381/162

v 311.164 39.0872 -100.116
vt 0.0393701 4.44354
vn -0.100363 0.993727 -0.0493312
f 171/384/165 169/382/163 170/383/164

v 311.164 39.0872 -8.59921
vt 0.0393701 0.840531
vn -0.100563 0.993715 0.0491749
f 169/382/163 171/384/165 172/385/166

vt -0.840531 0.278126
vt -4.44354 0.278126
v 310.323 38.9281 -99.688
vt -4.4267 0.244433
vn -0.707107 0.707106 4.07821e-20
v 310.323 38.9281 -9.02891
vt -0.857448 0.244433
f 172/386/166 171/387/165 173/388/167 174/389/167 

vt -3.7795 -1.80095
vn -0.731025 0.664223 -0.156239
vt -3.81113 -1.78051
vn -0.274179 0.952211 -0.134608
v 310.389 38.8094 -100.503
vt -3.80822 -1.8162
vn -0.77438 0.504684 -0.381615
f 173/390/168 171/391/169 175/392/170

vt -4.16658 -1.07506
v 310.989 38.9281 -101.042
vt -4.19823 -1.09547
vn -0.568378 0.664459 -0.485222
vt -4.16997 -1.1107
f 171/393/169 176/394/171 175/395/170

vt -2.7454 -3.19383
vt -2.9353 -3.19383
v 314.469 38.9281 -103.728
vt -2.9353 -3.22753
vn -0.431919 0.707106 -0.559863
vt -2.76223 -3.22753
f 171/396/165 170/397/164 177/398/172 176/399/172 

vt -3.34676 -2.844
vn -0.498175 0.706122 -0.503204
vt -3.34269 -2.81055
v 315.197 38.9281 -104.448
vt -3.38708 -2.844
vn -0.616336 0.726879 -0.302947
f 177/400/173 170/401/164 178/402/174

vt -3.37424 -2.7721
vt -3.42982 -2.7721
vt -3.41896 -2.8051
f 170/403/164 168/404/162 178/405/174

vt -4.58858 -0.13383
vt -4.64416 -0.13383
vt -4.59943 -0.16683
f 168/406/162 158/407/152 178/408/174

vt -4.64785 -0.0906888
v 315.323 38.9281 -105.464
vt -4.64378 -0.124136
vn -0.702717 0.706121 -0.0870692
vt -4.60346 -0.124135
f 158/409/152 179/410/175 178/411/174

vt -4.65412 0.471545
vt -5.29145 0.471545
v 315.323 38.9281 -121.653
vt -5.29145 0.437851
vn -0.707107 0.707106 -2.06963e-16
vt -4.65412 0.437851
f 158/412/152 148/413/142 180/414/176 179/415/176 

vt -3.93206 -3.14442
vn -0.219519 0.689859 -0.689859
v 315.438 38.8127 -122.378
vt -3.90865 -3.162
vn -0.577351 0.57735 -0.57735
vt -3.88524 -3.14442
vn -0.689859 0.689859 -0.219518
vt -3.90865 -3.12019
vn -0.182777 0.966015 -0.182777
f 146/416/177 181/417/178 180/418/179 148/419/180 

vt -1.22199 0.311887
vt -1.22315 0.278213
vn -0.182778 0.182776 -0.966015
v 315.323 38.0872 -122.493
vt -1.18946 0.278213
vn -0.68986 0.219518 -0.689859
vt -1.19308 0.307264
f 146/420/177 136/421/181 182/422/182 181/423/178 

vt -1.22315 1.24858
vt -1.22315 0.0393701
v 315.323 7.37327 -122.493
vt -1.18946 0.0393701
vn -0.707107 -1.14264e-14 -0.707106
vt -1.18946 1.24858
f 136/424/137 145/425/140 183/426/183 182/427/183 

v 316.164 6.53238 -122.493
vt -1.22199 0.954367
vn -0.219519 -0.689859 -0.689859
v 315.438 6.6478 -122.378
vt -1.19308 0.958989
vn -0.577351 -0.57735 -0.57735
vt -1.18946 0.988041
vn -0.68986 -0.219518 -0.689859
vt -1.22315 0.988041
vn -0.182778 -0.182776 -0.966015
f 184/428/184 185/429/185 183/430/186 145/431/187 

vt -3.93206 3.47734
v 316.164 6.37327 -121.653
vt -3.90865 3.4531
vn -0.182777 -0.966015 -0.182777
v 315.323 6.53238 -121.653
vt -3.88524 3.47734
vn -0.689859 -0.689859 -0.219518
vt -3.90865 3.49492
f 184/432/184 186/433/188 187/434/189 185/435/185 

v 377.447 6.53238 -122.493
vt -2.64894 5.23289
v 377.447 6.37327 -121.653
vt -2.64894 5.1992
vn 0.0950038 -0.995477 -3.25375e-14
vt -0.23622 5.1992
vn -1.09088e-15 -1 -3.57761e-14
vt -0.23622 5.23289
vn -5.63702e-16 -0.707106 -0.707107
f 188/436/32 189/437/190 186/438/191 184/439/192 

v 378.288 6.66854 -122.357
vt 1.91442 5.44918
vn 0.707103 -0.694789 -0.131428
v 378.288 6.5352 -121.653
vt 1.89463 5.42904
vt 1.91783 5.40458
vn 0.0950038 -0.995477 -3.25446e-14
vt 1.94144 5.42861
f 190/440/193 191/441/193 189/442/194 188/443/32 

vt 5.22176 0.535215
v 378.441 7.35881 -121.667
vt 5.19439 0.56286
vn 0.982565 -0.182686 -0.034515
v 378.447 7.38819 -121.638
vt 5.19322 0.564033
v 378.441 7.35881 -121.638
vt 5.19325 0.562852
vt 5.19403 0.529875
f 190/444/193 192/445/195 193/446/195 194/447/195 191/448/193 

v 378.447 7.46704 -121.653
vt 4.7102 0.167743
vn 0.98253 -0.0345339 -0.18287
vt 4.70963 0.164637
vt 4.7108 0.16348
vt 4.73863 0.136288
vn 0.707037 -0.131431 -0.694856
v 378.288 7.38819 -122.493
vt 4.7439 0.164637
f 195/449/196 193/450/196 192/451/196 190/452/197 196/453/197 

vt -5.29086 0.0399575
vn -1 0 -0
vt -5.29145 0.0430619
v 378.447 7.38819 -121.667
vt -5.29204 0.0399575
f 193/454/198 195/455/198 197/456/198

vt 5.69459 0.0977638
vn 0.98253 -0.0345339 0.18287
vt 5.69402 0.10087
v 378.288 7.38819 -120.812
vt 5.66032 0.097764
vn 0.707037 -0.131431 0.694856
v 378.288 6.66854 -120.948
vt 5.66559 0.0694143
vt 5.69342 0.096607
f 197/457/199 195/458/199 198/459/200 199/460/200 194/461/199 

vt 5.69898 0.0430619
vn 0.982567 -5.2837e-16 0.18591
v 378.447 15.316 -121.653
vt 5.69898 0.352074
v 378.288 15.316 -120.812
vt 5.66529 0.352074
vn 0.707106 -8.52274e-16 0.707107
vt 5.66529 0.0399575
f 195/462/201 200/463/201 201/464/202 198/465/202 

vt 4.69942 0.352074
vn 0.982567 5.30292e-16 -0.18591
vt 4.69942 0.0430619
vt 4.73311 0.0399575
vn 0.707106 8.54044e-16 -0.707107
v 378.288 15.316 -122.493
vt 4.73311 0.352074
f 200/466/203 195/467/203 196/468/204 202/469/204 

vt -1.64542 0.352074
vt -1.64542 0.0399575
vt -1.61172 0.0393701
vt -1.61172 0.352074
f 202/470/204 196/471/204 144/472/34 143/473/48 

vt -1.62685 1.087
vt -1.62786 1.05818
vt -1.59434 1.05273
vt -1.59315 1.0864
f 196/474/197 190/475/197 188/476/32 144/477/34 

vt -2.64894 1.02973
vt -2.64894 0.996032
vt -0.23622 0.996032
vt -0.23622 1.02973
f 144/478/34 188/479/32 184/480/192 145/481/140 

vt -1.64542 0.524434
vt -1.61172 0.524434
v 378.449 16.3134 -122.493
vt -1.65167 0.563723
vn 0.446149 -0.446149 -0.775823
f 202/482/47 143/483/48 203/484/205

vt -1.57684 0.560099
vt -1.58914 0.626355
vt -1.61678 0.599396
f 143/485/48 142/486/56 203/487/205

vt -2.46259 1.45089
vt -2.52875 1.46366
vt -2.48974 1.42344
f 142/488/56 141/489/139 203/490/205

vt -2.56305 1.42898
v 379.447 16.4751 -122.493
vt -2.56325 1.39529
vn 0.113359 -0.699655 -0.705431
vt -2.52399 1.38881
f 141/491/139 204/492/206 203/493/205

vt -2.72768 1.41435
vt -4.22374 1.41435
v 417.447 16.4751 -122.493
vt -4.22374 1.38066
vn -4.15787e-31 -0.707107 -0.707106
vt -2.72768 1.38066
f 141/494/139 140/495/138 205/496/207 204/497/207 

vt -4.38491 1.3557
vn -0.113357 -0.699655 -0.705431
vt -4.38511 1.3894
v 418.444 16.3134 -122.493
vt -4.42417 1.34923
vn -0.446149 -0.446149 -0.775823
f 205/498/208 140/499/138 206/500/209

vt -4.41792 1.41438
vt -4.48409 1.40162
vt -4.45694 1.37417
f 140/501/138 139/502/53 206/503/209

vt -5.23312 0.577959
vt -5.24541 0.511703
vt -5.20547 0.551001
f 139/504/53 138/505/52 206/506/209

vt -5.21852 0.485528
v 418.606 15.316 -122.493
vt -5.18483 0.485528
vn -0.699654 -0.113358 -0.705432
vt -5.17858 0.524817
f 138/507/52 207/508/210 206/509/209

v 418.606 7.38819 -122.493
vt -5.18483 0.0399575
vn -0.707106 -3.73376e-16 -0.707107
vt -5.18483 0.352074
vt -5.21852 0.352074
vt -5.21852 0.0393701
f 208/510/211 207/511/211 138/512/52 137/513/51 

v 418.447 7.46704 -121.653
vt -5.99176 0.0430619
vn -0.982567 2.61971e-16 -0.18591
v 418.447 15.316 -121.653
vt -5.99176 0.352074
vt -6.02545 0.352074
vt -6.02545 0.0399575
f 209/514/212 210/515/212 207/516/211 208/517/211 

vt -4.40665 0.352074
vn -0.982567 -5.28231e-16 0.18591
vt -4.40665 0.0430619
v 418.606 7.38819 -120.812
vt -4.37295 0.0399575
vn -0.707106 -8.51766e-16 0.707107
v 418.606 15.316 -120.812
vt -4.37295 0.352074
f 210/518/213 209/519/213 211/520/214 212/521/214 

v 418.447 7.38819 -121.667
vt -4.41472 -0.139243
vn -0.982244 -0.0346822 0.184374
v 418.453 7.35881 -121.638
vt -4.41354 -0.1404
v 418.447 7.38819 -121.638
vt -4.41356 -0.139236
v 418.606 6.66854 -120.948
vt -4.38571 -0.167591
vn -0.706495 -0.131453 0.695403
vt -4.38045 -0.139241
vt -4.41414 -0.136137
f 213/522/215 214/523/215 215/524/215 216/525/216 211/526/216 209/527/215 

vt -5.43719 -0.703952
vn -0.982619 -0.182397 -0.0345006
v 418.606 6.66854 -122.357
vt -5.46573 -0.73277
vn -0.707206 -0.694683 -0.131433
v 418.606 6.5352 -121.653
vt -5.438 -0.738109
vt -5.43722 -0.705133
f 215/528/217 217/529/218 218/530/218 214/531/217 

vt -6.01685 -0.0995294
vn -0.706357 -0.131385 -0.695556
vt -5.98785 -0.0711818
vn -0.982171 -0.0346004 -0.18478
vt -5.989 -0.0711743
vt -5.98843 -0.0680755
vt -6.02212 -0.0711793
f 217/532/219 215/533/220 213/534/220 209/535/220 208/536/219 

vt -5.98093 -0.0715031
vn -0.995632 -0.0173569 -0.091735
vt -5.98151 -0.0683968
vt -5.98209 -0.0714957
vn -0.982567 -0.0345621 -0.182669
f 215/537/221 209/538/221 213/539/222

f 209/455/221 213/456/198 215/454/221

vt -5.19816 0.818076
vt -5.19918 0.846893
vt -5.23287 0.846296
v 419.447 6.53238 -122.493
vt -5.23168 0.812623
vn -0.112768 -0.702596 -0.702597
f 217/540/219 208/541/219 137/542/51 219/543/223 

vt -4.30248 0.996032
vt -4.30248 1.02973
vt -6.71521 1.02973
v 480.73 6.53238 -122.493
vt -6.71521 0.996032
vn -1.19039e-15 -0.707106 -0.707107
f 219/544/223 137/545/51 134/546/135 220/547/224 

vt -5.64078 1.22425
vt -5.63716 1.1952
vt -5.60825 1.19058
vn 0.219519 -0.689859 -0.689859
vt -5.60709 1.22425
vn 0.182778 -0.182776 -0.966015
f 131/548/130 132/549/133 220/550/225 134/551/226 

vt -1.03016 8.22569
vt -1.00675 8.20145
vn 0.182777 -0.966015 -0.182777
vt -0.983339 8.22569
vt -1.00675 8.24327
f 130/552/132 128/553/227 220/554/225 132/555/133 

vt -6.71521 5.1992
vn -6.04767e-16 -0.995632 -0.0933626
vt -6.67584 5.1992
vn -7.65226e-16 -1 -4.53055e-15
v 419.447 6.37327 -121.653
vt -4.30248 5.1992
vn -0.095004 -0.995477 2.07479e-07
vt -4.30248 5.23289
vt -6.71521 5.23289
f 128/556/228 70/557/229 221/558/230 219/559/223 220/560/224 

vt -6.67584 3.49218
vn 0 -1 5.28115e-16
vt -6.67584 5.29145
f 126/313/123 71/561/231 70/562/229 128/311/228 

vt -6.6821 3.45907
f 114/563/122 71/561/231 126/313/123

v 419.447 6.53238 -120.812
vt 4.30248 -5.16551
vn -0.112769 -0.702596 0.702597
vt 4.30248 -5.1992
vt 6.67584 -5.1992
vt 6.67584 -5.16551
vn -9.2994e-16 -0.707106 0.707107
f 222/564/232 221/565/230 70/566/229 69/567/233 

vt -0.758926 -6.54328
vt -0.735311 -6.51924
vt -0.762338 -6.49867
vn -0.706893 -0.69499 0.131498
vt -0.782129 -6.51882
f 221/568/230 222/569/232 216/570/234 218/571/234 

vt 3.19806 -1.05138
vt 3.19704 -1.0802
vt 3.23056 -1.08565
v 419.447 7.37327 -120.653
vt 3.23175 -1.05198
vn -0.093768 -0.0929506 0.991246
f 211/572/216 216/573/216 222/574/232 223/575/235 

vt 4.30248 -0.937719
vt 4.30248 -0.971413
vt 6.67584 -0.971413
vt 6.67584 -0.937719
vn -2.37013e-16 -0.0933618 0.995632
f 223/576/235 222/577/232 69/578/233 68/579/236 

v 377.765 16.9977 -120.653
vt 2.66147 0.418286
vn 0.076546 -0.076546 0.994123
v 379.447 17.316 -120.653
vt 2.72768 0.430814
vn 0.016655 -0.141364 0.989818
v 417.447 17.316 -120.653
vt 4.22374 0.430814
vn -0.0166549 -0.141364 0.989818
v 419.129 16.9978 -120.653
vt 4.28996 0.418287
vn -0.076546 -0.076546 0.994123
v 419.447 15.316 -120.653
vt 4.30248 0.352074
vn -0.141364 -0.016655 0.989818
vt 4.30248 0.0393701
vt 6.67584 0.0393701
vt 6.67584 1.16984
vn -1.45742e-24 3.82822e-16 1
v 317.164 36.0872 -120.653
vt 0.275591 1.16984
v 317.164 7.37327 -120.653
vt 0.275591 0.0393701
vn 1.27705e-16 -0.0933618 0.995632
v 377.447 7.37327 -120.653
vt 2.64894 0.0393701
vn 0.0937677 -0.0929504 0.991246
v 377.447 15.316 -120.653
vt 2.64894 0.352074
vn 0.141364 -0.0166549 0.989818
f 224/580/237 225/581/238 226/582/239 227/583/240 228/584/241 223/585/235 68/586/236 67/587/242 229/588/242 230/589/243 231/590/244 232/591/245 

vt 2.91997 -0.564262
vt 2.85381 -0.577026
v 378.449 16.3134 -120.812
vt 2.88096 -0.604477
vn 0.446149 -0.446149 0.775824
f 225/592/238 224/593/237 233/594/246

vt 3.61978 0.24953
vt 3.60749 0.183274
vt 3.64742 0.222571
f 224/595/237 232/596/245 233/597/246

vt 3.57917 0.211375
vt 3.61286 0.211375
vt 3.61911 0.250665
f 232/598/245 201/599/42 233/600/246

vt 3.61286 0.0399575
vt 3.61286 0.352074
vt 3.57917 0.352074
vt 3.57917 0.0393701
f 198/601/202 201/602/202 232/603/245 231/604/244 

vt 3.62897 -0.840091
vt 3.62796 -0.811274
vt 3.59427 -0.811871
v 377.447 6.53238 -120.812
vt 3.59545 -0.845544
f 199/605/200 198/606/200 231/607/244 234/608/19 

vt 2.64894 -0.971413
vt 2.64894 -0.937719
vt 0.275591 -0.937719
v 317.005 6.53238 -120.812
vt 0.269327 -0.971413
vn -3.91156e-16 -0.707106 0.707107
f 234/609/19 231/610/244 230/611/243 235/612/247 

v 317.005 6.53238 -101.443
vt 4.4958 0.0562247
vn 0.707107 -0.707106 2.9773e-16
vt 5.25834 0.0562247
vt 5.25208 0.0899182
vn 0.995632 -0.0933618 -1.86684e-14
v 317.164 7.37327 -101.443
vt 4.4958 0.0899182
f 236/613/248 235/614/248 230/615/249 237/616/249 

v 316.164 6.37327 -101.443
vt 4.4958 0.232102
vn 0.18591 -0.982567 -7.80566e-17
v 316.164 6.37327 -105.464
vt 4.65412 0.232102
vt 5.29145 0.232102
vt 5.25834 0.265796
vt 4.4958 0.265796
f 238/617/250 239/618/250 186/619/250 235/620/248 236/621/248 

vt -5.29145 -0.232102
vn -0.18591 -0.982567 -1.36958e-15
vt -4.65412 -0.232102
v 315.323 6.53238 -105.464
vt -4.65412 -0.198409
vn -0.707107 -0.707106 -8.48502e-16
vt -5.29145 -0.198409
f 186/622/251 239/623/251 240/624/252 187/625/252 

vt -4.64378 0.36534
vn -0.702717 -0.706122 -0.0870684
vt -4.64785 0.331893
vn -0.186995 -0.982064 -0.0241464
v 315.197 6.53238 -104.448
vt -4.60346 0.36534
vn -0.616336 -0.726879 -0.302946
f 240/626/253 239/627/254 241/628/255

vt -4.64416 0.37831
v 315.976 6.37327 -104.065
vt -4.58858 0.37831
vn -0.108208 -0.992705 -0.053187
vt -4.59943 0.41131
f 239/629/254 242/630/256 241/631/255

vt -3.42981 3.01658
v 314.983 6.37327 -103.062
vt -3.37423 3.01658
vn -0.095381 -0.990014 -0.103803
vt -3.41896 3.04958
f 242/632/256 243/633/257 241/634/255

vt -0.228823 4.59904
v 315.611 6.37327 -96.6305
vt -0.214468 4.30633
vn 5.8584e-15 -1 -1.23749e-15
vt -0.189727 4.55953
f 242/635/256 244/636/258 243/637/257

v 315.688 6.37327 -97.4242
vt -0.217493 4.33758
f 244/636/258 242/635/256 245/638/258

v 315.968 6.37327 -98.1709
vt -0.228501 4.36697
f 245/638/258 242/635/256 246/639/258

vt -0.23622 4.4958
f 246/639/258 242/635/256 238/640/258

v 316.431 6.37327 -98.8198
vt -0.246743 4.39252
f 246/639/258 238/640/258 247/641/258

v 317.047 6.37327 -99.3266
vt -0.270975 4.41248
f 247/641/258 238/640/258 248/642/258

v 317.772 6.37327 -99.6569
vt -0.299546 4.42548
f 248/642/258 238/640/258 249/643/258

v 324.664 6.37327 -101.443
vt -0.570866 4.4958
f 249/643/258 238/640/258 250/644/258

vt -0.23622 7.99016e-14
vn 4.43206e-14 -1.6439e-14 -1
vt -0.269327 0.00626396
v 317.164 26.0872 -101.443
vt -0.275591 0.776139
v 317.164 36.0872 -101.443
v 324.664 36.0872 -101.443
vt -0.570866 1.16984
vt -0.570866 8.12338e-14
f 238/645/259 236/646/259 237/139/259 251/647/259 252/140/259 253/648/259 250/649/259 

vt 5.25208 0.0393701
vt 5.25208 1.16984
vn 1 2.15587e-15 -3.77438e-14
vt 4.4958 1.16984
vt 4.4958 0.776139
vt 4.4958 0.0393701
f 230/650/249 229/651/260 252/652/260 251/653/260 237/654/249 

vt -6.67584 5.25208
vt -0.275591 4.4958
vt -0.275591 5.25208
f 67/655/6 252/656/6 229/657/6

f 252/656/6 67/655/6 253/644/6

v 324.664 36.0872 -91.2356
vt -0.570866 4.09393
f 253/644/6 67/655/6 254/658/6

v 381.872 36.0872 -72.3131
vt -2.82315 3.34895
f 254/658/6 67/655/6 255/659/6

v 382.391 36.0872 -72.5279
vt -2.84357 3.35741
f 255/659/6 67/655/6 256/660/6

v 382.947 36.0872 -72.6011
vt -2.86548 3.36029
f 256/660/6 67/655/6 257/661/6

v 383.503 36.0872 -72.5279
vt -2.88738 3.35741
f 257/661/6 67/655/6 258/662/6

v 384.022 36.0872 -72.3131
vt -2.9078 3.34895
f 258/662/6 67/655/6 259/663/6

v 384.467 36.0872 -71.9714
vt -2.92533 3.3355
f 259/663/6 67/655/6 260/664/6

v 384.809 36.0872 -71.5261
vt -2.93878 3.31797
f 260/664/6 67/655/6 261/665/6

v 385.024 36.0872 -71.0076
vt -2.94724 3.29755
f 261/665/6 67/655/6 262/666/6

v 385.097 36.0872 -70.4511
vt -2.95012 3.27565
f 262/666/6 67/655/6 263/667/6

v 390.697 36.0872 -68.3745
vt -3.1706 3.19389
f 263/667/6 67/655/6 264/668/6

v 394.435 36.0872 -69.923
vt -3.31777 3.25485
f 264/668/6 67/655/6 265/669/6

v 396.441 36.0872 -70.187
vt -3.39674 3.26525
f 265/669/6 67/655/6 266/670/6

v 400.453 36.0872 -70.187
vt -3.55468 3.26525
f 266/670/6 67/655/6 267/671/6

v 402.459 36.0872 -69.923
vt -3.63365 3.25485
f 267/671/6 67/655/6 268/672/6

v 406.197 36.0872 -68.3745
vt -3.78083 3.19389
f 268/672/6 67/655/6 269/673/6

v 412.872 36.0872 -72.3131
vt -4.04363 3.34895
f 269/673/6 67/655/6 270/674/6

v 413.391 36.0872 -72.5279
vt -4.06404 3.35741
f 270/674/6 67/655/6 271/675/6

v 413.947 36.0872 -72.6011
vt -4.08595 3.36029
f 271/675/6 67/655/6 272/676/6

v 463.074 36.0872 -108.379
vt -6.02007 4.76887
f 272/676/6 67/655/6 273/677/6

v 464.392 36.0872 -109.3
vt -6.07197 4.80512
f 273/677/6 67/655/6 274/678/6

v 465.904 36.0872 -109.848
vt -6.13149 4.82671
f 274/678/6 67/655/6 275/679/6

v 467.506 36.0872 -109.986
vt -6.19457 4.83215
f 275/679/6 67/655/6 276/680/6

v 469.089 36.0872 -109.705
vt -6.2569 4.82109
f 276/680/6 67/655/6 277/681/6

v 470.546 36.0872 -109.024
vt -6.31425 4.79427
f 277/681/6 67/655/6 278/682/6

v 471.776 36.0872 -107.989
vt -6.3627 4.75352
f 278/682/6 67/655/6 279/683/6

v 472.697 36.0872 -106.671
vt -6.39896 4.70162
f 279/683/6 67/655/6 280/684/6

v 473.246 36.0872 -105.159
vt -6.42054 4.6421
f 280/684/6 67/655/6 281/685/6

v 473.384 36.0872 -103.557
vt -6.42599 4.57902
f 281/685/6 67/655/6 282/686/6

f 19/23/6 282/686/6 67/655/6

v 473.103 36.0872 -101.974
vt -6.41492 4.51669
f 19/23/6 283/687/6 282/686/6

v 472.422 36.0872 -100.517
vt -6.3881 4.45934
f 19/23/6 284/688/6 283/687/6

v 471.387 36.0872 -99.2862
vt -6.34735 4.41089
f 19/23/6 285/689/6 284/688/6

v 470.068 36.0872 -98.3654
vt -6.29545 4.37463
f 19/23/6 286/690/6 285/689/6

v 468.556 36.0872 -97.8171
vt -6.23593 4.35305
f 19/23/6 287/691/6 286/690/6

v 466.954 36.0872 -97.6788
vt -6.17285 4.3476
f 19/23/6 288/692/6 287/691/6

v 465.371 36.0872 -97.9599
vt -6.11052 4.35867
f 19/23/6 289/693/6 288/692/6

v 465.31 36.0872 -0.220045
vt -6.10812 0.510642
f 19/23/6 290/694/6 289/693/6

v 465.089 36.0872 1.45686
vt -6.09943 0.444623
f 19/23/6 291/695/6 290/694/6

v 464.442 36.0872 3.01949
vt -6.07395 0.383102
f 19/23/6 292/696/6 291/695/6

v 463.412 36.0872 4.36135
vt -6.03341 0.330273
f 19/23/6 293/697/6 292/696/6

v 462.071 36.0872 5.39099
vt -5.98058 0.289735
f 19/23/6 294/698/6 293/697/6

v 460.508 36.0872 6.03825
vt -5.91906 0.264253
f 19/23/6 295/699/6 294/698/6

v 458.831 36.0872 6.25902
vt -5.85304 0.255561
f 19/23/6 296/700/6 295/699/6

f 19/23/6 18/22/6 296/700/6

v 458.831 6.37327 6.25902
vt 5.76961 5.19236e-15
vn -1.39975e-17 -9.49593e-17 1
vt 5.76961 1.16984
vt 5.70302 1.16984
vn -0.258819 6.94541e-16 0.965926
v 457.154 6.37327 6.03825
vt 5.70302 4.30418e-15
f 297/701/261 296/702/261 18/703/262 298/704/262 

v 460.508 6.37327 6.03825
vt 5.90291 2.91495e-15
vn 0.258819 2.95e-16 0.965926
vt 5.90291 1.16984
vt 5.83632 1.16984
vt 5.83632 5.1354e-15
f 299/705/263 295/706/263 296/707/261 297/708/261 

v 462.071 6.37327 5.39099
vt 5.63621 9.35289e-16
vn 0.5 1.43663e-15 0.866025
vt 5.63621 1.16984
vt 5.56962 1.16984
vt 5.56962 4.91199e-16
f 300/709/264 294/710/264 295/711/263 299/712/263 

v 463.412 6.37327 4.36135
vt 4.98768 -1.60761e-15
vn 0.707107 2.08019e-15 0.707107
vt 4.98768 1.16984
vt 4.92109 1.16984
vt 4.92109 -2.93988e-15
f 301/713/265 293/714/265 294/715/264 300/716/264 

v 464.442 6.37327 3.01949
vt 4.00152 -6.78613e-15
vn 0.866025 2.58306e-15 0.5
vt 4.00152 1.16984
vt 3.93493 1.16984
vt 3.93493 -6.34204e-15
f 302/717/266 292/718/266 293/719/265 301/720/265 

v 465.089 6.37327 1.45686
vt 2.74493 -1.29199e-14
vn 0.965926 2.90953e-15 0.258819
vt 2.74493 1.16984
vt 2.67834 1.16984
vt 2.67834 -1.11435e-14
f 303/721/267 291/722/267 292/723/266 302/724/266 

v 465.31 6.37327 -0.220045
vt 1.30354 -1.52963e-14
vn 1 3.03709e-15 -1.09181e-15
vt 1.30354 1.16984
vt 1.23695 1.16984
vt 1.23695 -1.57403e-14
f 304/725/268 290/726/268 291/727/267 303/728/267 

v 465.089 6.37327 -1.89695
vt -0.224407 -1.62901e-14
vn 0.965926 2.9581e-15 -0.258819
v 465.089 36.0872 -1.89695
vt -0.224407 1.16984
vt -0.290996 1.16984
vt -0.290996 -1.5846e-14
f 305/729/269 306/730/269 290/731/268 304/732/268 

v 464.442 6.37327 -3.45958
vt -1.73479 -1.26467e-14
vn 0.866025 2.67764e-15 -0.5
v 464.442 36.0872 -3.45958
vt -1.73479 1.16984
vt -1.80138 1.16984
vt -1.80138 -1.44231e-14
f 307/733/270 308/734/270 306/735/269 305/736/269 

v 463.412 6.37327 -4.80144
vt -3.12469 -8.40675e-15
vn 0.707107 2.21464e-15 -0.707107
v 463.412 36.0872 -4.80144
vt -3.12469 1.16984
vt -3.19128 1.16984
vt -3.19128 -8.85084e-15
f 309/737/271 310/738/271 308/739/270 307/740/270 

v 462.071 6.37327 -5.83108
vt -4.29938 -5.01341e-15
vn 0.5 1.6007e-15 -0.866025
v 462.071 36.0872 -5.83108
vt -4.29938 1.16984
vt -4.36596 1.16984
vt -4.36596 -3.68114e-15
f 311/741/272 312/742/272 310/743/271 309/744/271 

v 460.508 6.37327 -6.47834
vt -5.1788 -1.04076e-15
vn 0.258819 4.78068e-16 -0.965926
v 460.508 36.0872 -6.47834
vt -5.1788 1.16984
vt -5.24538 1.16984
vt -5.24538 -5.96674e-16
f 313/745/273 314/746/273 312/747/272 311/748/272 

v 458.831 6.37327 -6.69911
vt -5.70302 5.34485e-15
vn -2.79951e-17 9.51786e-17 -1
v 458.831 36.0872 -6.69911
vt -5.70302 1.16984
vt -5.76961 1.16984
vt -5.76961 3.1244e-15
f 315/749/274 316/750/274 314/751/273 313/752/273 

v 457.154 6.37327 -6.47834
vt -5.83632 3.99916e-15
vn -0.258819 8.77905e-16 -0.965926
v 457.154 36.0872 -6.47834
vt -5.83632 1.16984
vt -5.90291 1.16984
vt -5.90291 4.88734e-15
f 317/753/275 318/754/275 316/755/274 315/756/274 

v 455.592 6.37327 -5.83108
vt -5.56962 5.00282e-15
vn -0.5 1.60088e-15 -0.866025
v 455.592 36.0872 -5.83108
vt -5.56962 1.16984
vt -5.63621 1.16984
vt -5.63621 5.891e-15
f 319/757/276 320/758/276 318/759/275 317/760/275 

v 454.25 6.37327 -4.80144
vt -4.92109 6.47822e-15
vn -0.707107 3.42957e-15 -0.707107
v 454.25 36.0872 -4.80144
vt -4.92109 1.16984
vt -4.98768 1.16984
vt -4.98768 8.69866e-15
f 321/761/277 322/762/277 320/763/276 319/764/276 

v 453.22 6.37327 -3.45958
vt -3.93493 2.38908e-14
vn -0.866025 6.72179e-15 -0.5
v 453.22 36.0872 -3.45958
vt -3.93493 1.16984
vt -4.00152 1.16984
vt -4.00152 2.07821e-14
f 323/765/278 324/766/278 322/767/277 321/768/277 

v 452.573 6.37327 -1.89695
vt -2.67834 4.59135e-14
vn -0.965926 5.78756e-15 -0.258819
v 452.573 36.0872 -1.89695
vt -2.67834 1.16984
vt -2.74493 1.16984
vt -2.74493 4.59135e-14
f 325/769/279 326/770/279 324/771/278 323/772/278 

v 452.352 6.37327 -0.220045
vt -1.23695 2.01332e-14
vn -1 3.0375e-15 -2.37958e-16
v 452.352 36.0872 -0.220045
vt -1.23695 1.16984
vt -1.30354 1.16984
vt -1.30354 2.05773e-14
f 327/773/280 328/774/280 326/775/279 325/776/279 

v 452.573 6.37327 1.45686
vt 0.290996 2.08428e-14
vn -0.965926 5.73998e-15 0.258819
v 452.573 36.0872 1.45686
vt 0.290996 1.16984
vt 0.224407 1.16984
vt 0.224407 2.03988e-14
f 329/777/281 330/778/281 328/779/280 327/780/280 

v 453.22 6.37327 3.01949
vt 1.80138 4.88432e-14
vn -0.866025 6.62858e-15 0.5
v 453.22 36.0872 3.01949
vt 1.80138 1.16984
vt 1.73479 1.16984
vt 1.73479 4.88432e-14
f 331/781/282 332/782/282 330/783/281 329/784/281 

v 454.25 6.37327 4.36135
vt 3.19128 2.32732e-14
vn -0.707107 3.29501e-15 0.707107
v 454.25 36.0872 4.36135
vt 3.19128 1.16984
vt 3.12469 1.16984
vt 3.12469 2.63818e-14
f 333/785/283 334/786/283 332/787/282 331/788/282 

v 455.592 6.37327 5.39099
vt 4.36596 9.69357e-15
vn -0.5 1.436e-15 0.866025
vt 4.36596 1.16984
vt 4.29938 1.16984
vt 4.29938 7.47312e-15
f 335/789/284 8/790/284 334/791/283 333/792/283 

vt 5.24538 6.64009e-15
vt 5.24538 1.16984
vt 5.1788 1.16984
vt 5.1788 5.75191e-15
f 298/793/262 18/794/262 8/795/284 335/796/284 

vn 4.84391e-18 -1 -2.60256e-32
v 455.881 6.37327 0.570469
vt -5.73689 0.47952
f 335/12/285 336/797/285 298/22/285

v 455.777 6.37327 -0.220045
vt -5.73279 0.510642
f 336/797/285 335/12/285 337/798/285

vt -5.7255 0.731549
f 335/12/285 319/799/285 337/798/285

vt -5.67267 0.330273
f 333/800/285 319/799/285 335/12/285

vt -5.67267 0.691012
f 333/800/285 321/801/285 319/799/285

vt -5.63213 0.383102
f 331/802/285 321/801/285 333/800/285

vt -5.63213 0.638183
f 331/802/285 323/803/285 321/801/285

vt -5.60665 0.444623
f 329/804/285 323/803/285 331/802/285

vt -5.60665 0.576662
f 329/804/285 325/805/285 323/803/285

vt -5.59796 0.510642
f 325/805/285 329/804/285 327/806/285

v 455.881 6.37327 -1.01056
vt -5.73689 0.541765
f 337/798/285 319/799/285 338/807/285

vt -5.78702 0.757032
f 338/807/285 319/799/285 317/808/285

v 456.186 6.37327 -1.7472
vt -5.7489 0.570767
f 338/807/285 317/808/285 339/809/285

v 456.671 6.37327 -2.37977
vt -5.76801 0.595671
f 339/809/285 317/808/285 340/810/285

v 457.304 6.37327 -2.86516
vt -5.79292 0.614781
f 340/810/285 317/808/285 341/811/285

vt -5.85304 0.765724
f 341/811/285 317/808/285 315/812/285

v 458.041 6.37327 -3.17029
vt -5.82192 0.626794
f 341/811/285 315/812/285 342/813/285

v 458.831 6.37327 -3.27436
vt -5.85304 0.630891
f 342/813/285 315/812/285 343/814/285

vt -5.91906 0.757032
f 343/814/285 315/812/285 313/815/285

v 459.622 6.37327 -3.17029
vt -5.88416 0.626794
f 343/814/285 313/815/285 344/816/285

v 460.358 6.37327 -2.86516
vt -5.91316 0.614781
f 344/816/285 313/815/285 345/817/285

v 460.991 6.37327 -2.37977
vt -5.93807 0.595671
f 345/817/285 313/815/285 346/818/285

vt -5.98058 0.731549
f 346/818/285 313/815/285 311/819/285

v 461.476 6.37327 -1.7472
vt -5.95718 0.570767
f 346/818/285 311/819/285 347/820/285

v 461.781 6.37327 -1.01056
vt -5.96919 0.541765
f 347/820/285 311/819/285 348/821/285

v 461.885 6.37327 -0.220045
vt -5.97329 0.510642
f 348/821/285 311/819/285 349/822/285

f 300/698/285 349/822/285 311/819/285

v 461.781 6.37327 0.570469
vt -5.96919 0.47952
f 300/698/285 350/823/285 349/822/285

v 461.476 6.37327 1.30711
vt -5.95718 0.450518
f 300/698/285 351/824/285 350/823/285

v 460.991 6.37327 1.93968
vt -5.93807 0.425614
f 300/698/285 352/825/285 351/824/285

f 299/699/285 352/825/285 300/698/285

v 460.358 6.37327 2.42507
vt -5.91316 0.406504
f 299/699/285 353/826/285 352/825/285

v 459.622 6.37327 2.7302
vt -5.88416 0.394491
f 299/699/285 354/827/285 353/826/285

f 297/700/285 354/827/285 299/699/285

v 458.831 6.37327 2.83427
vt -5.85304 0.390394
f 297/700/285 355/828/285 354/827/285

v 458.041 6.37327 2.7302
vt -5.82192 0.394491
f 297/700/285 356/829/285 355/828/285

v 457.304 6.37327 2.42507
vt -5.79292 0.406504
f 297/700/285 357/830/285 356/829/285

f 298/22/285 357/830/285 297/700/285

v 456.671 6.37327 1.93968
vt -5.76801 0.425614
f 298/22/285 358/831/285 357/830/285

v 456.186 6.37327 1.30711
vt -5.7489 0.450518
f 298/22/285 359/832/285 358/831/285

f 298/22/285 336/797/285 359/832/285

vt -1.78379 3.87756
vn 0.653281 -0.707107 -0.270598
vt -1.75239 3.87756
v 456.368 6.87327 0.439943
vt -1.75499 3.9054
v 456.623 6.87327 1.05495
vt -1.78119 3.9054
f 359/833/286 336/834/286 360/835/286 361/836/286 

vt -0.273397 4.06615
vn 0.701057 -0.707107 -0.092296
vt -0.242006 4.06615
v 456.281 6.87327 -0.220045
vt -0.244597 4.09399
vt -0.270805 4.09399
f 336/837/287 337/838/287 362/839/287 360/840/287 

vt 1.25455 3.97189
vn 0.701057 -0.707107 0.092296
vt 1.28594 3.97189
v 456.368 6.87327 -0.880034
vt 1.28335 3.99972
vt 1.25714 3.99972
f 337/841/288 338/842/288 363/843/288 362/844/288 

vt 2.69594 3.6012
vn 0.653281 -0.707107 0.270598
vt 2.72733 3.6012
v 456.623 6.87327 -1.49505
vt 2.72474 3.62904
vt 2.69853 3.62904
f 338/845/289 339/846/289 364/847/289 363/848/289 

vt 3.95253 2.97936
vn 0.560986 -0.707107 0.430459
vt 3.98392 2.97936
v 457.028 6.87327 -2.02317
vt 3.98133 3.0072
vt 3.95512 3.0072
f 339/849/290 340/850/290 365/851/290 364/852/290 

vt 4.93869 2.14873
vn 0.430459 -0.707107 0.560986
vt 4.97008 2.14873
v 457.556 6.87327 -2.42841
vt 4.96749 2.17657
vt 4.94128 2.17657
f 340/853/291 341/854/291 366/855/291 365/856/291 

vt 5.58722 1.16593
vn 0.270598 -0.707107 0.653281
vt 5.61861 1.16593
v 458.171 6.87327 -2.68316
vt 5.61602 1.19377
vt 5.58981 1.19377
f 341/857/292 342/858/292 367/859/292 366/860/292 

vt 5.85392 0.0979212
vn 0.092296 -0.707107 0.701057
vt 5.88531 0.0979212
v 458.831 6.87327 -2.77005
vt 5.88272 0.12576
vt 5.85652 0.12576
f 342/861/293 343/862/293 368/863/293 367/864/293 

vt 5.72062 -0.982503
vn -0.092296 -0.707107 0.701057
vt 5.75201 -0.982503
v 459.491 6.87327 -2.68316
vt 5.74942 -0.954664
vt 5.72321 -0.954664
f 343/865/294 344/866/294 369/867/294 368/868/294 

vt 5.19639 -2.00172
vn -0.270598 -0.707107 0.653281
vt 5.22779 -2.00172
v 460.106 6.87327 -2.42841
vt 5.22519 -1.97388
vt 5.19899 -1.97388
f 344/869/295 345/870/295 370/871/295 369/872/295 

vt 4.31697 -2.89026
vn -0.430459 -0.707107 0.560986
vt 4.34837 -2.89026
v 460.634 6.87327 -2.02317
vt 4.34577 -2.86242
vt 4.31957 -2.86242
f 345/873/296 346/874/296 371/875/296 370/876/296 

vt 3.14229 -3.58758
vn -0.560986 -0.707107 0.430459
vt 3.17368 -3.58758
v 461.039 6.87327 -1.49505
vt 3.17109 -3.55974
vt 3.14488 -3.55974
f 346/877/297 347/878/297 372/879/297 371/880/297 

vt 1.75239 -4.04616
vn -0.653281 -0.707107 0.270598
vt 1.78379 -4.04616
v 461.294 6.87327 -0.880034
vt 1.78119 -4.01832
vt 1.75499 -4.01832
f 347/881/298 348/882/298 373/883/298 372/884/298 

vt 0.242006 -4.23475
vn -0.701057 -0.707107 0.092296
vt 0.273397 -4.23475
v 461.381 6.87327 -0.220045
vt 0.270805 -4.20691
vt 0.244597 -4.20691
f 348/885/299 349/886/299 374/887/299 373/888/299 

vt -1.28594 -4.14049
vn -0.701057 -0.707107 -0.092296
vt -1.25455 -4.14049
v 461.294 6.87327 0.439943
vt -1.25714 -4.11265
vt -1.28335 -4.11265
f 349/889/300 350/890/300 375/891/300 374/892/300 

vt -2.72733 -3.76981
vn -0.653281 -0.707107 -0.270598
vt -2.69594 -3.76981
v 461.039 6.87327 1.05495
vt -2.69853 -3.74197
vt -2.72474 -3.74197
f 350/893/301 351/894/301 376/895/301 375/896/301 

vt -3.98392 -3.14796
vn -0.560986 -0.707107 -0.430459
vt -3.95253 -3.14796
v 460.634 6.87327 1.58308
vt -3.95512 -3.12012
vt -3.98133 -3.12012
f 351/897/302 352/898/302 377/899/302 376/900/302 

vt -4.97008 -2.31733
vn -0.430459 -0.707107 -0.560986
vt -4.93869 -2.31733
v 460.106 6.87327 1.98832
vt -4.94128 -2.2895
vt -4.96749 -2.2895
f 352/901/303 353/902/303 378/903/303 377/904/303 

vt -5.61861 -1.33453
vn -0.270598 -0.707107 -0.653281
vt -5.58722 -1.33453
v 459.491 6.87327 2.24307
vt -5.58981 -1.30669
vt -5.61602 -1.30669
f 353/905/304 354/906/304 379/907/304 378/908/304 

vt -5.88531 -0.266524
vn -0.092296 -0.707107 -0.701057
vt -5.85392 -0.266524
v 458.831 6.87327 2.32995
vt -5.85652 -0.238685
vt -5.88272 -0.238685
f 354/909/305 355/910/305 380/911/305 379/912/305 

vt -5.75201 0.8139
vn 0.092296 -0.707107 -0.701057
vt -5.72062 0.8139
v 458.171 6.87327 2.24307
vt -5.72321 0.841739
vt -5.74942 0.841739
f 355/913/306 356/914/306 381/915/306 380/916/306 

vt -5.22779 1.83311
vn 0.270598 -0.707107 -0.653281
vt -5.19639 1.83311
v 457.556 6.87327 1.98832
vt -5.19899 1.86095
vt -5.22519 1.86095
f 356/917/307 357/918/307 382/919/307 381/920/307 

vt -4.34837 2.72166
vn 0.430459 -0.707107 -0.560986
vt -4.31697 2.72166
v 457.028 6.87327 1.58308
vt -4.31957 2.7495
vt -4.34577 2.7495
f 357/921/308 358/922/308 383/923/308 382/924/308 

vt -3.17368 3.41898
vn 0.560986 -0.707107 -0.430459
vt -3.14229 3.41898
vt -3.14488 3.44682
vt -3.17109 3.44682
f 358/925/309 359/926/309 361/927/309 383/928/309 

v 457.028 26.0872 1.58308
vt -3.17109 0.776139
vn 0.707107 6.20439e-15 -0.707107
vt -3.17109 0.019685
vt -3.14488 0.019685
vn 0.866025 1.87895e-15 -0.5
v 456.623 26.0872 1.05495
vt -3.14488 0.776139
f 384/929/310 383/930/310 361/931/311 385/932/311 

v 457.556 26.0872 1.98832
vt -4.34577 0.776139
vn 0.5 7.04463e-15 -0.866025
vt -4.34577 0.019685
vt -4.31957 0.019685
vt -4.31957 0.776139
f 386/933/312 382/934/312 383/935/310 384/936/310 

v 458.171 26.0872 2.24307
vt -5.22519 0.776139
vn 0.258819 3.02861e-15 -0.965926
vt -5.22519 0.019685
vt -5.19899 0.019685
vt -5.19899 0.776139
f 387/937/313 381/938/313 382/939/312 386/940/312 

v 458.831 26.0872 2.32995
vt -5.74942 0.776139
vn -8.86044e-15 3.09141e-16 -1
vt -5.74942 0.019685
vt -5.72321 0.019685
vt -5.72321 0.776139
f 388/941/314 380/942/314 381/943/313 387/944/313 

v 459.491 26.0872 2.24307
vt -5.88272 0.776139
vn -0.258819 -3.22597e-19 -0.965926
vt -5.88272 0.019685
vt -5.85652 0.019685
vt -5.85652 0.776139
f 389/945/315 379/946/315 380/947/314 388/948/314 

v 460.106 26.0872 1.98832
vt -5.61602 0.776139
vn -0.5 -1.4423e-15 -0.866025
vt -5.61602 0.019685
vt -5.58981 0.019685
vt -5.58981 0.776139
f 390/949/316 378/950/316 379/951/315 389/952/315 

v 460.634 26.0872 1.58308
vt -4.96749 0.776139
vn -0.707107 -5.19994e-15 -0.707107
vt -4.96749 0.019685
vt -4.94128 0.019685
vt -4.94128 0.776139
f 391/953/317 377/954/317 378/955/316 390/956/316 

v 461.039 26.0872 1.05495
vt -3.98133 0.776139
vn -0.866025 -8.13415e-15 -0.5
vt -3.98133 0.019685
vt -3.95512 0.019685
vt -3.95512 0.776139
f 392/957/318 376/958/318 377/959/317 391/960/317 

v 461.294 26.0872 0.439943
vt -2.72474 0.776139
vn -0.965926 -9.07277e-15 -0.258819
vt -2.72474 0.019685
vt -2.69853 0.019685
vt -2.69853 0.776139
f 393/961/319 375/962/319 376/963/318 392/964/318 

v 461.381 26.0872 -0.220045
vt -1.28335 0.776139
vn -1 -9.39303e-15 2.49156e-15
vt -1.28335 0.019685
vt -1.25714 0.019685
vt -1.25714 0.776139
f 394/965/320 374/966/320 375/967/319 393/968/319 

v 461.294 26.0872 -0.880034
vt 0.244597 0.776139
vn -0.965926 -9.07306e-15 0.258819
vt 0.244597 0.019685
vt 0.270805 0.019685
vt 0.270805 0.776139
f 395/969/321 373/970/321 374/971/320 394/972/320 

v 461.039 26.0872 -1.49505
vt 1.75499 0.776139
vn -0.866025 -8.1349e-15 0.5
vt 1.75499 0.019685
vt 1.78119 0.019685
vt 1.78119 0.776139
f 396/973/322 372/974/322 373/975/321 395/976/321 

v 460.634 26.0872 -2.02317
vt 3.14488 0.776139
vn -0.707107 -5.20041e-15 0.707107
vt 3.14488 0.019685
vt 3.17109 0.019685
vt 3.17109 0.776139
f 397/977/323 371/978/323 372/979/322 396/980/322 

v 460.106 26.0872 -2.42841
vt 4.31957 0.776139
vn -0.5 -1.44194e-15 0.866025
vt 4.31957 0.019685
vt 4.34577 0.019685
vt 4.34577 0.776139
f 398/981/324 370/982/324 371/983/323 397/984/323 

v 459.491 26.0872 -2.68316
vt 5.19899 0.776139
vn -0.258819 3.05228e-20 0.965926
vt 5.19899 0.019685
vt 5.22519 0.019685
vt 5.22519 0.776139
f 399/985/325 369/986/325 370/987/324 398/988/324 

v 458.831 26.0872 -2.77005
vt 5.72321 0.776139
vn -8.84644e-15 3.09041e-16 1
vt 5.72321 0.019685
vt 5.74942 0.019685
vt 5.74942 0.776139
f 400/989/326 368/990/326 369/991/325 399/992/325 

v 458.171 26.0872 -2.68316
vt 5.85652 0.776139
vn 0.258819 3.02851e-15 0.965926
vt 5.85652 0.019685
vt 5.88272 0.019685
vt 5.88272 0.776139
f 401/993/327 367/994/327 368/995/326 400/996/326 

v 457.556 26.0872 -2.42841
vt 5.58981 0.776139
vn 0.5 7.0451e-15 0.866025
vt 5.58981 0.019685
vt 5.61602 0.019685
vt 5.61602 0.776139
f 402/997/328 366/998/328 367/999/327 401/1000/327 

v 457.028 26.0872 -2.02317
vt 4.94128 0.776139
vn 0.707107 6.20439e-15 0.707107
vt 4.94128 0.019685
vt 4.96749 0.019685
vt 4.96749 0.776139
f 403/1001/329 365/1002/329 366/1003/328 402/1004/328 

v 456.623 26.0872 -1.49505
vt 3.95512 0.776139
vn 0.866025 1.87878e-15 0.5
vt 3.95512 0.019685
vt 3.98133 0.019685
vt 3.98133 0.776139
f 404/1005/330 364/1006/330 365/1007/329 403/1008/329 

v 456.368 26.0872 -0.880034
vt 2.69853 0.776139
vn 0.965926 1.16411e-19 0.258819
vt 2.69853 0.019685
vt 2.72474 0.019685
vt 2.72474 0.776139
f 405/1009/331 363/1010/331 364/1011/330 404/1012/330 

v 456.281 26.0872 -0.220045
vt 1.25714 0.776139
vn 1 4.2453e-20 2.49156e-15
vt 1.25714 0.019685
vt 1.28335 0.019685
vt 1.28335 0.776139
f 406/1013/332 362/1014/332 363/1015/331 405/1016/331 

v 456.368 26.0872 0.439943
vt -0.270805 0.776139
vn 0.965926 -1.76123e-19 -0.258819
vt -0.270805 0.019685
vt -0.244597 0.019685
vt -0.244597 0.776139
f 407/1017/333 360/1018/333 362/1019/332 406/1020/332 

vt -1.78119 0.776139
vt -1.78119 0.019685
vt -1.75499 0.019685
vt -1.75499 0.776139
f 385/1021/311 361/1022/311 360/1023/333 407/1024/333 

vt -5.82706 0.607615
vn -4.19071e-15 -1 3.33416e-29
vt -5.85304 0.611036
vt -5.87902 0.607615
vt -5.90324 0.597586
vt -5.92403 0.581631
vt -5.93998 0.560839
vt -5.95001 0.536626
vt -5.95343 0.510642
vt -5.95001 0.484659
vt -5.93998 0.460446
vt -5.92403 0.439653
vt -5.90324 0.423699
vt -5.87902 0.41367
vt -5.85304 0.410249
vt -5.82706 0.41367
vt -5.80284 0.423699
vt -5.78205 0.439653
vt -5.7661 0.460446
vt -5.75607 0.484659
vt -5.75265 0.510642
vt -5.75607 0.536626
vt -5.7661 0.560839
vt -5.78205 0.581631
vt -5.80284 0.597586
f 401/1025/334 400/1026/334 399/1027/334 398/1028/334 397/1029/334 396/1030/334 395/1031/334 394/1032/334 393/1033/334 392/1034/334 391/1035/334 390/1036/334 389/1037/334 388/1038/334 387/1039/334 386/1040/334 384/1041/334 385/1042/334 407/1043/334 406/1044/334 405/1045/334 404/1046/334 403/1047/334 402/1048/334 

vt -6.03341 0.691012
f 300/698/285 311/819/285 309/1049/285

f 300/698/285 309/1049/285 301/697/285

vt -6.07395 0.638183
f 301/697/285 309/1049/285 307/1050/285

f 301/697/285 307/1050/285 302/696/285

vt -6.09943 0.576662
f 302/696/285 307/1050/285 305/1051/285

f 302/696/285 305/1051/285 303/695/285

f 303/695/285 305/1051/285 304/694/285

v 396.441 36.0872 -39.7152
vt -3.39674 2.06557
f 8/12/6 408/1052/6 334/800/6

v 394.435 36.0872 -39.9793
vt -3.31777 2.07597
f 8/12/6 409/1053/6 408/1052/6

f 8/12/6 5/9/6 409/1053/6

vt -2.27078 1.16984
vn 0.258819 -2.44684e-15 -0.965926
vt -2.11148 1.16984
vt -2.11148 1.24858
v 394.435 38.0872 -39.9793
vt -2.27078 1.24858
vn 0.257669 0.0941611 -0.961634
f 409/1054/335 5/1055/4 1/1056/1 410/1057/336 

vt -2.27078 0.634208
vt -2.11148 0.634208
vt -2.11066 0.667901
vn 0.270598 0.707107 -0.653281
v 394.394 38.9281 -39.8243
vt -2.27161 0.667901
f 410/1058/336 1/1059/1 4/1060/337 411/1061/337 

vt -2.27161 -2.8876
vt -2.11066 -2.8876
v 390.193 39.0872 -40.6542
vt -2.1063 -2.85391
v 394.174 39.0872 -39.005
vt -2.27597 -2.85391
vn 0.0319314 0.99236 -0.11917
f 411/1062/337 4/1063/337 412/1064/155 413/1065/338 

vt -1.21535 -3.31784
vt -1.05439 -3.31784
v 386.774 39.0872 -43.2778
vt -1.05004 -3.28415
vn 0.0872382 0.99236 -0.0872382
vt -1.21971 -3.28415
f 4/1066/3 3/1067/3 414/1068/339 412/1069/155 

vt -0.0817455 -3.46481
vn 0.560985 0.707107 -0.430459
v 384.885 38.9281 -47.1209
vt 0.0792074 -3.46481
v 384.15 39.0872 -46.6968
vt 0.083566 -3.43112
vn 0.106844 0.99236 -0.0616867
vt -0.086104 -3.43112
f 3/1070/340 415/1071/340 416/1072/341 414/1073/339 

vt -0.0809208 0.524995
v 385.024 38.0872 -47.2011
vt 0.0783828 0.524995
vn 0.862178 0.0941611 -0.497778
vt 0.0792074 0.558688
vt -0.0817455 0.558688
f 2/1074/2 417/1075/342 415/1076/340 3/1077/340 

vt -0.0809208 1.16984
v 385.024 36.0872 -47.2011
vt 0.0783828 1.16984
vn 0.866025 -1.89932e-14 -0.5
vt 0.0783828 1.24858
vt -0.0809208 1.24858
f 6/1078/5 418/1079/343 417/1080/342 2/1081/2 

v 385.024 36.0872 -40.0076
vt -2.94724 2.07708
vt -2.94723 2.36029
f 419/1082/6 418/1083/6 6/11/6

v 384.809 36.0872 -40.5261
vt -2.93878 2.0975
f 420/1084/6 418/1083/6 419/1082/6

v 384.467 36.0872 -40.9714
vt -2.92533 2.11503
f 421/1085/6 418/1083/6 420/1084/6

v 384.022 36.0872 -41.3131
vt -2.9078 2.12848
f 422/1086/6 418/1083/6 421/1085/6

v 383.503 36.0872 -41.5279
vt -2.88738 2.13693
f 423/1087/6 418/1083/6 422/1086/6

v 383.475 36.0872 -50.9394
vt -2.88627 2.50747
f 423/1087/6 424/1088/6 418/1083/6

v 383.211 36.0872 -52.9453
vt -2.87587 2.58644
f 423/1087/6 425/1089/6 424/1088/6

v 382.947 36.0872 -41.6011
vt -2.86548 2.13982
f 426/1090/6 425/1089/6 423/1087/6

v 383.211 36.0872 -56.957
vt -2.87587 2.74438
f 425/1089/6 426/1090/6 427/1091/6

v 382.947 36.0872 -68.3011
vt -2.86548 3.191
f 426/1090/6 428/1092/6 427/1091/6

v 382.391 36.0872 -41.5279
vt -2.84357 2.13693
f 429/1093/6 428/1092/6 426/1090/6

v 382.391 36.0872 -68.3744
vt -2.84357 3.19388
f 429/1093/6 430/1094/6 428/1092/6

v 381.872 36.0872 -41.3131
vt -2.82315 2.12848
f 431/1095/6 430/1094/6 429/1093/6

v 381.872 36.0872 -68.5892
vt -2.82315 3.20234
f 431/1095/6 432/1096/6 430/1094/6

v 381.427 36.0872 -40.9714
vt -2.80562 2.11503
f 433/1097/6 432/1096/6 431/1095/6

v 381.427 36.0872 -68.9308
vt -2.80562 3.21579
f 433/1097/6 434/1098/6 432/1096/6

v 381.085 36.0872 -40.5261
vt -2.79217 2.0975
f 435/1099/6 434/1098/6 433/1097/6

v 381.085 36.0872 -69.3761
vt -2.79217 3.23332
f 435/1099/6 436/1100/6 434/1098/6

v 380.87 36.0872 -40.0076
vt -2.78372 2.07708
f 437/1101/6 436/1100/6 435/1099/6

v 380.87 36.0872 -69.8947
vt -2.78372 3.25374
f 437/1101/6 438/1102/6 436/1100/6

v 380.797 36.0872 -39.4511
vt -2.78083 2.05517
f 439/1103/6 438/1102/6 437/1101/6

v 380.797 36.0872 -70.4511
vt -2.78083 3.27565
f 438/1102/6 439/1103/6 440/1104/6

f 439/1103/6 17/21/6 440/1104/6

v 380.87 36.0872 -38.8947
vt -2.78372 2.03326
f 441/1105/6 17/21/6 439/1103/6

v 381.085 36.0872 -38.3761
vt -2.79217 2.01285
f 442/1106/6 17/21/6 441/1105/6

v 381.427 36.0872 -37.9308
vt -2.80562 1.99532
f 443/1107/6 17/21/6 442/1106/6

f 16/20/6 17/21/6 443/1107/6

vt -1.03327 1.16984
vn 0.5 -1.09759e-14 -0.866025
vt -1.01118 1.16984
vn 0.707107 -1.73814e-14 -0.707107
v 381.427 38.0872 -37.9308
vt -1.01118 1.24858
vn 0.703974 0.0940685 -0.703969
v 381.872 38.0872 -37.5892
vt -1.03327 1.24858
f 16/1108/344 443/1109/345 444/1110/346 445/1111/1 

vt -0.124962 1.16984
vt -0.102865 1.16984
vn 0.866025 -1.62418e-14 -0.5
v 381.085 38.0872 -38.3761
vt -0.102865 1.24858
vn 0.862185 0.0940684 -0.497784
vt -0.124962 1.24858
f 443/1112/345 442/1113/347 446/1114/348 444/1115/346 

vt 0.791113 1.16984
vt 0.81321 1.16984
vn 0.965926 -6.53157e-15 -0.258819
v 380.87 38.0872 -38.8947
vt 0.81321 1.24858
vn 0.961634 0.0941611 -0.257669
vt 0.791113 1.24858
f 442/1116/347 441/1117/349 447/1118/350 446/1119/348 

vt 1.65252 1.16984
vt 1.67462 1.16984
vn 1 -1.86422e-16 -6.29889e-16
v 380.797 38.0872 -39.4511
vt 1.67462 1.24858
vn 0.995557 0.0941611 -4.8078e-15
vt 1.65252 1.24858
f 441/1120/349 439/1121/351 448/1122/352 447/1123/350 

vt 2.40056 1.16984
vt 2.42266 1.16984
vn 0.965926 -5.25784e-15 0.258819
v 380.87 38.0872 -40.0076
vt 2.42266 1.24858
vn 0.961634 0.0941611 0.257669
vt 2.40056 1.24858
f 439/1124/351 437/1125/353 449/1126/354 448/1127/352 

vt 2.98425 1.16984
vt 3.00635 1.16984
vn 0.866025 -1.42829e-14 0.5
v 381.085 38.0872 -40.5261
vt 3.00635 1.24858
vn 0.862178 0.0941611 0.497778
vt 2.98425 1.24858
f 437/1128/353 435/1129/355 450/1130/356 449/1131/354 

vt 3.36382 1.16984
vt 3.38592 1.16984
vn 0.707107 -1.59512e-14 0.707107
v 381.427 38.0872 -40.9714
vt 3.38592 1.24858
vn 0.703965 0.0941611 0.703965
vt 3.36382 1.24858
f 435/1132/355 433/1133/357 451/1134/358 450/1135/356 

vt 3.5134 1.16984
vt 3.53549 1.16984
vn 0.5 -9.10238e-15 0.866025
v 381.872 38.0872 -41.3131
vt 3.53549 1.24858
vn 0.497778 0.0941611 0.862178
vt 3.5134 1.24858
f 433/1136/357 431/1137/359 452/1138/360 451/1139/358 

vt 3.42279 1.16984
vt 3.44488 1.16984
vn 0.258819 -2.91927e-15 0.965926
v 382.391 38.0872 -41.5279
vt 3.44488 1.24858
vn 0.257669 0.0941611 0.961634
vt 3.42279 1.24858
f 431/1140/359 429/1141/361 453/1142/362 452/1143/360 

vt 3.09817 1.16984
vt 3.12026 1.16984
vn -2.63154e-15 7.42466e-16 1
v 382.947 38.0872 -41.6011
vt 3.12026 1.24858
vn -5.24359e-15 0.0941611 0.995557
vt 3.09817 1.24858
f 429/1144/361 426/1145/363 454/1146/364 453/1147/362 

vt 2.56166 1.16984
vt 2.58376 1.16984
vn -0.258819 3.66173e-15 0.965926
v 383.503 38.0872 -41.5279
vt 2.58376 1.24858
vn -0.257669 0.0941611 0.961634
vt 2.56166 1.24858
f 426/1148/363 423/1149/365 455/1150/366 454/1151/364 

vt 1.84983 1.16984
vt 1.87192 1.16984
vn -0.5 5.63959e-15 0.866025
v 384.022 38.0872 -41.3131
vt 1.87192 1.24858
vn -0.497778 0.0941611 0.862178
vt 1.84983 1.24858
f 423/1152/365 422/1153/367 456/1154/368 455/1155/366 

vt 1.01118 1.16984
vt 1.03327 1.16984
vn -0.707107 7.97558e-15 0.707107
v 384.467 38.0872 -40.9714
vt 1.03327 1.24858
vn -0.703965 0.0941611 0.703965
vt 1.01118 1.24858
f 422/1156/367 421/1157/369 457/1158/370 456/1159/368 

vt 0.102865 1.16984
vt 0.124962 1.16984
vn -0.866025 9.76805e-15 0.5
v 384.809 38.0872 -40.5261
vt 0.124962 1.24858
vn -0.862178 0.0941611 0.497778
vt 0.102865 1.24858
f 421/1160/369 420/1161/371 458/1162/372 457/1163/370 

vt -0.81321 1.16984
vt -0.791113 1.16984
vn -0.965926 1.08948e-14 0.258819
v 385.024 38.0872 -40.0076
vt -0.791113 1.24858
vn -0.961634 0.0941611 0.257669
vt -0.81321 1.24858
f 420/1164/371 419/1165/373 459/1166/374 458/1167/372 

vt -1.67462 1.16984
vt -1.65252 1.16984
vn -1 1.10938e-14 -6.57884e-16
v 385.097 38.0872 -39.4511
vt -1.65252 1.24858
vn -0.995557 0.0941611 -2.02434e-15
vt -1.67462 1.24858
f 419/1168/373 7/1169/375 460/1170/376 459/1171/374 

f 419/1082/6 6/11/6 7/10/6

vt -2.42266 1.16984
vt -2.40056 1.16984
vn -0.965926 1.01645e-14 -0.258819
v 385.024 38.0872 -38.8947
vt -2.40056 1.24858
vn -0.961634 0.0941611 -0.257669
vt -2.42266 1.24858
f 7/1172/375 9/1173/377 461/1174/378 460/1175/376 

vt -3.00635 1.16984
vt -2.98425 1.16984
vn -0.866025 9.22301e-15 -0.5
v 384.809 38.0872 -38.3761
vt -2.98425 1.24858
vn -0.862178 0.0941611 -0.497778
vt -3.00635 1.24858
f 9/1176/377 10/1177/379 462/1178/380 461/1179/378 

vt -3.38592 1.16984
vt -3.36382 1.16984
vn -0.707107 7.41586e-15 -0.707107
v 384.467 38.0872 -37.9308
vt -3.36382 1.24858
vn -0.703965 0.0941611 -0.703965
vt -3.38592 1.24858
f 10/1180/379 11/1181/381 463/1182/382 462/1183/380 

vt -3.53549 1.16984
vt -3.5134 1.16984
vn -0.5 3.76605e-15 -0.866025
v 384.022 38.0872 -37.5892
vt -3.5134 1.24858
vn -0.497778 0.0941611 -0.862178
vt -3.53549 1.24858
f 11/1184/381 12/1185/383 464/1186/384 463/1187/382 

vt -3.44488 1.16984
vt -3.42279 1.16984
vn -0.258819 9.3802e-16 -0.965926
v 383.503 38.0872 -37.3744
vt -3.42279 1.24858
vn -0.257669 0.0941611 -0.961634
vt -3.44488 1.24858
f 12/1188/383 13/1189/385 465/1190/386 464/1191/384 

vt -3.12026 1.16984
vt -3.09817 1.16984
vn -2.63154e-15 -2.07733e-15 -1
v 382.947 38.0872 -37.3011
vt -3.09817 1.24858
vn -3.59882e-15 0.0941611 -0.995557
vt -3.12026 1.24858
f 13/1192/385 14/1193/387 466/1194/388 465/1195/386 

vt -2.58376 1.16984
vt -2.56166 1.16984
vn 0.258819 -5.64298e-15 -0.965926
v 382.391 38.0872 -37.3744
vt -2.56166 1.24858
vt -2.58376 1.24858
f 14/1196/387 15/1197/389 467/1198/336 466/1199/388 

vt -1.87192 1.16984
vt -1.84983 1.16984
vt -1.84983 1.24858
vt -1.87192 1.24858
f 15/1200/389 16/1201/344 445/1202/1 467/1203/336 

vt -1.87192 0.685559
vt -1.84983 0.685559
v 381.792 38.9281 -37.4502
vt -1.849 0.719253
v 382.349 38.9281 -37.2194
vt -1.87275 0.719253
f 467/1204/336 445/1205/1 468/1206/337 469/1207/337 

vt -1.03327 0.614994
vt -1.01118 0.614994
v 381.314 38.9281 -37.8166
vt -1.0104 0.648688
vt -1.0341 0.648688
f 445/1208/1 444/1209/346 470/1210/3 468/1211/3 

vt -0.124949 0.588521
vt -0.102852 0.588521
v 380.946 38.9281 -38.297
vt -0.10198 0.622212
vn 0.561195 0.706846 -0.430614
vt -0.125821 0.622212
f 444/1212/346 446/1213/348 471/1214/390 470/1215/390 

vt 0.791113 0.604032
vt 0.81321 0.604032
v 380.715 38.9281 -38.8531
vt 0.814035 0.637725
vn 0.653281 0.707107 -0.270598
vt 0.790338 0.637725
f 446/1216/348 447/1217/350 472/1218/391 471/1219/391 

vt 1.65252 0.664382
vt 1.67462 0.664382
v 380.636 38.9281 -39.4511
vt 1.67544 0.698075
vn 0.701057 0.707107 -0.0922959
vt 1.6517 0.698075
f 447/1220/350 448/1221/352 473/1222/392 472/1223/392 

vt 2.40056 0.764124
vt 2.42266 0.764124
v 380.715 38.9281 -40.0491
vt 2.42348 0.797817
vn 0.701057 0.707107 0.0922959
vt 2.39974 0.797817
f 448/1224/352 449/1225/354 474/1226/393 473/1227/393 

vt 2.98425 0.89646
vt 3.00635 0.89646
v 380.946 38.9281 -40.6064
vt 3.00718 0.930154
vn 0.653281 0.707107 0.270598
vt 2.98343 0.930154
f 449/1228/354 450/1229/356 475/1230/394 474/1231/394 

vt 3.36382 1.05237
vt 3.38592 1.05237
v 381.313 38.9281 -41.0849
vt 3.38674 1.08607
vn 0.560985 0.707107 0.430459
vt 3.363 1.08607
f 450/1232/356 451/1233/358 476/1234/395 475/1235/395 

vt 3.5134 1.22124
vt 3.53549 1.22124
v 381.792 38.9281 -41.452
vt 3.53632 1.25493
vn 0.430459 0.707107 0.560985
vt 3.51257 1.25493
f 451/1236/358 452/1237/360 477/1238/396 476/1239/396 

vt 3.42279 1.39154
vt 3.44488 1.39154
v 382.349 38.9281 -41.6829
vt 3.44571 1.42524
vn 0.270598 0.707107 0.653281
vt 3.42196 1.42524
f 452/1240/360 453/1241/362 478/1242/397 477/1243/397 

vt 3.09817 1.55169
vt 3.12026 1.55169
vn -5.23656e-15 0.0941611 0.995557
v 382.947 38.9281 -41.7616
vt 3.12109 1.58538
vn 0.0922959 0.707107 0.701057
vt 3.09734 1.58538
f 453/1244/362 454/1245/398 479/1246/399 478/1247/399 

vt 2.56166 1.69076
vt 2.58376 1.69076
v 383.545 38.9281 -41.6829
vt 2.58458 1.72445
vn -0.0922959 0.707107 0.701057
vt 2.56084 1.72445
f 454/1248/364 455/1249/366 480/1250/400 479/1251/400 

vt 1.84983 1.79927
vt 1.87192 1.79927
v 384.102 38.9281 -41.452
vt 1.87275 1.83296
vn -0.270598 0.707107 0.653281
vt 1.849 1.83296
f 455/1252/366 456/1253/368 481/1254/401 480/1255/401 

vt 1.01118 1.86984
vt 1.03327 1.86984
v 384.581 38.9281 -41.0849
vt 1.0341 1.90353
vn -0.430459 0.707107 0.560985
vt 1.01035 1.90353
f 456/1256/368 457/1257/370 482/1258/402 481/1259/402 

vt 0.102865 1.89764
vt 0.124962 1.89764
v 384.948 38.9281 -40.6064
vt 0.125787 1.93134
vn -0.560985 0.707107 0.430459
vt 0.102041 1.93134
f 457/1260/370 458/1261/372 483/1262/403 482/1263/403 

vt -0.81321 1.8808
vt -0.791113 1.8808
v 385.179 38.9281 -40.0491
vt -0.790288 1.91449
vn -0.653281 0.707107 0.270598
vt -0.814035 1.91449
f 458/1264/372 459/1265/374 484/1266/404 483/1267/404 

vt -1.67462 1.82045
vt -1.65252 1.82045
v 385.257 38.9281 -39.4511
vt -1.6517 1.85414
vn -0.701057 0.707107 0.0922959
vt -1.67544 1.85414
f 459/1268/374 460/1269/376 485/1270/405 484/1271/405 

vt -2.42266 1.72071
vt -2.40056 1.72071
v 385.179 38.9281 -38.8531
vt -2.39974 1.7544
vn -0.701057 0.707107 -0.0922959
vt -2.42348 1.7544
f 460/1272/376 461/1273/378 486/1274/406 485/1275/406 

vt -3.00635 1.58837
vt -2.98425 1.58837
v 384.948 38.9281 -38.2959
vt -2.98343 1.62206
vn -0.653281 0.707107 -0.270598
vt -3.00718 1.62206
f 461/1276/378 462/1277/380 487/1278/407 486/1279/407 

vt -3.38592 1.43246
vt -3.36382 1.43246
v 384.581 38.9281 -37.8174
vt -3.363 1.46615
vn -0.560985 0.707107 -0.430459
vt -3.38674 1.46615
f 462/1280/380 463/1281/382 488/1282/408 487/1283/408 

vt -3.53549 1.26359
vt -3.5134 1.26359
v 384.102 38.9281 -37.4502
vt -3.51257 1.29729
vn -0.430459 0.707107 -0.560985
vt -3.53632 1.29729
f 463/1284/382 464/1285/384 489/1286/409 488/1287/409 

vt -3.44488 1.09329
vt -3.42279 1.09329
v 383.545 38.9281 -37.2194
vt -3.42196 1.12698
vn -0.270598 0.707107 -0.653281
vt -3.44571 1.12698
f 464/1288/384 465/1289/386 490/1290/410 489/1291/410 

vt -3.12026 0.933141
vt -3.09817 0.933141
v 382.947 38.9281 -37.1406
vt -3.09734 0.966835
vn -0.0922959 0.707107 -0.701057
vt -3.12109 0.966835
f 465/1292/386 466/1293/388 491/1294/411 490/1295/411 

vt -2.58376 0.794073
vn -3.60585e-15 0.0941611 -0.995557
vt -2.56166 0.794073
vt -2.56084 0.827767
vn 0.0922959 0.707107 -0.701057
vt -2.58458 0.827767
f 466/1296/412 467/1297/336 469/1298/413 491/1299/413 

vt -2.58458 -2.04268
vt -2.56084 -2.04268
v 382.129 39.0872 -36.4001
vt -2.55648 -2.00899
v 382.947 39.0872 -36.2925
vt -2.58894 -2.00899
vn 1.23859e-14 0.99236 -0.123373
f 491/1300/413 469/1301/413 492/1302/338 493/1303/414 

vt -1.87275 -2.6162
vt -1.849 -2.6162
vt -1.84464 -2.5825
vt -1.87711 -2.5825
f 469/1304/337 468/1305/337 161/1306/155 492/1307/338 

vt -1.0341 -2.98915
vt -1.0104 -2.98915
vt -1.0063 -2.95545
vt -1.03846 -2.95545
f 468/1308/3 470/1309/3 159/1310/153 161/1311/155 

vt -0.125753 -3.13543
vt -0.101913 -3.13543
vt -0.0973035 -3.1018
vt -0.130361 -3.1018
f 470/1312/390 471/1313/390 157/1314/151 159/1315/153 

vt 0.790338 -3.04709
vt 0.814035 -3.04709
vt 0.818393 -3.01339
vt 0.786239 -3.01339
f 471/1316/391 472/1317/391 156/1318/150 157/1319/151 

vt 1.6517 -2.72812
vt 1.67544 -2.72812
vt 1.6798 -2.69443
vt 1.64734 -2.69443
f 472/1320/392 473/1321/392 155/1322/149 156/1323/150 

vt 2.39974 -2.20097
vt 2.42348 -2.20097
v 379.896 39.0872 -40.2686
vt 2.42784 -2.16728
vt 2.39538 -2.16728
f 473/1324/393 474/1325/393 494/1326/147 155/1327/149 

vt 2.98343 -1.50155
vt 3.00718 -1.50155
v 380.212 39.0872 -41.0304
vt 3.01153 -1.46785
vn 0.106844 0.99236 0.0616867
vt 2.97907 -1.46785
f 474/1328/394 475/1329/394 495/1330/415 494/1331/147 

vt 3.363 -0.677517
vt 3.38674 -0.677517
v 380.713 39.0872 -41.6846
vt 3.3911 -0.643823
vn 0.0872382 0.99236 0.0872382
vt 3.35864 -0.643823
f 475/1332/395 476/1333/395 496/1334/416 495/1335/415 

vt 3.51257 0.214961
vt 3.53632 0.214961
v 381.368 39.0872 -42.1866
vt 3.54068 0.248655
vt 3.50821 0.248655
f 476/1336/396 477/1337/396 497/1338/144 496/1339/416 

vt 3.42196 1.11507
vt 3.44571 1.11507
v 382.129 39.0872 -42.5021
vt 3.45007 1.14876
vn 0.0319314 0.99236 0.11917
vt 3.4176 1.14876
f 477/1340/397 478/1341/397 498/1342/417 497/1343/144 

vt 3.09734 1.96146
vt 3.12109 1.96146
v 382.947 39.0872 -42.6097
vt 3.12545 1.99515
vn -9.7594e-15 0.99236 0.123373
vt 3.09298 1.99515
f 478/1344/399 479/1345/399 499/1346/418 498/1347/417 

vt 2.56084 2.69646
vt 2.58458 2.69646
v 383.764 39.0872 -42.5021
vt 2.58894 2.73015
vn -0.0319314 0.99236 0.11917
vt 2.55648 2.73015
f 479/1348/400 480/1349/400 500/1350/419 499/1351/418 

vt 1.849 3.26997
vt 1.87275 3.26997
v 384.526 39.0872 -42.1866
vt 1.87711 3.30367
vn -0.0616867 0.99236 0.106844
vt 1.84464 3.30367
f 480/1352/401 481/1353/401 501/1354/420 500/1355/419 

vt 1.01035 3.64293
vt 1.0341 3.64293
v 385.18 39.0872 -41.6846
vt 1.03846 3.67662
vn -0.0872382 0.99236 0.0872382
vt 1.00599 3.67662
f 481/1356/402 482/1357/402 502/1358/421 501/1359/420 

vt 0.102041 3.78989
vt 0.125787 3.78989
v 385.682 39.0872 -41.0304
vt 0.130145 3.82359
vn -0.106844 0.99236 0.0616867
vt 0.0976821 3.82359
f 482/1360/403 483/1361/403 503/1362/422 502/1363/421 

vt -0.814035 3.70086
vt -0.790288 3.70086
v 385.998 39.0872 -40.2686
vt -0.78593 3.73456
vn -0.11917 0.99236 0.0319314
vt -0.818393 3.73456
f 483/1364/404 484/1365/404 504/1366/423 503/1367/422 

vt -1.67544 3.3819
vt -1.6517 3.3819
v 386.106 39.0872 -39.4511
vt -1.64734 3.4156
vn -0.123373 0.99236 9.7176e-15
vt -1.6798 3.4156
f 484/1368/405 485/1369/405 505/1370/424 504/1371/423 

vt -2.42348 2.85475
vt -2.39974 2.85475
v 385.998 39.0872 -38.6336
vt -2.39538 2.88844
vn -0.11917 0.99236 -0.0319314
vt -2.42784 2.88844
f 485/1372/406 486/1373/406 506/1374/425 505/1375/424 

vt -3.00718 2.15532
vt -2.98343 2.15532
v 385.682 39.0872 -37.8718
vt -2.97907 2.18902
vn -0.106844 0.99236 -0.0616867
vt -3.01153 2.18902
f 486/1376/407 487/1377/407 507/1378/426 506/1379/425 

vt -3.38674 1.33129
vt -3.363 1.33129
v 385.18 39.0872 -37.2176
vt -3.35864 1.36499
vn -0.0872382 0.99236 -0.0872382
vt -3.3911 1.36499
f 487/1380/408 488/1381/408 508/1382/427 507/1383/426 

vt -3.53632 0.438817
vt -3.51257 0.438817
v 384.526 39.0872 -36.7157
vt -3.50821 0.47251
vn -0.0616867 0.99236 -0.106844
vt -3.54068 0.47251
f 488/1384/409 489/1385/409 509/1386/428 508/1387/427 

vt -3.44571 -0.461289
vt -3.42196 -0.461289
v 383.764 39.0872 -36.4001
vt -3.4176 -0.427595
vn -0.0319314 0.99236 -0.11917
vt -3.45007 -0.427595
f 489/1388/410 490/1389/410 510/1390/429 509/1391/428 

vt -3.12109 -1.30768
vt -3.09734 -1.30768
vt -3.09298 -1.27399
vt -3.12545 -1.27399
f 490/1392/411 491/1393/411 493/1394/414 510/1395/429 

vt 2.86548 1.93082
vt 2.89766 1.93505
f 493/1396/414 162/368/156 510/1397/429

vt 2.83329 1.93505
f 492/1398/338 162/368/156 493/1396/414

f 161/367/155 162/368/156 492/1398/338

vt 2.92765 1.94748
f 510/1397/429 162/368/156 509/1399/428

vt 2.95341 1.96724
f 509/1399/428 162/368/156 508/1400/427

vt 2.97317 1.99299
f 508/1400/427 162/368/156 507/1401/426

vt 2.9856 2.02299
f 507/1401/426 162/368/156 506/1402/425

vt 2.98983 2.05517
f 506/1402/425 162/368/156 505/1403/424

vt 3.15074 2.10254
f 505/1403/424 162/368/156 412/1404/155

vt 3.30749 2.03761
f 412/1404/155 162/368/156 413/1405/338

v 397.441 39.0872 -38.5749
vt 3.43611 2.02068
vn -0.0543289 0.996599 -0.0619502
f 413/1405/338 162/368/156 511/1406/430

v 399.453 39.0872 -38.5749
vt 3.51531 2.02068
vn 0.0543289 0.996599 -0.0619502
f 511/1406/430 162/368/156 512/1407/431

v 402.72 39.0872 -39.005
vt 3.64393 2.03761
f 512/1407/431 162/368/156 513/1408/429

v 406.701 39.0872 -40.6542
vt 3.80069 2.10254
f 513/1408/429 162/368/156 514/1409/428

v 412.368 39.0872 -36.7157
vt 4.02377 1.94748
f 514/1409/428 162/368/156 515/1410/155

v 413.129 39.0872 -36.4001
vt 4.05376 1.93505
f 515/1410/155 162/368/156 516/1411/338

v 413.947 39.0872 -36.2925
vt 4.08595 1.93082
vn -3.2779e-15 0.99236 -0.123373
f 516/1411/338 162/368/156 517/1412/432

v 414.764 39.0872 -36.4001
vt 4.11813 1.93505
f 517/1412/432 162/368/156 518/1413/429

v 415.526 39.0872 -36.7157
vt 4.14813 1.94748
f 518/1413/429 162/368/156 519/1414/428

v 416.174 39.0872 -37.2128
vt 4.17364 1.96705
vn -0.087336 0.992345 -0.0873134
f 519/1414/428 162/368/156 520/1415/433

v 416.685 39.0872 -37.8791
vt 4.19376 1.99328
vn -0.106943 0.992345 -0.0617617
f 520/1415/433 162/368/156 521/1416/434

v 416.998 39.0872 -38.6336
vt 4.20607 2.02299
f 521/1416/434 162/368/156 522/1417/425

v 417.106 39.0872 -39.4511
vt 4.2103 2.05517
vn -0.123373 0.99236 -3.79926e-15
f 522/1417/425 162/368/156 523/1418/435

v 417.106 39.0872 -70.4511
vt 4.2103 3.27565
vn -0.123373 0.99236 9.94634e-15
f 523/1418/435 162/368/156 524/1419/436

f 149/356/143 524/1419/436 162/368/156

v 416.998 39.0872 -71.2686
vt 4.20607 3.30783
f 149/356/143 525/1420/423 524/1419/436

v 416.685 39.0872 -72.0232
vt 4.19376 3.33754
vn -0.106943 0.992345 0.0617601
f 149/356/143 526/1421/437 525/1420/423

v 416.174 39.0872 -72.6893
vt 4.17364 3.36376
vn -0.0873363 0.992345 0.0873118
f 149/356/143 527/1422/438 526/1421/437

v 415.526 39.0872 -73.1866
vt 4.14813 3.38334
f 149/356/143 528/1423/420 527/1422/438

v 414.764 39.0872 -73.5021
vt 4.11813 3.39576
f 149/356/143 529/1424/419 528/1423/420

v 413.947 39.0872 -73.6097
vt 4.08595 3.4
vn -1.66485e-14 0.99236 0.123373
f 149/356/143 530/1425/439 529/1424/419

v 413.129 39.0872 -73.5021
vt 4.05376 3.39576
f 149/356/143 531/1426/417 530/1425/439

v 412.368 39.0872 -73.1866
vt 4.02377 3.38334
f 149/356/143 532/1427/144 531/1426/417

v 406.701 39.0872 -69.248
vt 3.80069 3.22828
f 149/356/143 533/1428/420 532/1427/144

v 402.72 39.0872 -70.8972
vt 3.64393 3.29321
f 149/356/143 534/1429/419 533/1428/420

v 399.453 39.0872 -71.3273
vt 3.51531 3.31014
vn 0.0543289 0.996599 0.0619502
f 149/356/143 535/1430/440 534/1429/419

v 397.441 39.0872 -71.3273
vt 3.43611 3.31014
vn -0.0543289 0.996599 0.0619502
f 149/356/143 536/1431/441 535/1430/440

v 394.174 39.0872 -70.8972
vt 3.30749 3.29321
f 149/356/143 537/1432/417 536/1431/441

v 390.193 39.0872 -69.248
vt 3.15074 3.22828
f 149/356/143 538/1433/144 537/1432/417

v 386.106 39.0872 -70.4511
vt 2.98983 3.27565
vn -0.123373 0.99236 -6.64057e-15
f 149/356/143 539/1434/442 538/1433/144

v 385.998 39.0872 -71.2686
vt 2.9856 3.30783
f 149/356/143 540/1435/423 539/1434/442

v 385.682 39.0872 -72.0304
vt 2.97317 3.33782
f 149/356/143 541/1436/422 540/1435/423

v 385.18 39.0872 -72.6846
vt 2.95341 3.36358
f 149/356/143 542/1437/421 541/1436/422

v 384.526 39.0872 -73.1866
vt 2.92765 3.38334
f 149/356/143 543/1438/420 542/1437/421

v 383.764 39.0872 -73.5021
vt 2.89766 3.39576
f 149/356/143 544/1439/419 543/1438/420

v 382.947 39.0872 -73.6097
vt 2.86548 3.4
vn 4.01058e-15 0.99236 0.123373
f 149/356/143 545/1440/443 544/1439/419

v 382.129 39.0872 -73.5021
vt 2.83329 3.39576
f 149/356/143 546/1441/417 545/1440/443

f 149/356/143 150/355/144 546/1441/417

v 381.792 38.9281 -72.452
vt 3.88902 2.22298
v 382.349 38.9281 -72.6829
vt 3.91276 2.22298
vt 3.91712 2.25667
vt 3.88466 2.25667
f 547/1442/397 548/1443/397 546/1444/417 150/1445/144 

v 381.872 38.0872 -72.3131
vt 3.88984 1.60117
v 382.391 38.0872 -72.5279
vt 3.91194 1.60117
vt 3.91276 1.63486
vt 3.88902 1.63486
f 549/1446/360 550/1447/362 548/1448/397 547/1449/397 

vt 3.88984 1.16984
vn 0.5 -7.78856e-15 0.866025
vt 3.91194 1.16984
vn 0.258819 -1.95554e-16 0.965926
vt 3.91194 1.24858
vt 3.88984 1.24858
f 255/1450/444 256/1451/445 550/1452/362 549/1453/360 

vt 3.25747 1.16984
vt 3.27957 1.16984
vn -2.61754e-15 3.56226e-15 1
v 382.947 38.0872 -72.6011
vt 3.27957 1.24858
vn -7.22575e-15 0.0941611 0.995557
vt 3.25747 1.24858
f 256/1454/445 257/1455/446 551/1456/447 550/1457/362 

vt 2.40236 1.16984
vt 2.42445 1.16984
vn -0.258819 6.38544e-15 0.965926
v 383.503 38.0872 -72.5279
vt 2.42445 1.24858
vt 2.40236 1.24858
f 257/1458/446 258/1459/448 552/1460/366 551/1461/447 

vt 1.38277 1.16984
vt 1.40487 1.16984
vn -0.5 6.95254e-15 0.866025
v 384.022 38.0872 -72.3131
vt 1.40487 1.24858
vt 1.38277 1.24858
f 258/1462/448 259/1463/449 553/1464/368 552/1465/366 

vt 0.268201 1.16984
vt 0.290298 1.16984
vn -0.707107 8.83907e-15 0.707107
v 384.467 38.0872 -71.9714
vt 0.290298 1.24858
vt 0.268201 1.24858
f 259/1466/449 260/1467/450 554/1468/370 553/1469/368 

vt -0.865401 1.16984
vt -0.843304 1.16984
vn -0.866025 1.11775e-14 0.5
v 384.809 38.0872 -71.5261
vt -0.843304 1.24858
vt -0.865401 1.24858
f 260/1470/450 261/1471/451 555/1472/372 554/1473/370 

vt -1.94078 1.16984
vt -1.91868 1.16984
vn -0.965926 1.16252e-14 0.258819
v 385.024 38.0872 -71.0076
vt -1.91868 1.24858
vt -1.94078 1.24858
f 261/1474/451 262/1475/452 556/1476/374 555/1477/372 

vt -2.88465 1.16984
vt -2.86255 1.16984
vn -1 1.12786e-14 2.63154e-15
v 385.097 38.0872 -70.4511
vt -2.86255 1.24858
vn -0.995557 0.0941611 -5.39823e-15
vt -2.88465 1.24858
f 262/1478/452 263/1479/453 557/1480/454 556/1481/374 

vt -3.63269 1.16984
v 385.024 36.0872 -69.8947
vt -3.61059 1.16984
vn -0.965926 1.01656e-14 -0.258819
v 385.024 38.0872 -69.8947
vt -3.61059 1.24858
vt -3.63269 1.24858
f 263/1482/453 558/1483/455 559/1484/378 557/1485/454 

v 387.487 36.0872 -65.9113
vt -3.04421 3.09691
vt -2.94724 3.25374
f 560/1486/6 558/1487/6 263/667/6

v 385.024 36.0872 -62.7011
vt -2.94723 2.97053
f 561/1488/6 558/1487/6 560/1486/6

v 384.809 36.0872 -69.3761
vt -2.93878 3.23332
f 561/1488/6 562/1489/6 558/1487/6

v 384.467 36.0872 -68.9308
vt -2.92533 3.21579
f 561/1488/6 563/1490/6 562/1489/6

v 384.022 36.0872 -68.5892
vt -2.9078 3.20234
f 561/1488/6 564/1491/6 563/1490/6

v 383.503 36.0872 -68.3744
vt -2.88738 3.19388
f 561/1488/6 565/1492/6 564/1491/6

v 383.475 36.0872 -58.9628
vt -2.88627 2.82335
f 566/1493/6 565/1492/6 561/1488/6

f 427/1091/6 565/1492/6 566/1493/6

f 427/1091/6 428/1092/6 565/1492/6

vt -3.27957 1.16984
vt -3.25747 1.16984
vn -2.61754e-15 -2.07733e-15 -1
v 382.947 38.0872 -68.3011
vt -3.25747 1.24858
vn -4.16113e-15 0.0941611 -0.995557
v 383.503 38.0872 -68.3744
vt -3.27957 1.24858
f 565/1494/385 428/1495/456 567/1496/457 568/1497/386 

vt -2.42445 1.16984
vt -2.40236 1.16984
v 382.391 38.0872 -68.3744
vt -2.40236 1.24858
vt -2.42445 1.24858
f 428/1498/456 430/1499/389 569/1500/336 567/1501/457 

vt -1.40487 1.16984
vt -1.38277 1.16984
vn 0.5 -1.04162e-14 -0.866025
v 381.872 38.0872 -68.5892
vt -1.38277 1.24858
vt -1.40487 1.24858
f 430/1502/389 432/1503/458 570/1504/1 569/1505/336 

vt -0.290298 1.16984
vt -0.268201 1.16984
vn 0.707107 -1.59547e-14 -0.707107
v 381.427 38.0872 -68.9308
vt -0.268201 1.24858
vt -0.290298 1.24858
f 432/1506/458 434/1507/459 571/1508/2 570/1509/1 

vt 0.843304 1.16984
vt 0.865401 1.16984
vn 0.866025 -1.48294e-14 -0.5
v 381.085 38.0872 -69.3761
vt 0.865401 1.24858
vt 0.843304 1.24858
f 434/1510/459 436/1511/460 572/1512/342 571/1513/2 

vt 1.91868 1.16984
vt 1.94078 1.16984
vn 0.965926 -6.17085e-15 -0.258819
v 380.87 38.0872 -69.8947
vt 1.94078 1.24858
vt 1.91868 1.24858
f 436/1514/460 438/1515/461 573/1516/350 572/1517/342 

vt 2.86255 1.16984
vt 2.88465 1.16984
vn 1 -1.85214e-16 6.57884e-16
v 380.797 38.0872 -70.4511
vt 2.88465 1.24858
vn 0.995557 0.0941611 4.77968e-15
vt 2.86255 1.24858
f 438/1518/461 440/1519/462 574/1520/463 573/1521/350 

vt 3.61059 1.16984
v 380.87 36.0872 -71.0076
vt 3.63269 1.16984
vn 0.965926 -4.52692e-15 0.258819
v 380.87 38.0872 -71.0076
vt 3.63269 1.24858
vt 3.61059 1.24858
f 440/1522/462 575/1523/464 576/1524/354 574/1525/463 

vt -2.78372 3.29755
f 17/21/6 575/1526/6 440/1104/6

v 381.085 36.0872 -71.5261
vt -2.79217 3.31797
f 17/21/6 577/1527/6 575/1526/6

v 381.427 36.0872 -71.9714
vt -2.80562 3.3355
f 17/21/6 578/1528/6 577/1527/6

f 254/658/6 578/1528/6 17/21/6

f 254/658/6 255/659/6 578/1528/6

vt 4.25637 1.16984
vn 0.707107 -1.50868e-14 0.707107
vt 4.27847 1.16984
vt 4.27847 1.24858
v 381.427 38.0872 -71.9714
vt 4.25637 1.24858
vn 0.703973 0.0940678 0.70397
f 578/1529/465 255/1530/444 549/1531/360 579/1532/466 

vt 4.25637 1.40125
vt 4.27847 1.40125
vt 4.2793 1.43494
v 381.314 38.9281 -72.0856
vt 4.2556 1.43494
f 579/1533/466 549/1534/360 547/1535/396 580/1536/396 

vt 4.2556 1.16635
vt 4.2793 1.16635
vt 4.28365 1.20004
vt 4.2515 1.20004
f 580/1537/396 547/1538/396 150/1539/144 151/1540/145 

v 380.946 38.9281 -71.6052
vt 4.33122 0.0529773
vn 0.561194 0.706844 0.430619
vt 4.35506 0.0529773
vt 4.35967 0.0866046
vt 4.32661 0.0866046
f 581/1541/467 580/1542/467 151/1543/145 152/1544/146 

v 381.085 38.0872 -71.5261
vt 4.33209 1.19066
vn 0.862184 0.0940678 0.497785
vt 4.35418 1.19066
vt 4.35506 1.22435
vt 4.33122 1.22435
f 582/1545/468 579/1546/466 580/1547/467 581/1548/467 

vt 4.33209 1.16984
vn 0.866025 -1.28735e-14 0.5
vt 4.35418 1.16984
vt 4.35418 1.24858
vt 4.33209 1.24858
f 577/1549/469 578/1550/465 579/1551/466 582/1552/468 

vt 4.11182 1.16984
vt 4.13392 1.16984
vt 4.13392 1.24858
vt 4.11182 1.24858
f 575/1553/464 577/1554/469 582/1555/468 576/1556/354 

vt 4.11182 0.98329
vt 4.13392 0.98329
vt 4.1347 1.01698
v 380.715 38.9281 -71.0491
vt 4.111 1.01698
f 576/1557/354 582/1558/468 581/1559/394 583/1560/394 

vt 4.111 -1.04263
vt 4.1347 -1.04263
vt 4.13879 -1.00894
vt 4.10664 -1.00894
f 583/1561/394 581/1562/394 152/1563/146 153/1564/147 

v 380.636 38.9281 -70.4511
vt 3.60977 -2.04444
vt 3.63351 -2.04444
vt 3.63787 -2.01075
vt 3.60541 -2.01075
f 584/1565/393 583/1566/393 153/1567/147 154/1568/148 

vt 3.61059 0.79374
vt 3.63269 0.79374
vt 3.63351 0.827433
vt 3.60977 0.827433
f 574/1569/463 576/1570/354 583/1571/393 584/1572/393 

vt 2.86255 0.634766
vt 2.88465 0.634766
vn 0.995557 0.0941611 4.78671e-15
vt 2.88547 0.668459
v 380.715 38.9281 -69.8531
vt 2.86173 0.668459
f 573/1573/350 574/1574/470 584/1575/392 585/1576/392 

vt 2.86173 -2.88465
vt 2.88547 -2.88465
vt 2.88983 -2.85096
v 379.896 39.0872 -69.6336
vt 2.85737 -2.85096
f 585/1577/392 584/1578/392 154/1579/148 586/1580/150 

vt 2.74536 3.24346
f 155/361/149 586/1581/150 154/360/148

vt 2.74536 2.08736
f 586/1581/150 155/361/149 494/1582/147

vt 2.75778 2.11735
f 586/1581/150 494/1582/147 495/1583/415

v 380.212 39.0872 -68.8718
vt 2.75778 3.21347
f 586/1581/150 495/1583/415 587/1584/341

v 380.713 39.0872 -68.2176
vt 2.77754 3.18771
f 587/1584/341 495/1583/415 588/1585/339

vt 2.77754 2.14311
f 588/1585/339 495/1583/415 496/1586/416

v 381.368 39.0872 -67.7157
vt 2.8033 3.16795
f 588/1585/339 496/1586/416 589/1587/155

vt 2.8033 2.16287
f 589/1587/155 496/1586/416 497/1588/144

vt 2.83329 2.17529
f 589/1587/155 497/1588/144 498/1589/417

v 382.071 39.0872 -53.9453
vt 2.83098 2.62581
vn 0.0619502 0.996599 0.0543289
f 589/1587/155 498/1589/417 590/1590/471

v 382.501 39.0872 -50.6784
vt 2.84791 2.49719
f 590/1590/471 498/1589/417 591/1591/150

vt 2.86548 2.17953
f 591/1591/150 498/1589/417 499/1592/418

vt 2.91284 2.34044
f 591/1591/150 499/1592/418 416/1593/341

vt 2.89766 2.17529
f 416/1593/341 499/1592/418 500/1594/419

vt 2.92765 2.16287
f 416/1593/341 500/1594/419 501/1595/420

vt 3.01613 2.20583
f 416/1593/341 501/1595/420 414/1596/339

vt 2.95341 2.14311
f 414/1596/339 501/1595/420 502/1597/421

vt 2.97317 2.11735
f 414/1596/339 502/1597/421 503/1598/422

vt 2.9856 2.08736
f 414/1596/339 503/1598/422 504/1599/423

f 414/1596/339 504/1599/423 505/1403/424

f 505/1403/424 412/1404/155 414/1596/339

vt 1.05194 -3.31849
v 383.32 38.9281 -50.8979
vt 1.2129 -3.31849
vt 1.21725 -3.28479
vt 1.04758 -3.28479
f 415/1600/391 592/1601/391 591/1602/150 416/1603/341 

vt 1.05277 0.55268
v 383.475 38.0872 -50.9394
vt 1.21207 0.55268
vt 1.2129 0.586374
vt 1.05194 0.586374
f 417/1604/342 593/1605/350 592/1606/391 415/1607/391 

vt 1.05277 1.16984
vt 1.21207 1.16984
vn 0.965926 -2.08633e-14 -0.258819
vt 1.21207 1.24858
vt 1.05277 1.24858
f 418/1608/343 424/1609/472 593/1610/350 417/1611/342 

vt 2.10928 1.16984
vt 2.18893 1.16984
vn 0.991445 -2.16258e-14 -0.130526
v 383.211 38.0872 -52.9453
vt 2.18893 1.24858
vn 0.987114 0.0933626 -0.129956
vt 2.10928 1.24858
f 424/1612/472 425/1613/473 594/1614/474 593/1615/350 

vt 2.87587 1.16984
vn -9.11191e-32 -5.63993e-15 1
v 386.211 36.0872 -52.9453
vt 2.99398 1.16984
v 386.211 38.0872 -52.9453
vt 2.99398 1.24858
vn 2.39916e-19 0.0933626 0.995632
vt 2.87587 1.24858
f 425/1616/475 595/1617/475 596/1618/476 594/1619/476 

v 386.211 36.0872 -56.957
vt -2.99398 2.74438
vt -2.99398 2.58644
f 425/1089/6 597/1620/6 595/1621/6

f 597/1620/6 425/1089/6 427/1091/6

vt -2.99398 1.16984
vt -2.87587 1.16984
v 383.211 38.0872 -56.957
vt -2.87587 1.24858
vn 1.9913e-18 0.0933626 -0.995632
v 386.211 38.0872 -56.957
vt -2.99398 1.24858
f 597/1622/70 427/1623/70 598/1624/477 599/1625/477 

vt 3.09628 1.16984
vn 0.991445 -2.23654e-14 0.130526
vt 3.17593 1.16984
vn 0.965926 -2.23297e-14 0.258819
v 383.475 38.0872 -58.9628
vt 3.17593 1.24858
vt 3.09628 1.24858
vn 0.987114 0.0933626 0.129956
f 427/1626/478 566/1627/479 600/1628/354 598/1629/480 

vt 3.71296 1.16984
vt 3.87227 1.16984
vn 0.866025 -2.09475e-14 0.5
v 385.024 38.0872 -62.7011
vt 3.87227 1.24858
vt 3.71296 1.24858
f 566/1630/479 561/1631/481 601/1632/356 600/1633/354 

vt 4.15084 1.16984
vt 4.31014 1.16984
vn 0.707107 -1.79313e-14 0.707107
v 387.487 38.0872 -65.9113
vt 4.31014 1.24858
vt 4.15084 1.24858
f 561/1634/481 560/1635/482 602/1636/358 601/1637/356 

vt 4.30041 1.16984
vt 4.45972 1.16984
vn 0.5 -1.1512e-14 0.866025
v 390.697 38.0872 -68.3745
vt 4.45972 1.24858
vt 4.30041 1.24858
f 560/1638/482 264/1639/483 603/1640/360 602/1641/358 

f 263/667/6 264/668/6 560/1486/6

vt 4.1515 1.16984
vt 4.3108 1.16984
vn 0.258819 -4.8899e-15 0.965926
v 394.435 38.0872 -69.923
vt 4.3108 1.24858
vt 4.1515 1.24858
f 264/1642/483 265/1643/484 604/1644/362 603/1645/360 

vt 3.71423 1.16984
vt 3.79388 1.16984
vn 0.130526 -2.80024e-15 0.991445
v 396.441 38.0872 -70.187
vt 3.79388 1.24858
vn 0.129956 0.0933626 0.987114
vt 3.71423 1.24858
f 265/1646/484 266/1647/485 605/1648/486 604/1649/362 

vt -3.26525 1.16984
v 396.441 36.0872 -67.187
vt -3.14714 1.16984
v 396.441 38.0872 -67.187
vt -3.14714 1.24858
vn -0.995632 0.0933626 5.75798e-19
vt -3.26525 1.24858
f 266/1650/198 606/1651/198 607/1652/487 605/1653/487 

vt -3.39674 3.14714
f 266/670/6 267/671/6 606/1654/6

v 396.441 36.0872 -64.187
vt -3.39674 3.02903
f 606/1654/6 267/671/6 608/1655/6

v 396.441 36.0872 -61.0956
vt -3.39674 2.90732
f 608/1655/6 267/671/6 609/1656/6

v 396.697 36.0872 -57.9822
vt -3.40682 2.78474
f 609/1656/6 267/671/6 610/1657/6

v 397.541 36.0872 -58.3319
vt -3.44005 2.79851
f 610/1657/6 267/671/6 611/1658/6

v 398.447 36.0872 -58.4511
vt -3.47571 2.8032
f 611/1658/6 267/671/6 612/1659/6

v 399.353 36.0872 -58.3319
vt -3.51138 2.79851
f 612/1659/6 267/671/6 613/1660/6

v 400.197 36.0872 -57.9822
vt -3.54461 2.78474
f 613/1660/6 267/671/6 614/1661/6

v 400.453 36.0872 -61.0956
vt -3.55468 2.90732
f 615/1662/6 614/1661/6 267/671/6

v 400.922 36.0872 -57.426
vt -3.57315 2.76284
f 614/1661/6 615/1662/6 616/1663/6

v 401.697 36.0872 -60.5803
vt -3.60367 2.88703
f 616/1663/6 615/1662/6 617/1664/6

vt -2.22453 1.16984
vn 0.5 -2.35731e-18 -0.866025
vt -2.17152 1.16984
vn 0.382683 -4.67428e-18 -0.92388
v 400.453 38.0872 -61.0956
vt -2.17152 1.24858
vn 0.381012 0.0933626 -0.919844
v 401.697 38.0872 -60.5803
vt -2.22453 1.24858
f 617/1665/488 615/1666/489 618/1667/490 619/1668/1 

vt 2.90732 1.16984
vn 1 0 -0
v 400.453 36.0872 -64.187
vt 3.02903 1.16984
v 400.453 38.0872 -64.187
vt 3.02903 1.24858
vn 0.995632 0.0933626 -8.7053e-19
vt 2.90732 1.24858
f 615/1669/491 620/1670/491 621/1671/492 618/1672/492 

v 400.453 36.0872 -67.187
vt -3.55468 3.14714
vt -3.55468 3.02903
f 615/1662/6 622/1673/6 620/1674/6

f 615/1662/6 267/671/6 622/1673/6

vt 3.14714 1.16984
vt 3.26525 1.16984
v 400.453 38.0872 -70.187
vt 3.26525 1.24858
vn 0.995632 0.0933626 -7.67731e-19
v 400.453 38.0872 -67.187
vt 3.14714 1.24858
f 622/1675/491 267/1676/491 623/1677/493 624/1678/493 

vt 3.09807 1.16984
vn -0.130526 -2.79567e-15 0.991445
vt 3.17772 1.16984
vn -0.258819 -2.71353e-15 0.965926
v 402.459 38.0872 -69.923
vt 3.17772 1.24858
vt 3.09807 1.24858
vn -0.129956 0.0933626 0.987114
f 267/1679/494 268/1680/495 625/1681/366 623/1682/496 

vt 2.11148 1.16984
vt 2.27078 1.16984
vn -0.5 -2.44608e-15 0.866025
v 406.197 38.0872 -68.3745
vt 2.27078 1.24858
vt 2.11148 1.24858
f 268/1683/495 269/1684/497 626/1685/368 625/1686/366 

vt 1.05522 1.16984
v 409.407 36.0872 -65.9113
vt 1.21452 1.16984
vn -0.707107 -1.14245e-15 0.707107
v 409.407 38.0872 -65.9113
vt 1.21452 1.24858
vt 1.05522 1.24858
f 269/1687/497 627/1688/498 628/1689/370 626/1690/368 

v 412.085 36.0872 -71.5261
vt -4.01264 3.31797
vt -3.90722 3.09691
f 269/673/6 629/1691/6 627/1692/6

v 412.427 36.0872 -71.9714
vt -4.0261 3.3355
f 269/673/6 630/1693/6 629/1691/6

f 269/673/6 270/674/6 630/1693/6

vt 5.22464 1.16984
vn 0.707107 -6.06122e-15 0.707107
vt 5.24674 1.16984
vn 0.5 -9.96536e-15 0.866025
v 412.872 38.0872 -72.3131
vt 5.24674 1.24858
v 412.427 38.0872 -71.9714
vt 5.22464 1.24858
f 630/1694/499 270/1695/500 631/1696/360 632/1697/358 

vt 5.01741 1.16984
vt 5.03951 1.16984
vn 0.258819 -1.62989e-15 0.965926
v 413.391 38.0872 -72.5279
vt 5.03951 1.24858
vt 5.01741 1.24858
f 270/1698/500 271/1699/501 633/1700/362 631/1701/360 

vt 4.4675 1.16984
vt 4.4896 1.16984
vn 0 2.81979e-15 1
v 413.947 38.0872 -72.6011
vt 4.4896 1.24858
vn -5.1733e-15 0.0941611 0.995557
vt 4.4675 1.24858
f 271/1702/501 272/1703/502 634/1704/503 633/1705/362 

vt 3.61239 1.16984
v 414.503 36.0872 -72.5279
vt 3.63448 1.16984
vn -0.258819 2.72371e-15 0.965926
v 414.503 38.0872 -72.5279
vt 3.63448 1.24858
vt 3.61239 1.24858
f 272/1706/502 635/1707/504 636/1708/366 634/1709/503 

vt -4.10786 3.35741
f 272/676/6 273/677/6 635/1710/6

v 415.022 36.0872 -72.3131
vt -4.12827 3.34895
f 635/1710/6 273/677/6 637/1711/6

v 415.467 36.0872 -71.9714
vt -4.1458 3.3355
f 637/1711/6 273/677/6 638/1712/6

v 415.809 36.0872 -71.5261
vt -4.15925 3.31797
f 638/1712/6 273/677/6 639/1713/6

v 416.024 36.0872 -71.0076
vt -4.16771 3.29755
f 639/1713/6 273/677/6 640/1714/6

v 416.097 36.0872 -70.4511
vt -4.1706 3.27565
f 640/1714/6 273/677/6 641/1715/6

v 462.039 36.0872 -107.148
vt -5.97932 4.72042
f 641/1715/6 273/677/6 642/1716/6

v 462.039 6.37327 -107.148
vt -7.46124 2.64292e-15
vn -0.842777 -2.55956e-15 -0.538263
vt -7.46124 1.16984
vt -7.52455 1.16984
vn -0.674747 -2.0493e-15 -0.738049
v 463.074 6.37327 -108.379
vt -7.52455 3.08701e-15
f 643/1717/505 642/1718/505 273/1719/506 644/1720/506 

v 461.357 6.37327 -105.692
vt -6.74572 -5.16079e-16
vn -0.953373 -1.38712e-15 -0.301796
v 461.357 36.0872 -105.692
vt -6.74572 1.16984
vt -6.80903 1.16984
vt -6.80903 -3.18061e-15
f 645/1721/507 646/1722/507 642/1723/505 643/1724/505 

v 461.076 6.37327 -104.108
vt -5.56833 4.88652e-15
vn -0.998998 1.53984e-19 -0.0447613
v 461.076 36.0872 -104.108
vt -5.56833 1.16984
vt -5.63164 1.16984
vt -5.63164 8.88332e-15
f 647/1725/508 648/1726/508 646/1727/507 645/1728/507 

v 461.215 6.37327 -102.506
vt -4.00931 4.44089e-15
vn -0.976543 -1.43909e-15 0.215324
v 461.215 36.0872 -102.506
vt -4.00931 1.16984
vt -4.07262 1.16984
vt -4.07262 4.88498e-15
f 649/1729/509 650/1730/509 648/1731/508 647/1732/508 

v 461.763 6.37327 -100.995
vt -2.1749 -1.32623e-14
vn -0.887538 -3.95087e-15 0.460734
v 461.763 36.0872 -100.995
vt -2.1749 1.16984
vt -2.23821 1.16984
vt -2.23821 -1.59268e-14
f 651/1733/510 652/1734/510 650/1735/509 649/1736/509 

v 462.684 6.37327 -99.6762
vt -0.190121 -3.04807e-14
vn -0.738049 -4.48331e-15 0.674747
v 462.684 36.0872 -99.6762
vt -0.190121 1.16984
vt -0.253432 1.16984
vt -0.253432 -3.00366e-14
f 653/1737/511 654/1738/511 652/1739/510 651/1740/510 

v 463.914 6.37327 -98.6411
vt 1.80977 -2.21349e-14
vn -0.538263 -2.62057e-15 0.842777
v 463.914 36.0872 -98.6411
vt 1.80977 1.16984
vt 1.74646 1.16984
vt 1.74646 -2.16908e-14
f 655/1741/512 656/1742/512 654/1743/511 653/1744/511 

v 465.371 6.37327 -97.9599
vt 3.68849 -4.86022e-15
vn -0.301796 -9.16628e-16 0.953373
vt 3.68849 1.16984
vt 3.62518 1.16984
vt 3.62518 -2.19568e-15
f 657/1745/513 289/1746/513 656/1747/512 655/1748/512 

v 466.954 6.37327 -97.6788
vt 5.318 -6.23254e-16
vn -0.0447613 1.27678e-16 0.998998
vt 5.318 1.16984
vt 5.25469 1.16984
vt 5.25469 7.09014e-16
f 658/1749/514 288/1750/514 289/1751/513 657/1752/513 

v 468.556 6.37327 -97.8171
vt 6.58725 6.08731e-15
vn 0.215324 2.48387e-15 0.976543
vt 6.58725 1.16984
vt 6.52394 1.16984
vt 6.52394 5.19913e-15
f 659/1753/515 287/1754/515 288/1755/514 658/1756/514 

v 470.068 6.37327 -98.3654
vt 7.40975 9.91899e-15
vn 0.460734 5.59746e-15 0.887538
vt 7.40975 1.16984
vt 7.34644 1.16984
vt 7.34644 1.12513e-14
f 660/1757/516 286/1758/516 287/1759/515 659/1760/515 

v 471.387 6.37327 -99.2862
vt 7.72945 2.53465e-15
vn 0.674747 8.19761e-15 0.738049
vt 7.72945 1.16984
vt 7.66614 1.16984
vt 7.66614 1.64647e-15
f 661/1761/517 285/1762/517 286/1763/516 660/1764/516 

v 472.422 6.37327 -100.517
vt 7.52455 -1.65467e-14
vn 0.842777 8.85067e-15 0.538263
vt 7.52455 1.16984
vt 7.46124 1.16984
vt 7.46124 -1.61027e-14
f 662/1765/518 284/1766/518 285/1767/517 661/1768/517 

v 473.103 6.37327 -101.974
vt 6.80903 -2.63895e-14
vn 0.953373 7.17793e-15 0.301796
vt 6.80903 1.16984
vt 6.74572 1.16984
vt 6.74572 -2.99422e-14
f 663/1769/519 283/1770/519 284/1771/518 662/1772/518 

v 473.384 6.37327 -103.557
vt 5.63164 -3.17204e-14
vn 0.998998 7.5937e-15 0.0447613
vt 5.63164 1.16984
vt 5.56833 1.16984
vt 5.56833 -2.72796e-14
f 664/1773/520 282/1774/520 283/1775/519 663/1776/519 

v 473.246 6.37327 -105.159
vt 4.07262 -6.07996e-14
vn 0.976543 1.0337e-14 -0.215324
vt 4.07262 1.16984
vt 4.00931 1.16984
vt 4.00931 -6.03555e-14
f 665/1777/521 281/1778/521 282/1779/520 664/1780/520 

v 472.697 6.37327 -106.671
vt 2.23821 -8.38959e-14
vn 0.887538 1.07815e-14 -0.460734
vt 2.23821 1.16984
vt 2.1749 1.16984
vt 2.1749 -8.61164e-14
f 666/1781/522 280/1782/522 281/1783/521 665/1784/521 

v 471.776 6.37327 -107.989
vt 0.253432 -7.77207e-14
vn 0.738049 8.96534e-15 -0.674747
vt 0.253432 1.16984
vt 0.190121 1.16984
vt 0.190121 -7.59443e-14
f 667/1785/523 279/1786/523 280/1787/522 666/1788/522 

v 470.546 6.37327 -109.024
vt -1.74646 -5.64685e-14
vn 0.538263 7.18674e-15 -0.842777
vt -1.74646 1.16984
vt -1.80977 1.16984
vt -1.80977 -5.91331e-14
f 668/1789/524 278/1790/524 279/1791/523 667/1792/523 

v 469.089 6.37327 -109.705
vt -3.62518 -4.51368e-14
vn 0.301796 4.31443e-15 -0.953373
vt -3.62518 1.16984
vt -3.68849 1.16984
vt -3.68849 -4.114e-14
f 669/1793/525 277/1794/525 278/1795/524 668/1796/524 

v 467.506 6.37327 -109.986
vt -5.25469 -6.6278e-15
vn 0.0447613 8.0733e-16 -0.998998
vt -5.25469 1.16984
vt -5.318 1.16984
vt -5.318 -1.2401e-14
f 670/1797/526 276/1798/526 277/1799/525 669/1800/525 

v 465.904 6.37327 -109.848
vt -6.52394 6.67772e-15
vn -0.215324 -1.30807e-15 -0.976543
vt -6.52394 1.16984
vt -6.58725 1.16984
vt -6.58725 8.00998e-15
f 671/1801/527 275/1802/527 276/1803/526 670/1804/526 

v 464.392 6.37327 -109.3
vt -7.34644 9.50937e-15
vn -0.460734 -1.9216e-15 -0.887538
vt -7.34644 1.16984
vt -7.40975 1.16984
vt -7.40975 9.50937e-15
f 672/1805/528 274/1806/528 275/1807/527 671/1808/527 

vt -7.66614 7.46515e-15
vt -7.66614 1.16984
vt -7.72945 1.16984
vt -7.72945 5.24471e-15
f 644/1809/506 273/1810/506 274/1811/528 672/1812/528 

vt -6.05317 4.38549
vn -9.3294e-15 -1 -6.71006e-16
f 655/1813/529 644/677/529 672/678/529

vt -6.00472 4.42624
f 653/1814/529 644/677/529 655/1813/529

f 653/1814/529 643/1716/529 644/677/529

vt -5.96846 4.47814
f 651/1815/529 643/1716/529 653/1814/529

vt -5.9525 4.66307
f 651/1815/529 645/1816/529 643/1716/529

vt -5.94688 4.53766
f 649/1817/529 645/1816/529 651/1815/529

vt -5.94143 4.60073
f 645/1816/529 649/1817/529 647/1818/529

v 464.176 6.37327 -103.833
vt -6.06346 4.58988
f 655/1813/529 672/678/529 673/1819/529

v 464.28 6.37327 -104.623
vt -6.06756 4.621
f 673/1819/529 672/678/529 674/1820/529

v 464.585 6.37327 -105.36
vt -6.07957 4.65
f 674/1820/529 672/678/529 675/1821/529

f 675/1821/529 672/678/529 671/679/529

v 465.07 6.37327 -105.992
vt -6.09868 4.67491
f 675/1821/529 671/679/529 676/1822/529

v 465.703 6.37327 -106.478
vt -6.12359 4.69402
f 676/1822/529 671/679/529 677/1823/529

v 466.44 6.37327 -106.783
vt -6.15259 4.70603
f 677/1823/529 671/679/529 678/1824/529

f 678/1824/529 671/679/529 670/680/529

v 467.23 6.37327 -106.887
vt -6.18371 4.71013
f 678/1824/529 670/680/529 679/1825/529

v 468.021 6.37327 -106.783
vt -6.21483 4.70603
f 679/1825/529 670/680/529 680/1826/529

f 680/1826/529 670/680/529 669/681/529

v 468.757 6.37327 -106.478
vt -6.24383 4.69402
f 680/1826/529 669/681/529 681/1827/529

v 469.39 6.37327 -105.992
vt -6.26874 4.67491
f 681/1827/529 669/681/529 682/1828/529

f 682/1828/529 669/681/529 668/682/529

v 469.875 6.37327 -105.36
vt -6.28785 4.65
f 682/1828/529 668/682/529 683/1829/529

v 470.18 6.37327 -104.623
vt -6.29986 4.621
f 683/1829/529 668/682/529 684/1830/529

v 470.284 6.37327 -103.833
vt -6.30396 4.58988
f 684/1830/529 668/682/529 685/1831/529

f 661/689/529 685/1831/529 668/682/529

v 470.18 6.37327 -103.042
vt -6.29986 4.55876
f 661/689/529 686/1832/529 685/1831/529

f 660/690/529 686/1832/529 661/689/529

v 469.875 6.37327 -102.305
vt -6.28785 4.52975
f 660/690/529 687/1833/529 686/1832/529

v 469.39 6.37327 -101.673
vt -6.26874 4.50485
f 660/690/529 688/1834/529 687/1833/529

v 468.757 6.37327 -101.188
vt -6.24383 4.48574
f 660/690/529 689/1835/529 688/1834/529

f 659/691/529 689/1835/529 660/690/529

v 468.021 6.37327 -100.882
vt -6.21483 4.47373
f 659/691/529 690/1836/529 689/1835/529

v 467.23 6.37327 -100.778
vt -6.18371 4.46963
f 659/691/529 691/1837/529 690/1836/529

f 658/692/529 691/1837/529 659/691/529

v 466.44 6.37327 -100.882
vt -6.15259 4.47373
f 658/692/529 692/1838/529 691/1837/529

v 465.703 6.37327 -101.188
vt -6.12359 4.48574
f 658/692/529 693/1839/529 692/1838/529

f 657/693/529 693/1839/529 658/692/529

v 465.07 6.37327 -101.673
vt -6.09868 4.50485
f 657/693/529 694/1840/529 693/1839/529

v 464.585 6.37327 -102.305
vt -6.07957 4.52975
f 657/693/529 695/1841/529 694/1840/529

v 464.28 6.37327 -103.042
vt -6.06756 4.55876
f 657/693/529 696/1842/529 695/1841/529

f 655/1813/529 696/1842/529 657/693/529

f 696/1842/529 655/1813/529 673/1819/529

vt 3.72778 4.67446
vt 3.75917 4.67446
v 464.68 6.87327 -103.833
vt 3.75658 4.7023
v 464.767 6.87327 -103.173
vt 3.73037 4.7023
f 696/1843/287 673/1844/287 697/1845/287 698/1846/287 

vt 5.34205 3.82721
vt 5.37344 3.82721
v 464.767 6.87327 -104.493
vt 5.37085 3.85505
vt 5.34464 3.85505
f 673/1847/288 674/1848/288 699/1849/288 697/1850/288 

vt 6.5912 2.71339
vt 6.62259 2.71339
v 465.022 6.87327 -105.108
vt 6.62 2.74123
vt 6.59379 2.74123
f 674/1851/289 675/1852/289 700/1853/289 699/1854/289 

vt 7.3901 1.40891
vt 7.42149 1.40891
v 465.427 6.87327 -105.636
vt 7.4189 1.43675
vt 7.39269 1.43675
f 675/1855/290 676/1856/290 701/1857/290 700/1858/290 

vt 7.68431 0.00267932
vt 7.7157 0.00267932
v 465.955 6.87327 -106.041
vt 7.71311 0.0305182
vt 7.6869 0.0305182
f 676/1859/291 677/1860/291 702/1861/291 701/1862/291 

vt 7.45378 -1.40948
vt 7.48517 -1.40948
v 466.57 6.87327 -106.296
vt 7.48258 -1.38164
vt 7.45637 -1.38164
f 677/1863/292 678/1864/292 703/1865/292 702/1866/292 

vt 6.71421 -2.73134
vt 6.7456 -2.73134
v 467.23 6.87327 -106.383
vt 6.74301 -2.7035
vt 6.7168 -2.7035
f 678/1867/293 679/1868/293 704/1869/293 703/1870/293 

vt 5.51601 -3.8728
vt 5.5474 -3.8728
v 467.89 6.87327 -106.296
vt 5.54481 -3.84496
vt 5.5186 -3.84496
f 679/1871/294 680/1872/294 705/1873/294 704/1874/294 

vt 3.94084 -4.75608
vt 3.97223 -4.75608
v 468.505 6.87327 -106.041
vt 3.96964 -4.72824
vt 3.94343 -4.72824
f 680/1875/295 681/1876/295 706/1877/295 705/1878/295 

vt 2.09603 -5.32099
vt 2.12742 -5.32099
v 469.033 6.87327 -105.636
vt 2.12483 -5.29315
vt 2.09862 -5.29315
f 681/1879/296 682/1880/296 707/1881/296 706/1882/296 

vt 0.107313 -5.52903
vt 0.138705 -5.52903
v 469.438 6.87327 -105.108
vt 0.136113 -5.50119
vt 0.109905 -5.50119
f 682/1883/297 683/1884/297 708/1885/297 707/1886/297 

vt -1.88979 -5.36602
vt -1.8584 -5.36602
v 469.693 6.87327 -104.493
vt -1.86099 -5.33818
vt -1.8872 -5.33818
f 683/1887/298 684/1888/298 709/1889/298 708/1890/298 

vt -3.75917 -4.84306
vt -3.72778 -4.84306
v 469.78 6.87327 -103.833
vt -3.73037 -4.81522
vt -3.75658 -4.81522
f 684/1891/299 685/1892/299 710/1893/299 709/1894/299 

vt -5.37344 -3.99581
vt -5.34205 -3.99581
v 469.693 6.87327 -103.173
vt -5.34464 -3.96797
vt -5.37085 -3.96797
f 685/1895/300 686/1896/300 711/1897/300 710/1898/300 

vt -6.62259 -2.88199
vt -6.5912 -2.88199
v 469.438 6.87327 -102.558
vt -6.59379 -2.85415
vt -6.62 -2.85415
f 686/1899/301 687/1900/301 712/1901/301 711/1902/301 

vt -7.42149 -1.57752
vt -7.3901 -1.57752
v 469.033 6.87327 -102.03
vt -7.39269 -1.54968
vt -7.4189 -1.54968
f 687/1903/302 688/1904/302 713/1905/302 712/1906/302 

vt -7.7157 -0.171282
vt -7.68431 -0.171282
v 468.505 6.87327 -101.624
vt -7.6869 -0.143443
vt -7.71311 -0.143443
f 688/1907/303 689/1908/303 714/1909/303 713/1910/303 

vt -7.48517 1.24088
vt -7.45378 1.24088
v 467.89 6.87327 -101.37
vt -7.45637 1.26872
vt -7.48258 1.26872
f 689/1911/304 690/1912/304 715/1913/304 714/1914/304 

vt -6.7456 2.56274
vt -6.71421 2.56274
v 467.23 6.87327 -101.283
vt -6.7168 2.59057
vt -6.74301 2.59057
f 690/1915/305 691/1916/305 716/1917/305 715/1918/305 

vt -5.5474 3.7042
vt -5.51601 3.7042
v 466.57 6.87327 -101.37
vt -5.5186 3.73204
vt -5.54481 3.73204
f 691/1919/306 692/1920/306 717/1921/306 716/1922/306 

vt -3.97223 4.58748
vt -3.94084 4.58748
v 465.955 6.87327 -101.624
vt -3.94343 4.61532
vt -3.96964 4.61532
f 692/1923/307 693/1924/307 718/1925/307 717/1926/307 

vt -2.12742 5.15239
vt -2.09603 5.15239
v 465.427 6.87327 -102.03
vt -2.09862 5.18023
vt -2.12483 5.18023
f 693/1927/308 694/1928/308 719/1929/308 718/1930/308 

vt -0.138705 5.36043
vt -0.107313 5.36043
v 465.022 6.87327 -102.558
vt -0.109905 5.38827
vt -0.136113 5.38827
f 694/1931/309 695/1932/309 720/1933/309 719/1934/309 

vt 1.8584 5.19741
vt 1.88979 5.19741
vt 1.8872 5.22525
vt 1.86099 5.22525
f 695/1935/286 696/1936/286 698/1937/286 720/1938/286 

v 465.022 26.0872 -102.558
vt 1.86099 0.776139
vn 0.866025 5.96166e-15 -0.5
vt 1.86099 0.019685
vt 1.8872 0.019685
vn 0.965926 8.95958e-15 -0.258819
v 464.767 26.0872 -103.173
vt 1.8872 0.776139
f 721/1939/530 720/1940/530 698/1941/531 722/1942/531 

v 465.427 26.0872 -102.03
vt -0.136113 0.776139
vn 0.707107 3.14071e-15 -0.707107
vt -0.136113 0.019685
vt -0.109905 0.019685
vt -0.109905 0.776139
f 723/1943/532 719/1944/532 720/1945/530 721/1946/530 

v 465.955 26.0872 -101.624
vt -2.12483 0.776139
vn 0.5 3.25497e-15 -0.866025
vt -2.12483 0.019685
vt -2.09862 0.019685
vt -2.09862 0.776139
f 724/1947/533 718/1948/533 719/1949/532 723/1950/532 

v 466.57 26.0872 -101.37
vt -3.96964 0.776139
vn 0.258819 2.43113e-15 -0.965926
vt -3.96964 0.019685
vt -3.94343 0.019685
vt -3.94343 0.776139
f 725/1951/534 717/1952/534 718/1953/533 724/1954/533 

v 467.23 26.0872 -101.283
vt -5.54481 0.776139
vn -1.77069e-14 -1.37994e-19 -1
vt -5.54481 0.019685
vt -5.5186 0.019685
vt -5.5186 0.776139
f 726/1955/535 716/1956/535 717/1957/534 725/1958/534 

v 467.89 26.0872 -101.37
vt -6.74301 0.776139
vn -0.258819 -4.24424e-15 -0.965926
vt -6.74301 0.019685
vt -6.7168 0.019685
vt -6.7168 0.776139
f 727/1959/536 715/1960/536 716/1961/535 726/1962/535 

v 468.505 26.0872 -101.624
vt -7.48258 0.776139
vn -0.5 -9.39335e-15 -0.866025
vt -7.48258 0.019685
vt -7.45637 0.019685
vt -7.45637 0.776139
f 728/1963/537 714/1964/537 715/1965/536 727/1966/536 

v 469.033 26.0872 -102.03
vt -7.71311 0.776139
vn -0.707107 -9.70607e-15 -0.707107
vt -7.71311 0.019685
vt -7.6869 0.019685
vt -7.6869 0.776139
f 729/1967/538 713/1968/538 714/1969/537 728/1970/537 

v 469.438 26.0872 -102.558
vt -7.4189 0.776139
vn -0.866025 -1.06165e-14 -0.5
vt -7.4189 0.019685
vt -7.39269 0.019685
vt -7.39269 0.776139
f 730/1971/539 712/1972/539 713/1973/538 729/1974/538 

v 469.693 26.0872 -103.173
vt -6.62 0.776139
vn -0.965926 -1.37229e-14 -0.258819
vt -6.62 0.019685
vt -6.59379 0.019685
vt -6.59379 0.776139
f 731/1975/540 711/1976/540 712/1977/539 730/1978/539 

v 469.78 26.0872 -103.833
vt -5.37085 0.776139
vn -1 -1.40897e-14 -0
vt -5.37085 0.019685
vt -5.34464 0.019685
vt -5.34464 0.776139
f 732/1979/541 710/1980/541 711/1981/540 731/1982/540 

v 469.693 26.0872 -104.493
vt -3.75658 0.776139
vn -0.965926 -1.36096e-14 0.258819
vt -3.75658 0.019685
vt -3.73037 0.019685
vt -3.73037 0.776139
f 733/1983/542 709/1984/542 710/1985/541 732/1986/541 

v 469.438 26.0872 -105.108
vt -1.8872 0.776139
vn -0.866025 -1.03228e-14 0.5
vt -1.8872 0.019685
vt -1.86099 0.019685
vt -1.86099 0.776139
f 734/1987/543 708/1988/543 709/1989/542 733/1990/542 

v 469.033 26.0872 -105.636
vt 0.109905 0.776139
vn -0.707107 -9.52563e-15 0.707107
vt 0.109905 0.019685
vt 0.136113 0.019685
vt 0.136113 0.776139
f 735/1991/544 707/1992/544 708/1993/543 734/1994/543 

v 468.505 26.0872 -106.041
vt 2.09862 0.776139
vn -0.5 -9.39317e-15 0.866025
vt 2.09862 0.019685
vt 2.12483 0.019685
vt 2.12483 0.776139
f 736/1995/545 706/1996/545 707/1997/544 735/1998/544 

v 467.89 26.0872 -106.296
vt 3.94343 0.776139
vn -0.258819 -4.24394e-15 0.965926
vt 3.94343 0.019685
vt 3.96964 0.019685
vt 3.96964 0.776139
f 737/1999/546 705/2000/546 706/2001/545 736/2002/545 

v 467.23 26.0872 -106.383
vt 5.5186 0.776139
vn -1.77069e-14 -1.37994e-19 1
vt 5.5186 0.019685
vt 5.54481 0.019685
vt 5.54481 0.776139
f 738/2003/547 704/2004/547 705/2005/546 737/2006/546 

v 466.57 26.0872 -106.296
vt 6.7168 0.776139
vn 0.258819 2.43116e-15 0.965926
vt 6.7168 0.019685
vt 6.74301 0.019685
vt 6.74301 0.776139
f 739/2007/548 703/2008/548 704/2009/547 738/2010/547 

v 465.955 26.0872 -106.041
vt 7.45637 0.776139
vn 0.5 3.25517e-15 0.866025
vt 7.45637 0.019685
vt 7.48258 0.019685
vt 7.48258 0.776139
f 740/2011/549 702/2012/549 703/2013/548 739/2014/548 

v 465.427 26.0872 -105.636
vt 7.6869 0.776139
vn 0.707107 3.32144e-15 0.707107
vt 7.6869 0.019685
vt 7.71311 0.019685
vt 7.71311 0.776139
f 741/2015/550 701/2016/550 702/2017/549 740/2018/549 

v 465.022 26.0872 -105.108
vt 7.39269 0.776139
vn 0.866025 6.25572e-15 0.5
vt 7.39269 0.019685
vt 7.4189 0.019685
vt 7.4189 0.776139
f 742/2019/551 700/2020/551 701/2021/550 741/2022/550 

v 464.767 26.0872 -104.493
vt 6.59379 0.776139
vn 0.965926 9.07309e-15 0.258819
vt 6.59379 0.019685
vt 6.62 0.019685
vt 6.62 0.776139
f 743/2023/552 699/2024/552 700/2025/551 742/2026/551 

v 464.68 26.0872 -103.833
vt 5.34464 0.776139
vn 1 9.39297e-15 -1.39975e-17
vt 5.34464 0.019685
vt 5.37085 0.019685
vt 5.37085 0.776139
f 744/2027/553 697/2028/553 699/2029/552 743/2030/552 

vt 3.73037 0.776139
vt 3.73037 0.019685
vt 3.75658 0.019685
vt 3.75658 0.776139
f 722/2031/531 698/2032/531 697/2033/553 744/2034/553 

vt -6.15773 4.68685
vn 5.7169e-15 -1 1.7558e-15
vt -6.18371 4.69027
vt -6.20969 4.68685
vt -6.23391 4.67682
vt -6.2547 4.66087
vt -6.27065 4.64007
vt -6.28068 4.61586
vt -6.2841 4.58988
vt -6.28068 4.56389
vt -6.27065 4.53968
vt -6.2547 4.51889
vt -6.23391 4.50293
vt -6.20969 4.49291
vt -6.18371 4.48948
vt -6.15773 4.49291
vt -6.13351 4.50293
vt -6.11272 4.51889
vt -6.09677 4.53968
vt -6.08674 4.56389
vt -6.08332 4.58988
vt -6.08674 4.61586
vt -6.09677 4.64007
vt -6.11272 4.66087
vt -6.13351 4.67682
f 739/2035/554 738/2036/554 737/2037/554 736/2038/554 735/2039/554 734/2040/554 733/2041/554 732/2042/554 731/2043/554 730/2044/554 729/2045/554 728/2046/554 727/2047/554 726/2048/554 725/2049/554 724/2050/554 723/2051/554 721/2052/554 722/2053/554 744/2054/554 743/2055/554 742/2056/554 741/2057/554 740/2058/554 

f 661/689/529 668/682/529 667/683/529

f 661/689/529 667/683/529 662/688/529

f 662/688/529 667/683/529 666/684/529

f 662/688/529 666/684/529 663/687/529

f 663/687/529 666/684/529 665/685/529

f 663/687/529 665/685/529 664/686/529

f 308/1050/6 656/1813/6 289/693/6

f 310/1049/6 656/1813/6 308/1050/6

f 310/1049/6 654/1814/6 656/1813/6

f 312/819/6 654/1814/6 310/1049/6

f 312/819/6 652/1815/6 654/1814/6

f 312/819/6 650/1817/6 652/1815/6

f 312/819/6 648/1818/6 650/1817/6

f 648/1818/6 312/819/6 314/815/6

f 316/812/6 648/1818/6 314/815/6

f 318/808/6 648/1818/6 316/812/6

f 320/799/6 648/1818/6 318/808/6

f 322/801/6 648/1818/6 320/799/6

f 324/803/6 648/1818/6 322/801/6

f 326/805/6 648/1818/6 324/803/6

f 328/806/6 648/1818/6 326/805/6

v 416.097 36.0872 -39.4511
vt -4.1706 2.05517
f 745/2059/6 648/1818/6 328/806/6

f 745/2059/6 646/1816/6 648/1818/6

f 745/2059/6 642/1716/6 646/1816/6

f 641/1715/6 642/1716/6 745/2059/6

v 416.024 36.0872 -40.0076
vt -4.16771 2.07708
f 746/2060/6 641/1715/6 745/2059/6

v 416.024 36.0872 -69.8947
vt -4.16771 3.25374
f 746/2060/6 747/2061/6 641/1715/6

v 415.809 36.0872 -40.5261
vt -4.15925 2.0975
f 748/2062/6 747/2061/6 746/2060/6

v 415.809 36.0872 -69.3761
vt -4.15925 3.23332
f 748/2062/6 749/2063/6 747/2061/6

v 415.467 36.0872 -40.9714
vt -4.1458 2.11503
f 750/2064/6 749/2063/6 748/2062/6

v 415.467 36.0872 -68.9308
vt -4.1458 3.21579
f 750/2064/6 751/2065/6 749/2063/6

v 415.022 36.0872 -41.3131
vt -4.12827 2.12848
f 752/2066/6 751/2065/6 750/2064/6

v 415.022 36.0872 -68.5892
vt -4.12827 3.20234
f 752/2066/6 753/2067/6 751/2065/6

v 414.503 36.0872 -41.5279
vt -4.10786 2.13693
f 754/2068/6 753/2067/6 752/2066/6

v 414.503 36.0872 -68.3744
vt -4.10786 3.19388
f 754/2068/6 755/2069/6 753/2067/6

v 413.947 36.0872 -41.6011
vt -4.08595 2.13982
f 756/2070/6 755/2069/6 754/2068/6

v 413.947 36.0872 -68.3011
vt -4.08595 3.191
f 756/2070/6 757/2071/6 755/2069/6

v 413.683 36.0872 -52.9453
vt -4.07555 2.58644
f 756/2070/6 758/2072/6 757/2071/6

v 413.419 36.0872 -50.9394
vt -4.06516 2.50747
f 756/2070/6 759/2073/6 758/2072/6

v 413.391 36.0872 -41.5279
vt -4.06404 2.13693
f 760/2074/6 759/2073/6 756/2070/6

v 412.872 36.0872 -41.3131
vt -4.04363 2.12848
f 761/2075/6 759/2073/6 760/2074/6

v 412.427 36.0872 -40.9714
vt -4.0261 2.11503
f 762/2076/6 759/2073/6 761/2075/6

v 412.085 36.0872 -40.5261
vt -4.01264 2.0975
f 763/2077/6 759/2073/6 762/2076/6

v 411.87 36.0872 -47.2011
vt -4.00419 2.36029
f 763/2077/6 764/2078/6 759/2073/6

v 411.87 36.0872 -40.0076
vt -4.00419 2.07708
f 765/2079/6 764/2078/6 763/2077/6

v 411.797 36.0872 -39.4511
vt -4.0013 2.05517
f 766/2080/6 764/2078/6 765/2079/6

v 409.407 36.0872 -43.991
vt -3.90722 2.23391
f 764/2078/6 766/2080/6 767/2081/6

v 411.87 36.0872 -38.8947
vt -4.00419 2.03326
f 768/2082/6 767/2081/6 766/2080/6

v 412.085 36.0872 -38.3761
vt -4.01264 2.01285
f 769/2083/6 767/2081/6 768/2082/6

v 406.197 36.0872 -41.5277
vt -3.78083 2.13693
f 769/2083/6 770/2084/6 767/2081/6

v 412.427 36.0872 -37.9308
vt -4.0261 1.99532
f 771/2085/6 770/2084/6 769/2083/6

f 334/800/6 770/2084/6 771/2085/6

v 402.459 36.0872 -39.9793
vt -3.63365 2.07597
f 334/800/6 772/2086/6 770/2084/6

v 400.453 36.0872 -39.7152
vt -3.55468 2.06557
f 334/800/6 773/2087/6 772/2086/6

f 334/800/6 408/1052/6 773/2087/6

v 396.697 36.0872 -51.92
vt -3.40682 2.54607
f 773/2087/6 408/1052/6 774/2088/6

v 396.441 36.0872 -42.7152
vt -3.39674 2.18368
f 775/2089/6 774/2088/6 408/1052/6

v 396.441 36.0872 -45.7152
vt -3.39674 2.30179
f 776/2090/6 774/2088/6 775/2089/6

v 396.441 36.0872 -48.8066
vt -3.39674 2.4235
f 777/2091/6 774/2088/6 776/2090/6

v 395.972 36.0872 -52.4762
vt -3.37828 2.56797
f 777/2091/6 778/2092/6 774/2088/6

v 395.416 36.0872 -53.2011
vt -3.35638 2.59651
f 777/2091/6 779/2093/6 778/2092/6

v 395.197 36.0872 -49.3219
vt -3.34776 2.44379
f 780/2094/6 779/2093/6 777/2091/6

v 395.066 36.0872 -54.0452
vt -3.34261 2.62974
f 780/2094/6 781/2095/6 779/2093/6

v 394.947 36.0872 -54.9511
vt -3.33792 2.66541
f 780/2094/6 782/2096/6 781/2095/6

v 393.851 36.0872 -50.3549
vt -3.29476 2.48446
f 782/2096/6 780/2094/6 783/2097/6

vt 1.10147 1.16984
vn -0.707107 1.1624e-14 0.707107
vt 1.16827 1.16984
vn -0.5 3.46816e-15 0.866025
v 395.197 38.0872 -49.3219
vt 1.16827 1.24858
v 393.851 38.0872 -50.3549
vt 1.10147 1.24858
f 783/2098/555 780/2099/556 784/2100/368 785/2101/370 

vt 2.15773 1.16984
vt 2.21075 1.16984
vn -0.382683 -2.43454e-29 0.92388
v 396.441 38.0872 -48.8066
vt 2.21075 1.24858
vn -0.381012 0.0933626 0.919844
vt 2.15773 1.24858
f 780/2102/556 777/2103/557 786/2104/558 784/2105/368 

vt -2.4235 1.16984
vt -2.30179 1.16984
v 396.441 38.0872 -45.7152
vt -2.30179 1.24858
vn -0.995632 0.0933626 -7.78895e-19
vt -2.4235 1.24858
f 777/2106/198 776/2107/198 787/2108/559 786/2109/559 

vt -3.06724 1.16984
vn 0.130526 8.30377e-30 -0.991445
v 395.988 36.0872 -45.7748
vt -3.04925 1.16984
vn 0.258819 1.31853e-15 -0.965926
v 395.988 38.0872 -45.7748
vt -3.04925 1.24858
vt -3.06724 1.24858
vn 0.129956 0.0933626 -0.987114
f 776/2110/560 788/2111/561 789/2112/336 787/2113/562 

vt -3.37891 2.30414
f 775/2089/6 788/2114/6 776/2090/6

v 395.212 36.0872 -42.877
vt -3.34834 2.19005
f 790/2115/6 788/2114/6 775/2089/6

v 393.697 36.0872 -46.7239
vt -3.28871 2.3415
f 790/2115/6 791/2116/6 788/2114/6

v 392.197 36.0872 -44.1258
vt -3.22965 2.23922
f 792/2117/6 791/2116/6 790/2115/6

v 391.729 36.0872 -48.2336
vt -3.21124 2.40094
f 792/2117/6 793/2118/6 791/2116/6

v 390.22 36.0872 -50.2011
vt -3.15181 2.4784
f 792/2117/6 794/2119/6 793/2118/6

v 389.608 36.0872 -46.1123
vt -3.12773 2.31742
f 795/2120/6 794/2119/6 792/2117/6

v 389.271 36.0872 -52.4923
vt -3.11444 2.56861
f 795/2120/6 796/2121/6 794/2119/6

v 389.211 36.0872 -52.9453
vt -3.11209 2.58644
f 795/2120/6 797/2122/6 796/2121/6

v 387.622 36.0872 -48.7011
vt -3.04952 2.41935
f 798/2123/6 797/2122/6 795/2120/6

v 389.211 36.0872 -56.957
vt -3.11209 2.74438
f 797/2122/6 798/2123/6 799/2124/6

v 389.608 36.0872 -63.7899
vt -3.12773 3.01339
f 798/2123/6 800/2125/6 799/2124/6

v 387.622 36.0872 -61.2011
vt -3.04952 2.91147
f 798/2123/6 801/2126/6 800/2125/6

v 386.373 36.0872 -51.7159
vt -3.00036 2.53804
f 802/2127/6 801/2126/6 798/2123/6

v 386.373 36.0872 -58.1864
vt -3.00036 2.79278
f 802/2127/6 803/2128/6 801/2126/6

f 595/1621/6 803/2128/6 802/2127/6

f 595/1621/6 597/1620/6 803/2128/6

vt -3.16051 1.16984
vn -0.965926 1.72754e-14 -0.258819
vt -3.11169 1.16984
vn -0.991445 2.27372e-14 -0.130526
vt -3.11169 1.24858
vn -0.987114 0.0933626 -0.129956
v 386.373 38.0872 -58.1864
vt -3.16051 1.24858
f 803/2129/563 597/2130/564 599/2131/565 804/2132/378 

vt -3.16051 1.71207
vt -3.11169 1.71207
v 386.351 38.9281 -56.7979
vt -3.1062 1.74576
v 386.528 38.9281 -58.1448
vt -3.15969 1.74576
f 804/2133/378 599/2134/565 805/2135/406 806/2136/406 

vt -2.99398 0.716607
vt -2.87587 0.716607
v 383.03 38.9281 -56.7979
vt -2.86873 0.7503
vn 4.68042e-16 0.707107 -0.707106
vt -2.99948 0.7503
f 599/2137/477 598/2138/477 807/2139/566 805/2140/566 

vt 3.09628 0.76333
vt 3.17593 0.76333
v 383.32 38.9281 -59.0043
vt 3.17675 0.797024
vt 3.08913 0.797024
f 598/2141/480 600/2142/354 808/2143/393 807/2144/393 

vt 3.71296 0.931939
vt 3.87227 0.931939
v 384.885 38.9281 -62.7814
vt 3.87309 0.965632
vt 3.71214 0.965632
f 600/2145/354 601/2146/356 809/2147/394 808/2148/394 

vt 4.15084 1.12831
vt 4.31014 1.12831
v 387.373 38.9281 -66.0247
vt 4.31097 1.162
vt 4.15001 1.162
f 601/2149/356 602/2150/358 810/2151/395 809/2152/395 

vt 4.30041 1.33906
vt 4.45972 1.33906
v 390.617 38.9281 -68.5135
vt 4.46054 1.37275
vt 4.29959 1.37275
f 602/2153/358 603/2154/360 811/2155/396 810/2156/396 

vt 4.1515 1.54982
vt 4.3108 1.54982
v 394.394 38.9281 -70.078
vt 4.31162 1.58351
vt 4.15067 1.58351
f 603/2157/360 604/2158/362 812/2159/397 811/2160/397 

vt 3.71423 1.74624
vt 3.79388 1.74624
v 396.6 38.9281 -70.3685
vt 3.80103 1.77993
vt 3.71341 1.77993
f 604/2161/362 605/2162/486 813/2163/399 812/2164/399 

vt -3.26525 1.8583
vt -3.14714 1.8583
v 396.6 38.9281 -67.0475
vt -3.14164 1.89199
vn -0.707106 0.707107 1.20568e-18
vt -3.27239 1.89199
f 605/2165/487 607/2166/487 814/2167/567 813/2168/567 

vt -3.77847 0.729161
vn -0.129956 0.0933626 -0.987114
v 395.212 38.0872 -67.0252
vt -3.72965 0.729161
v 395.253 38.9281 -66.8702
vt -3.73047 0.762855
vt -3.78396 0.762855
f 607/2169/568 815/2170/386 816/2171/411 814/2172/411 

vt -3.77847 1.16984
vn -0.130526 2.80001e-15 -0.991445
v 395.212 36.0872 -67.0252
vt -3.72965 1.16984
vn -0.258819 4.04379e-15 -0.965926
vt -3.72965 1.24858
vt -3.77847 1.24858
f 606/2173/569 817/2174/570 815/2175/386 607/2176/568 

v 395.988 36.0872 -64.1274
vt -3.37891 3.02668
vt -3.34834 3.14077
f 818/2177/6 817/2178/6 606/1654/6

v 393.697 36.0872 -63.1784
vt -3.28871 2.98932
f 819/2179/6 817/2178/6 818/2177/6

v 392.197 36.0872 -65.7764
vt -3.22965 3.0916
f 819/2179/6 820/2180/6 817/2178/6

v 391.729 36.0872 -61.6686
vt -3.21124 2.92988
f 821/2181/6 820/2180/6 819/2179/6

v 390.22 36.0872 -59.7011
vt -3.15181 2.85242
f 822/2182/6 820/2180/6 821/2181/6

f 822/2182/6 800/2125/6 820/2180/6

v 389.271 36.0872 -57.4099
vt -3.11444 2.76221
f 823/2183/6 800/2125/6 822/2182/6

f 799/2124/6 800/2125/6 823/2183/6

vt 3.12711 1.16984
vn 0.991445 -1.11837e-14 0.130526
vt 3.1451 1.16984
vn 0.965926 -5.63924e-15 0.258819
v 389.271 38.0872 -57.4099
vt 3.1451 1.24858
v 389.211 38.0872 -56.957
vt 3.12711 1.24858
f 799/2184/571 823/2185/572 824/2186/354 825/2187/480 

vt 3.7438 1.16984
vt 3.84143 1.16984
vn 0.866025 -4.51032e-15 0.5
v 390.22 38.0872 -59.7011
vt 3.84143 1.24858
vt 3.7438 1.24858
f 823/2188/572 822/2189/573 826/2190/356 824/2191/354 

vt 4.18167 1.16984
vt 4.27931 1.16984
vn 0.707107 -7.96433e-15 0.707107
v 391.729 38.0872 -61.6686
vt 4.27931 1.24858
vt 4.18167 1.24858
f 822/2192/573 821/2193/574 827/2194/358 826/2195/356 

vt 4.33125 1.16984
vt 4.42889 1.16984
vn 0.5 -4.77305e-15 0.866025
v 393.697 38.0872 -63.1784
vt 4.42889 1.24858
vt 4.33125 1.24858
f 821/2196/574 819/2197/575 828/2198/360 827/2199/358 

vt 4.18233 1.16984
vt 4.27997 1.16984
vn 0.258819 -2.72982e-15 0.965926
v 395.988 38.0872 -64.1274
vt 4.27997 1.24858
vt 4.18233 1.24858
f 819/2200/575 818/2201/576 829/2202/362 828/2203/360 

vt 3.74506 1.16984
vt 3.76305 1.16984
vn 0.130526 -2.79567e-15 0.991445
v 396.441 38.0872 -64.187
vt 3.76305 1.24858
vt 3.74506 1.24858
f 818/2204/576 608/2205/577 830/2206/486 829/2207/362 

f 818/2177/6 606/1654/6 608/1655/6

vt -3.02903 1.16984
vt -2.90732 1.16984
v 396.441 38.0872 -61.0956
vt -2.90732 1.24858
vn -0.995632 0.0933626 -1.37452e-19
vt -3.02903 1.24858
f 608/2208/198 609/2209/198 831/2210/578 830/2211/578 

vt -4.25076 1.16984
vn -0.382683 2.60452e-15 -0.92388
v 395.197 36.0872 -60.5803
vt -4.19775 1.16984
vn -0.5 4.78165e-15 -0.866025
v 395.197 38.0872 -60.5803
vt -4.19775 1.24858
vt -4.25076 1.24858
vn -0.381012 0.0933626 -0.919844
f 609/2212/579 832/2213/580 833/2214/384 831/2215/581 

v 395.416 36.0872 -56.7011
vt -3.35638 2.73431
vt -3.34776 2.88703
f 834/2216/6 832/2217/6 609/1656/6

v 395.066 36.0872 -55.857
vt -3.34261 2.70107
f 835/2218/6 832/2217/6 834/2216/6

f 782/2096/6 832/2217/6 835/2218/6

f 783/2097/6 832/2217/6 782/2096/6

v 393.851 36.0872 -59.5473
vt -3.29476 2.84636
f 783/2097/6 836/2219/6 832/2217/6

v 392.818 36.0872 -51.7011
vt -3.25409 2.53746
f 837/2220/6 836/2219/6 783/2097/6

v 392.818 36.0872 -58.2011
vt -3.25409 2.79336
f 837/2220/6 838/2221/6 836/2219/6

v 392.302 36.0872 -52.9453
vt -3.2338 2.58644
f 839/2222/6 838/2221/6 837/2220/6

v 392.302 36.0872 -56.957
vt -3.2338 2.74438
f 839/2222/6 840/2223/6 838/2221/6

f 797/2122/6 840/2223/6 839/2222/6

f 840/2223/6 797/2122/6 799/2124/6

vt -3.2338 1.16984
vt -3.11209 1.16984
vt -3.11209 1.24858
vn 1.64209e-16 0.0933626 -0.995632
v 392.302 38.0872 -56.957
vt -3.2338 1.24858
f 840/2224/70 799/2225/70 825/2226/582 841/2227/582 

vt -3.2338 0.716607
vt -3.11209 0.716607
v 389.03 38.9281 -56.7979
vt -3.10495 0.7503
vn 1.44607e-15 0.707107 -0.707106
v 392.409 38.9281 -56.7979
vt -3.23799 0.7503
f 841/2228/582 825/2229/582 842/2230/583 843/2231/583 

vt 3.12711 0.71979
vt 3.1451 0.71979
v 389.116 38.9281 -57.4514
vt 3.14592 0.753484
vt 3.11997 0.753484
f 825/2232/480 824/2233/354 844/2234/393 842/2235/393 

vt 3.7438 0.888399
vt 3.84143 0.888399
v 390.081 38.9281 -59.7814
vt 3.84226 0.922092
vt 3.74297 0.922092
f 824/2236/354 826/2237/356 845/2238/394 844/2239/394 

vt 4.18167 1.08477
vt 4.27931 1.08477
v 391.616 38.9281 -61.7821
vt 4.28013 1.11846
vt 4.18085 1.11846
f 826/2240/356 827/2241/358 846/2242/395 845/2243/395 

vt 4.33125 1.29552
vt 4.42889 1.29552
v 393.617 38.9281 -63.3173
vt 4.42971 1.32921
vt 4.33042 1.32921
f 827/2244/358 828/2245/360 847/2246/396 846/2247/396 

vt 4.18233 1.50628
vt 4.27997 1.50628
v 395.947 38.9281 -64.2824
vt 4.28079 1.53997
vt 4.1815 1.53997
f 828/2248/360 829/2249/362 848/2250/397 847/2251/397 

vt 3.74506 1.7027
vt 3.76305 1.7027
v 396.6 38.9281 -64.3685
vt 3.77019 1.73639
vt 3.74424 1.73639
f 829/2252/362 830/2253/486 849/2254/399 848/2255/399 

vt -3.02903 1.8583
vt -2.90732 1.8583
v 396.6 38.9281 -60.9893
vt -2.90313 1.89199
vn -0.707106 0.707107 -1.65633e-19
vt -3.03617 1.89199
f 830/2256/578 831/2257/578 850/2258/584 849/2259/584 

vt -4.25076 0.969117
vt -4.19775 0.969117
v 395.277 38.9281 -60.4413
vt -4.19857 1.00281
vt -4.25495 1.00281
f 831/2260/581 833/2261/384 851/2262/410 850/2263/410 

vt -4.41347 1.17988
v 393.851 38.0872 -59.5473
vt -4.34666 1.17988
v 393.964 38.9281 -59.4338
vt -4.34749 1.21357
vt -4.41264 1.21357
f 833/2264/384 852/2265/382 853/2266/409 851/2267/409 

vt -4.41347 1.16984
vt -4.34666 1.16984
vn -0.707107 1.33527e-14 -0.707107
vt -4.34666 1.24858
vt -4.41347 1.24858
f 832/2268/580 836/2269/585 852/2270/382 833/2271/384 

vt -4.26389 1.16984
vt -4.19709 1.16984
vn -0.866025 1.56849e-14 -0.5
v 392.818 38.0872 -58.2011
vt -4.19709 1.24858
vt -4.26389 1.24858
f 836/2272/585 838/2273/586 854/2274/380 852/2275/382 

vt -3.82602 1.16984
vt -3.773 1.16984
vn -0.92388 1.15014e-14 -0.382683
vt -3.773 1.24858
vn -0.919844 0.0933626 -0.381012
vt -3.82602 1.24858
f 838/2276/586 840/2277/587 841/2278/588 854/2279/380 

vt -3.82602 1.587
vt -3.773 1.587
vt -3.76881 1.62069
v 392.957 38.9281 -58.1209
vt -3.82519 1.62069
f 854/2280/380 841/2281/588 843/2282/407 855/2283/407 

vt -3.82519 2.14807
vt -3.76881 2.14807
v 392.971 39.0872 -55.957
vt -3.74669 2.18177
vn -0.0576131 0.994609 -0.0862241
v 393.691 39.0872 -57.6968
vt -3.82083 2.18177
f 855/2284/407 843/2285/407 856/2286/589 857/2287/426 

vt -3.23799 -2.45211
vt -3.10495 -2.45211
v 388.071 39.0872 -55.957
vt -3.0672 -2.41841
vn 0.0619502 0.996599 -0.0543289
vt -3.26011 -2.41841
f 843/2288/583 842/2289/583 858/2290/590 856/2291/589 

vt 3.11997 -2.43528
vt 3.14592 -2.43528
v 388.296 39.0872 -57.6709
vt 3.15028 -2.40159
vt 3.08222 -2.40159
f 842/2292/393 844/2293/393 859/2294/147 858/2295/590 

vt 3.74297 -1.54415
vt 3.84226 -1.54415
v 389.346 39.0872 -60.2054
vt 3.84662 -1.51046
vt 3.73861 -1.51046
f 844/2296/394 845/2297/394 860/2298/415 859/2299/147 

vt 4.18085 -0.506304
vt 4.28013 -0.506304
v 391.016 39.0872 -62.3818
vt 4.28449 -0.472611
vt 4.17649 -0.472611
f 845/2300/395 846/2301/395 861/2302/416 860/2303/415 

vt 4.33042 0.607535
vt 4.42971 0.607535
v 393.193 39.0872 -64.0519
vt 4.43407 0.641229
vt 4.32606 0.641229
f 846/2304/396 847/2305/396 862/2306/144 861/2307/416 

vt 4.1815 1.72146
vt 4.28079 1.72146
v 395.727 39.0872 -65.1017
vt 4.28515 1.75515
vt 4.17715 1.75515
f 847/2308/397 848/2309/397 863/2310/417 862/2311/144 

vt 3.74424 2.75956
vt 3.77019 2.75956
v 397.441 39.0872 -65.3273
vt 3.80794 2.79325
vt 3.73988 2.79325
f 848/2312/399 849/2313/399 864/2314/441 863/2315/417 

vt -3.03617 3.58196
vt -2.90313 3.58196
v 397.441 39.0872 -60.4274
vt -2.88101 3.61565
vn -0.0862241 0.994609 -0.0576131
vt -3.07392 3.61565
f 849/2316/584 850/2317/584 865/2318/591 864/2319/441 

vt -4.25495 -1.11754
vt -4.19857 -1.11754
v 395.701 39.0872 -59.7068
vt -4.20293 -1.08385
vt -4.27707 -1.08385
f 850/2320/410 851/2321/410 866/2322/428 865/2323/591 

vt -4.41264 -0.00361591
vt -4.34749 -0.00361591
v 394.564 39.0872 -58.8341
vt -4.35185 0.0300776
vt -4.40829 0.0300776
f 851/2324/409 853/2325/409 867/2326/427 866/2327/428 

vt -4.26307 1.11022
vt -4.19791 1.11022
vt -4.20227 1.14392
vt -4.25871 1.14392
f 853/2328/408 855/2329/408 857/2330/426 867/2331/427 

vt -4.26389 1.39063
vt -4.19709 1.39063
vt -4.19791 1.42432
vt -4.26307 1.42432
f 852/2332/382 854/2333/380 855/2334/408 853/2335/408 

vt 3.28848 2.77351
v 394.092 39.0872 -56.118
vt 3.30426 2.71135
vt 3.32284 2.81828
f 857/2336/426 868/2337/147 867/2338/427

v 393.938 39.0872 -54.9511
vt 3.29821 2.66541
vn 0.123373 0.99236 8.39506e-16
f 868/2337/147 857/2336/426 869/2339/592

v 393.691 39.0872 -52.2054
vt 3.28848 2.55731
f 857/2336/426 870/2340/422 869/2339/592

vt 3.26011 2.70501
f 856/2341/589 870/2340/422 857/2336/426

v 392.971 39.0872 -53.9453
vt 3.26011 2.62581
vn -0.0576131 0.994609 0.0862241
f 856/2341/589 871/2342/593 870/2340/422

vt 3.0672 2.70501
f 858/2343/590 871/2342/593 856/2341/589

v 388.071 39.0872 -53.9453
vt 3.0672 2.62581
f 871/2342/593 858/2343/590 872/2344/471

v 387.347 39.0872 -57.9253
vt 3.03871 2.7825
f 858/2343/590 873/2345/425 872/2344/471

v 388.495 39.0872 -60.6968
vt 3.08391 2.89162
f 873/2345/425 858/2343/590 874/2346/426

vt 3.07608 2.77249
f 874/2346/426 858/2343/590 859/2347/147

vt 3.11742 2.87227
f 874/2346/426 859/2347/147 860/2348/415

v 390.321 39.0872 -63.0767
vt 3.15581 2.98532
f 874/2346/426 860/2348/415 875/2349/427

vt 3.18316 2.95796
f 875/2349/427 860/2348/415 861/2350/416

v 392.701 39.0872 -64.9029
vt 3.24951 3.05721
f 875/2349/427 861/2350/416 876/2351/428

vt 3.26885 3.02371
f 876/2351/428 861/2350/416 862/2352/144

v 395.473 39.0872 -66.0509
vt 3.35862 3.10241
f 876/2351/428 862/2352/144 877/2353/429

vt 3.36863 3.06504
f 877/2353/429 862/2352/144 863/2354/417

v 397.441 39.0872 -66.3101
vt 3.43611 3.11261
vn -0.0705688 0.995585 -0.0618872
f 877/2353/429 863/2354/417 878/2355/594

vt 3.43611 3.07392
f 878/2355/594 863/2354/417 864/2356/441

v 398.447 39.0872 -59.4597
vt 3.47571 2.84291
vn -4.34267e-16 0.99236 0.123373
f 864/2356/441 879/2357/595 878/2355/594

vt 3.43611 2.88101
f 865/2358/591 879/2357/595 864/2356/441

v 397.28 39.0872 -59.3061
vt 3.42977 2.83687
f 865/2358/591 880/2359/417 879/2357/595

v 396.193 39.0872 -58.8557
vt 3.38696 2.81913
f 865/2358/591 881/2360/144 880/2359/417

vt 3.36762 2.85264
f 866/2361/428 881/2360/144 865/2358/591

v 395.259 39.0872 -58.1392
vt 3.3502 2.79092
f 866/2361/428 882/2362/416 881/2360/144

f 867/2338/427 882/2362/416 866/2361/428

v 394.542 39.0872 -57.2054
vt 3.32199 2.75416
f 867/2338/427 883/2363/415 882/2362/416

f 867/2338/427 868/2337/147 883/2363/415

v 394.911 38.9281 -55.8985
vt 3.7738 -1.77427
v 395.277 38.9281 -56.7814
vt 3.81143 -1.77427
vt 3.81578 -1.74058
vt 3.76945 -1.74058
f 884/2364/394 885/2365/394 883/2366/415 868/2367/147 

v 395.066 38.0872 -55.857
vt 3.77463 0.844859
v 395.416 38.0872 -56.7011
vt 3.8106 0.844859
vt 3.81143 0.878552
vt 3.7738 0.878552
f 886/2368/354 887/2369/356 885/2370/394 884/2371/394 

vt 3.77463 1.16984
vn 0.965926 -1.08989e-14 0.258819
vt 3.8106 1.16984
vn 0.866025 -5.25933e-15 0.5
vt 3.8106 1.24858
vt 3.77463 1.24858
f 835/2372/596 834/2373/597 887/2374/356 886/2375/354 

vt 4.21251 1.16984
v 395.972 36.0872 -57.426
vt 4.24848 1.16984
vn 0.707107 -1.12995e-15 0.707107
v 395.972 38.0872 -57.426
vt 4.24848 1.24858
vt 4.21251 1.24858
f 834/2376/597 888/2377/598 889/2378/358 887/2379/356 

vt -3.37828 2.76284
f 834/2216/6 609/1656/6 888/2380/6

f 888/2380/6 609/1656/6 610/1657/6

vt 4.36208 1.16984
vt 4.39805 1.16984
vn 0.5 -2.44173e-15 0.866025
v 396.697 38.0872 -57.9822
vt 4.39805 1.24858
vt 4.36208 1.24858
f 888/2381/598 610/2382/599 890/2383/360 889/2384/358 

vt 4.21316 1.16984
vt 4.24913 1.16984
vn 0.258819 -1.31178e-15 0.965926
v 397.541 38.0872 -58.3319
vt 4.24913 1.24858
vt 4.21316 1.24858
f 610/2385/599 611/2386/600 891/2387/362 890/2388/360 

vt 3.7759 1.16984
vt 3.81187 1.16984
v 398.447 38.0872 -58.4511
vt 3.81187 1.24858
vn 0 0.0941611 0.995557
vt 3.7759 1.24858
f 611/2389/600 612/2390/115 892/2391/601 891/2392/362 

vt 3.08009 1.16984
vt 3.11606 1.16984
vn -0.258819 4.3536e-15 0.965926
v 399.353 38.0872 -58.3319
vt 3.11606 1.24858
vt 3.08009 1.24858
f 612/2393/115 613/2394/602 893/2395/366 892/2396/601 

vt 2.17315 1.16984
vt 2.20912 1.16984
vn -0.5 1.12792e-14 0.866025
v 400.197 38.0872 -57.9822
vt 2.20912 1.24858
vt 2.17315 1.24858
f 613/2397/602 614/2398/603 894/2399/368 893/2400/366 

vt 1.11688 1.16984
vt 1.15286 1.16984
vn -0.707107 6.06122e-15 0.707107
v 400.922 38.0872 -57.426
vt 1.15286 1.24858
vt 1.11688 1.24858
f 614/2401/603 616/2402/604 895/2403/370 894/2404/368 

vt -0.0167169 1.16984
v 401.478 36.0872 -56.7011
vt 0.0192549 1.16984
vn -0.866025 -1.95444e-15 0.5
v 401.478 38.0872 -56.7011
vt 0.0192549 1.24858
vt -0.0167169 1.24858
f 616/2405/604 896/2406/605 897/2407/372 895/2408/370 

vt -3.59505 2.73431
f 616/1663/6 617/1664/6 896/2409/6

v 401.828 36.0872 -55.857
vt -3.60881 2.70107
f 896/2409/6 617/1664/6 898/2410/6

v 403.043 36.0872 -59.5473
vt -3.65667 2.84636
f 898/2410/6 617/1664/6 899/2411/6

vt -1.16827 1.16984
vn 0.707107 0 -0.707107
vt -1.10147 1.16984
vt -1.10147 1.24858
v 403.043 38.0872 -59.5473
vt -1.16827 1.24858
f 899/2412/606 617/2413/488 619/2414/1 900/2415/2 

vt -1.16827 0.393156
vt -1.10147 0.393156
v 401.617 38.9281 -60.4413
vt -1.10229 0.426849
v 402.93 38.9281 -59.4338
vt -1.16745 0.426849
f 900/2416/2 619/2417/1 901/2418/3 902/2419/3 

vt -2.22453 0.474561
vt -2.17152 0.474561
v 400.294 38.9281 -60.9893
vt -2.16733 0.508255
vt -2.22371 0.508255
f 619/2420/1 618/2421/490 903/2422/337 901/2423/337 

vt 2.90732 0.565963
vt 3.02903 0.565963
v 400.294 38.9281 -64.3685
vt 3.03617 0.599657
vn 0.707106 0.707107 4.63394e-16
vt 2.90313 0.599657
f 618/2424/492 621/2425/492 904/2426/607 903/2427/607 

vt 3.12891 1.87138
v 400.906 38.0872 -64.1274
vt 3.14689 1.87138
v 400.947 38.9281 -64.2824
vt 3.14772 1.90507
vt 3.12176 1.90507
f 621/2428/496 905/2429/366 906/2430/400 904/2431/400 

vt 3.12891 1.16984
vn -0.130526 -2.79672e-15 0.991445
v 400.906 36.0872 -64.1274
vt 3.14689 1.16984
vn -0.258819 -1.40228e-15 0.965926
vt 3.14689 1.24858
vt 3.12891 1.24858
f 620/2432/608 907/2433/609 905/2434/366 621/2435/496 

v 401.682 36.0872 -67.0252
vt -3.60308 3.14077
vt -3.57252 3.02668
f 620/1674/6 908/2436/6 907/2437/6

f 908/2436/6 620/1674/6 622/1673/6

vt -3.16231 1.16984
vn 0.258819 4.0527e-15 -0.965926
vt -3.11349 1.16984
vn 0.130526 2.79567e-15 -0.991445
vt -3.11349 1.24858
v 401.682 38.0872 -67.0252
vt -3.16231 1.24858
f 908/2438/610 622/2439/611 624/2440/562 909/2441/336 

vt -3.16231 0.560477
vt -3.11349 0.560477
v 400.294 38.9281 -67.0475
vt -3.108 0.594171
v 401.641 38.9281 -66.8702
vt -3.16148 0.594171
f 909/2442/336 624/2443/562 910/2444/413 911/2445/413 

vt 3.14714 0.565963
vt 3.26525 0.565963
v 400.294 38.9281 -70.3685
vt 3.27239 0.599657
vn 0.707106 0.707107 4.63566e-16
vt 3.14164 0.599657
f 624/2446/493 623/2447/493 912/2448/612 910/2449/612 

vt 3.09807 1.91492
vt 3.17772 1.91492
v 402.5 38.9281 -70.078
vt 3.17855 1.94861
vt 3.09093 1.94861
f 623/2450/496 625/2451/366 913/2452/400 912/2453/400 

vt 2.11148 2.04438
vt 2.27078 2.04438
v 406.277 38.9281 -68.5135
vt 2.27161 2.07807
vt 2.11066 2.07807
f 625/2454/366 626/2455/368 914/2456/401 913/2457/401 

vt 1.05522 2.12578
vt 1.21452 2.12578
v 409.521 38.9281 -66.0247
vt 1.21535 2.15947
vt 1.05439 2.15947
f 626/2458/368 628/2459/370 915/2460/402 914/2461/402 

vt -0.0783828 2.15359
v 411.87 38.0872 -62.7011
vt 0.0809208 2.15359
v 412.009 38.9281 -62.7814
vt 0.0817455 2.18728
vt -0.0792074 2.18728
f 628/2462/370 916/2463/372 917/2464/403 915/2465/403 

vt -0.0783828 1.16984
v 411.87 36.0872 -62.7011
vt 0.0809208 1.16984
vn -0.866025 -5.45655e-16 0.5
vt 0.0809208 1.24858
vt -0.0783828 1.24858
f 627/2466/498 918/2467/613 916/2468/372 628/2469/370 

v 411.797 36.0872 -70.4511
vt -4.0013 3.27565
vt -4.00419 2.97053
f 919/2470/6 918/2471/6 627/1692/6

v 411.87 36.0872 -69.8947
vt -4.00419 3.25374
f 918/2471/6 919/2470/6 920/2472/6

vt 2.70325 1.16984
vn 0.965926 -9.15701e-16 -0.258819
vt 2.72535 1.16984
vn 1 -1.85329e-16 6.71882e-16
v 411.797 38.0872 -70.4511
vt 2.72535 1.24858
vn 0.995557 0.0941611 7.3101e-16
v 411.87 38.0872 -69.8947
vt 2.70325 1.24858
f 920/2473/614 919/2474/615 921/2475/616 922/2476/350 

vt 3.7699 1.16984
v 411.87 36.0872 -71.0076
vt 3.79199 1.16984
vn 0.965926 7.30372e-16 0.258819
v 411.87 38.0872 -71.0076
vt 3.79199 1.24858
vt 3.7699 1.24858
f 919/2477/615 923/2478/617 924/2479/354 921/2480/616 

vt -4.00419 3.29755
f 627/1692/6 923/2481/6 919/2470/6

f 627/1692/6 629/1691/6 923/2481/6

vt 4.57888 1.16984
vt 4.60098 1.16984
vn 0.866025 1.4094e-15 0.5
v 412.085 38.0872 -71.5261
vt 4.60098 1.24858
vt 4.57888 1.24858
f 923/2482/617 629/2483/618 925/2484/356 924/2485/354 

vt 5.07506 1.16984
vt 5.09716 1.16984
vt 5.09716 1.24858
vt 5.07506 1.24858
f 629/2486/618 630/2487/499 632/2488/358 925/2489/356 

vt 5.07506 1.01049
vt 5.09716 1.01049
v 412.313 38.9281 -72.0849
vt 5.09799 1.04418
v 411.946 38.9281 -71.6064
vt 5.07424 1.04418
f 925/2490/356 632/2491/358 926/2492/395 927/2493/395 

vt 5.22464 1.26312
vt 5.24674 1.26312
v 412.792 38.9281 -72.452
vt 5.24756 1.29681
vt 5.22381 1.29681
f 632/2494/358 631/2495/360 928/2496/396 926/2497/396 

vt 5.01741 1.51434
vt 5.03951 1.51434
v 413.349 38.9281 -72.6829
vt 5.04033 1.54803
vt 5.01659 1.54803
f 631/2498/360 633/2499/362 929/2500/397 928/2501/397 

vt 4.4675 1.74703
vt 4.4896 1.74703
v 413.947 38.9281 -72.7616
vt 4.49042 1.78072
vt 4.46668 1.78072
f 633/2502/362 634/2503/503 930/2504/399 929/2505/399 

vt 3.61239 1.94533
vt 3.63448 1.94533
v 414.545 38.9281 -72.6829
vt 3.63531 1.97902
vt 3.61156 1.97902
f 634/2506/503 636/2507/366 931/2508/400 930/2509/400 

vt 2.51034 2.09573
v 415.022 38.0872 -72.3131
vt 2.53244 2.09573
v 415.102 38.9281 -72.452
vt 2.53326 2.12942
vt 2.50952 2.12942
f 636/2510/366 932/2511/368 933/2512/401 931/2513/401 

vt 2.51034 1.16984
vt 2.53244 1.16984
vn -0.5 1.31382e-15 0.866025
vt 2.53244 1.24858
vt 2.51034 1.24858
f 635/2514/504 637/2515/619 932/2516/368 636/2517/366 

vt 1.23647 1.16984
vt 1.25856 1.16984
vn -0.707107 8.64355e-16 0.707107
v 415.467 38.0872 -71.9714
vt 1.25856 1.24858
vn -0.703974 0.0940685 0.703969
vt 1.23647 1.24858
f 637/2518/619 638/2519/620 934/2520/621 932/2521/368 

vt -0.122424 1.16984
vt -0.100327 1.16984
vn -0.866025 1.19199e-14 0.5
v 415.809 38.0872 -71.5261
vt -0.100327 1.24858
vn -0.862185 0.0940684 0.497784
vt -0.122424 1.24858
f 638/2522/620 639/2523/622 935/2524/623 934/2525/621 

vt -1.47372 1.16984
vt -1.45163 1.16984
vn -0.965926 3.38003e-14 0.258819
v 416.024 38.0872 -71.0076
vt -1.45163 1.24858
vt -1.47372 1.24858
f 639/2526/622 640/2527/624 936/2528/374 935/2529/623 

vt -2.72535 1.16984
vt -2.70325 1.16984
vn -1 4.51183e-14 2.61754e-15
v 416.097 38.0872 -70.4511
vt -2.70325 1.24858
vn -0.995557 0.0941611 -3.61288e-15
vt -2.72535 1.24858
f 640/2530/624 641/2531/625 937/2532/626 936/2533/374 

vt -3.79199 1.16984
vt -3.7699 1.16984
vn -0.965926 3.23407e-14 -0.258819
v 416.024 38.0872 -69.8947
vt -3.7699 1.24858
vt -3.79199 1.24858
f 641/2534/625 747/2535/627 938/2536/378 937/2537/626 

vt -4.60098 1.16984
vt -4.57888 1.16984
vn -0.866025 9.10012e-15 -0.5
v 415.809 38.0872 -69.3761
vt -4.57888 1.24858
vt -4.60098 1.24858
f 747/2538/627 749/2539/628 939/2540/380 938/2541/378 

vt -5.09716 1.16984
vt -5.07506 1.16984
vn -0.707107 -8.67039e-16 -0.707107
v 415.467 38.0872 -68.9308
vt -5.07506 1.24858
vt -5.09716 1.24858
f 749/2542/628 751/2543/629 940/2544/382 939/2545/380 

vt -5.24674 1.16984
vt -5.22464 1.16984
vn -0.5 -1.31382e-15 -0.866025
v 415.022 38.0872 -68.5892
vt -5.22464 1.24858
vt -5.24674 1.24858
f 751/2546/629 753/2547/630 941/2548/384 940/2549/382 

vt -5.03951 1.16984
vt -5.01741 1.16984
vn -0.258819 -2.72371e-15 -0.965926
v 414.503 38.0872 -68.3744
vt -5.01741 1.24858
vt -5.03951 1.24858
f 753/2550/630 755/2551/631 942/2552/386 941/2553/384 

vt -4.4896 1.16984
vt -4.4675 1.16984
vn 0 -2.81979e-15 -1
v 413.947 38.0872 -68.3011
vt -4.4675 1.24858
vn 5.21547e-15 0.0941611 -0.995557
vt -4.4896 1.24858
f 755/2554/631 757/2555/632 943/2556/633 942/2557/386 

vt -3.63448 1.16984
v 413.391 36.0872 -68.3744
vt -3.61239 1.16984
vn 0.258819 -7.07731e-15 -0.965926
v 413.391 38.0872 -68.3744
vt -3.61239 1.24858
vt -3.63448 1.24858
f 757/2558/632 944/2559/634 945/2560/336 943/2561/633 

v 413.419 36.0872 -58.9628
vt -4.06516 2.82335
vt -4.06404 3.19388
f 946/2562/6 944/2563/6 757/2071/6

v 412.872 36.0872 -68.5892
vt -4.04363 3.20234
f 946/2562/6 947/2564/6 944/2563/6

v 412.427 36.0872 -68.9308
vt -4.0261 3.21579
f 946/2562/6 948/2565/6 947/2564/6

v 412.085 36.0872 -69.3761
vt -4.01264 3.23332
f 946/2562/6 949/2566/6 948/2565/6

f 918/2471/6 949/2566/6 946/2562/6

f 918/2471/6 920/2472/6 949/2566/6

vt 1.45163 1.16984
vn 0.866025 -5.45044e-16 -0.5
vt 1.47372 1.16984
vt 1.47372 1.24858
v 412.085 38.0872 -69.3761
vt 1.45163 1.24858
f 949/2567/635 920/2568/614 922/2569/350 950/2570/342 

vt 1.45163 0.307576
vt 1.47372 0.307576
v 411.715 38.9281 -69.8531
vt 1.47455 0.341269
v 411.946 38.9281 -69.2959
vt 1.4508 0.341269
f 950/2571/342 922/2572/350 951/2573/391 952/2574/391 

vt 2.70325 0.409809
vt 2.72535 0.409809
v 411.636 38.9281 -70.4511
vt 2.72617 0.443503
vt 2.70242 0.443503
f 922/2575/350 921/2576/616 953/2577/392 951/2578/392 

vt 3.7699 0.568783
vn 0.995557 0.0941611 7.38039e-16
vt 3.79199 0.568783
v 411.715 38.9281 -71.0491
vt 3.79282 0.602477
vt 3.76907 0.602477
f 921/2579/636 924/2580/354 954/2581/393 953/2582/393 

vt 4.57888 0.773664
vt 4.60098 0.773664
vt 4.6018 0.807358
vt 4.57805 0.807358
f 924/2583/354 925/2584/356 927/2585/394 954/2586/394 

vt 4.57805 -2.15055
vt 4.6018 -2.15055
v 411.212 39.0872 -72.0304
vt 4.60616 -2.11685
v 410.896 39.0872 -71.2686
vt 4.57369 -2.11685
f 954/2587/394 927/2588/394 955/2589/415 956/2590/147 

vt 5.07424 -0.898879
vt 5.09799 -0.898879
v 411.713 39.0872 -72.6846
vt 5.10234 -0.865185
vt 5.06988 -0.865185
f 927/2591/395 926/2592/395 957/2593/416 955/2594/415 

vt 5.22381 0.436323
vt 5.24756 0.436323
vt 5.25192 0.470016
vt 5.21946 0.470016
f 926/2595/396 928/2596/396 532/2597/144 957/2598/416 

vt 5.01659 1.76407
vt 5.04033 1.76407
vt 5.04469 1.79776
vt 5.01223 1.79776
f 928/2599/397 929/2600/397 531/2601/417 532/2602/144 

vt 4.46668 2.99387
vt 4.49042 2.99387
vt 4.49478 3.02756
vt 4.46232 3.02756
f 929/2603/399 930/2604/399 530/2605/439 531/2606/417 

vt 3.61156 4.04192
vt 3.63531 4.04192
vt 3.63967 4.07561
vt 3.6072 4.07561
f 930/2607/400 931/2608/400 529/2609/419 530/2610/439 

vt 2.50952 4.8368
vt 2.53326 4.8368
vt 2.53762 4.87049
vt 2.50516 4.87049
f 931/2611/401 933/2612/401 528/2613/420 529/2614/419 

vt 1.23564 5.32434
v 415.58 38.9281 -72.0856
vt 1.25934 5.32434
vt 1.26344 5.35803
vt 1.23128 5.35803
f 933/2615/402 958/2616/402 527/2617/438 528/2618/420 

vt 1.23647 2.18797
vt 1.25856 2.18797
vt 1.25934 2.22167
vt 1.23564 2.22167
f 932/2619/368 934/2620/621 958/2621/402 933/2622/402 

vt -0.122444 2.21394
vt -0.100347 2.21394
v 415.948 38.9281 -71.6052
vt -0.0994751 2.24763
vn -0.561195 0.706846 0.430614
vt -0.123316 2.24763
f 934/2623/621 935/2624/623 959/2625/637 958/2626/637 

vt -1.47372 2.17725
vt -1.45163 2.17725
v 416.179 38.9281 -71.0491
vt -1.4508 2.21095
vt -1.4745 2.21095
f 935/2627/623 936/2628/374 960/2629/404 959/2630/404 

vt -2.72535 2.07502
vt -2.70325 2.07502
vn -0.995557 0.0941611 -3.60585e-15
v 416.257 38.9281 -70.4511
vt -2.70242 2.10871
vt -2.72617 2.10871
f 936/2631/374 937/2632/638 961/2633/405 960/2634/405 

vt -3.79199 1.91605
vt -3.7699 1.91605
v 416.179 38.9281 -69.8531
vt -3.76907 1.94974
vt -3.79282 1.94974
f 937/2635/626 938/2636/378 962/2637/406 961/2638/406 

vt -4.60098 1.71117
vt -4.57888 1.71117
v 415.948 38.9281 -69.2959
vt -4.57805 1.74486
vt -4.6018 1.74486
f 938/2639/378 939/2640/380 963/2641/407 962/2642/407 

vt -5.09716 1.47434
vt -5.07506 1.47434
v 415.581 38.9281 -68.8174
vt -5.07424 1.50803
vt -5.09799 1.50803
f 939/2643/380 940/2644/382 964/2645/408 963/2646/408 

vt -5.24674 1.22171
vt -5.22464 1.22171
v 415.102 38.9281 -68.4502
vt -5.22381 1.2554
vt -5.24756 1.2554
f 940/2647/382 941/2648/384 965/2649/409 964/2650/409 

vt -5.03951 0.970489
vt -5.01741 0.970489
v 414.545 38.9281 -68.2194
vt -5.01659 1.00418
vt -5.04033 1.00418
f 941/2651/384 942/2652/386 966/2653/410 965/2654/410 

vt -4.4896 0.737801
vt -4.4675 0.737801
vn 5.2225e-15 0.0941611 -0.995557
v 413.947 38.9281 -68.1406
vt -4.46668 0.771494
vt -4.49042 0.771494
f 942/2655/386 943/2656/639 967/2657/411 966/2658/411 

vt -3.63448 0.539501
vt -3.61239 0.539501
v 413.349 38.9281 -68.2194
vt -3.61156 0.573194
vt -3.63531 0.573194
f 943/2659/633 945/2660/336 968/2661/413 967/2662/413 

vt -2.53244 0.389103
v 412.872 38.0872 -68.5892
vt -2.51034 0.389103
v 412.792 38.9281 -68.4502
vt -2.50952 0.422797
vt -2.53326 0.422797
f 945/2663/336 969/2664/1 970/2665/337 968/2666/337 

vt -2.53244 1.16984
vt -2.51034 1.16984
vn 0.5 -1.2593e-14 -0.866025
vt -2.51034 1.24858
vt -2.53244 1.24858
f 944/2667/634 947/2668/640 969/2669/1 945/2670/336 

vt -1.25856 1.16984
vt -1.23647 1.16984
vn 0.707107 -6.92558e-15 -0.707107
v 412.427 38.0872 -68.9308
vt -1.23647 1.24858
vt -1.25856 1.24858
f 947/2671/640 948/2672/641 971/2673/2 969/2674/1 

vt 0.100327 1.16984
vt 0.122424 1.16984
vt 0.122424 1.24858
vt 0.100327 1.24858
f 948/2675/641 949/2676/635 950/2677/342 971/2678/2 

vt 0.100327 0.26905
vt 0.122424 0.26905
vt 0.123249 0.302744
v 412.313 38.9281 -68.8174
vt 0.0995025 0.302744
f 971/2679/2 950/2680/342 952/2681/340 972/2682/340 

vt 0.0995025 -4.81753
vt 0.123249 -4.81753
v 411.212 39.0872 -68.8718
vt 0.127607 -4.78383
v 411.713 39.0872 -68.2176
vt 0.095144 -4.78383
f 972/2683/340 952/2684/340 973/2685/341 974/2686/339 

vt 1.4508 -4.61391
vt 1.47455 -4.61391
v 410.896 39.0872 -69.6336
vt 1.47891 -4.58022
vt 1.44644 -4.58022
f 952/2687/391 951/2688/391 975/2689/150 973/2690/341 

vt 2.70242 -4.07359
vt 2.72617 -4.07359
v 410.788 39.0872 -70.4511
vt 2.73053 -4.03989
vn 0.123373 0.99236 7.31519e-17
vt 2.69807 -4.03989
f 951/2691/392 953/2692/392 976/2693/642 975/2694/150 

vt 3.76907 -3.23338
vt 3.79282 -3.23338
vt 3.79718 -3.19969
vt 3.76471 -3.19969
f 953/2695/393 954/2696/393 956/2697/147 976/2698/642 

vt 3.96583 3.30783
v 410.12 39.0872 -66.6245
vt 3.93529 3.12499
vt 3.96159 3.27565
f 956/2699/147 977/2700/421 976/2701/642

f 956/2699/147 533/1428/420 977/2700/421

vt 3.97825 3.33782
f 955/2702/415 533/1428/420 956/2699/147

vt 3.99802 3.36358
f 957/2703/416 533/1428/420 955/2702/415

f 532/1427/144 533/1428/420 957/2703/416

vt 1.05439 4.99564
vt 1.21535 4.99564
vt 1.21971 5.02933
vt 1.05004 5.02933
f 914/2704/402 915/2705/402 977/2706/421 533/2707/420 

vt -0.0792074 5.14261
vt 0.0817455 5.14261
v 412.744 39.0872 -63.2054
vt 0.086104 5.1763
vt -0.083566 5.1763
f 915/2708/403 917/2709/403 978/2710/422 977/2711/421 

vt -1.2129 4.99629
v 413.574 38.9281 -59.0043
vt -1.05194 4.99629
v 414.393 39.0872 -59.2239
vt -1.04758 5.02998
vt -1.21725 5.02998
f 917/2712/404 979/2713/404 980/2714/423 978/2715/422 

vt -1.21207 2.1259
v 413.419 38.0872 -58.9628
vt -1.05277 2.1259
vt -1.05194 2.1596
vt -1.2129 2.1596
f 916/2716/372 981/2717/374 979/2718/404 917/2719/404 

vt -1.21207 1.16984
vt -1.05277 1.16984
vn -0.965926 -7.30629e-16 0.258819
vt -1.05277 1.24858
vt -1.21207 1.24858
f 918/2720/613 946/2721/643 981/2722/374 916/2723/372 

vt -2.26859 1.16984
v 413.683 36.0872 -56.957
vt -2.18893 1.16984
vn -0.991445 -3.66782e-16 0.130526
v 413.683 38.0872 -56.957
vt -2.18893 1.24858
vn -0.987114 0.0933626 0.129956
vt -2.26859 1.24858
f 946/2724/643 982/2725/644 983/2726/645 981/2727/374 

vt -4.07555 2.74438
f 946/2562/6 757/2071/6 982/2728/6

f 982/2728/6 757/2071/6 758/2072/6

v 410.683 36.0872 -52.9453
vt -3.95744 2.58644
f 984/2729/6 982/2728/6 758/2072/6

v 410.683 36.0872 -56.957
vt -3.95744 2.74438
f 984/2729/6 985/2730/6 982/2728/6

v 410.521 36.0872 -51.7159
vt -3.95107 2.53804
f 986/2731/6 985/2730/6 984/2729/6

v 410.521 36.0872 -58.1864
vt -3.95107 2.79278
f 986/2731/6 987/2732/6 985/2730/6

v 409.272 36.0872 -48.7011
vt -3.90191 2.41935
f 988/2733/6 987/2732/6 986/2731/6

v 409.272 36.0872 -61.2011
vt -3.90191 2.91147
f 988/2733/6 989/2734/6 987/2732/6

v 407.683 36.0872 -52.9453
vt -3.83933 2.58644
f 988/2733/6 990/2735/6 989/2734/6

v 407.623 36.0872 -52.4923
vt -3.83698 2.56861
f 988/2733/6 991/2736/6 990/2735/6

v 407.286 36.0872 -46.1123
vt -3.8237 2.31742
f 992/2737/6 991/2736/6 988/2733/6

v 406.674 36.0872 -50.2011
vt -3.79962 2.4784
f 992/2737/6 993/2738/6 991/2736/6

v 405.164 36.0872 -48.2336
vt -3.74018 2.40094
f 992/2737/6 994/2739/6 993/2738/6

v 404.697 36.0872 -44.1258
vt -3.72178 2.23922
f 995/2740/6 994/2739/6 992/2737/6

v 403.197 36.0872 -46.7239
vt -3.66272 2.3415
f 995/2740/6 996/2741/6 994/2739/6

v 401.682 36.0872 -42.877
vt -3.60308 2.19005
f 997/2742/6 996/2741/6 995/2740/6

v 400.906 36.0872 -45.7748
vt -3.57252 2.30414
f 997/2742/6 998/2743/6 996/2741/6

v 400.453 36.0872 -42.7152
vt -3.55468 2.18368
f 999/2744/6 998/2743/6 997/2742/6

v 400.453 36.0872 -45.7152
vt -3.55468 2.30179
f 998/2743/6 999/2744/6 1000/2745/6

f 773/2087/6 1000/2745/6 999/2744/6

v 400.453 36.0872 -48.8066
vt -3.55468 2.4235
f 773/2087/6 1001/2746/6 1000/2745/6

v 400.197 36.0872 -51.92
vt -3.54461 2.54607
f 773/2087/6 1002/2747/6 1001/2746/6

v 399.353 36.0872 -51.5704
vt -3.51138 2.53231
f 773/2087/6 1003/2748/6 1002/2747/6

v 398.447 36.0872 -51.4511
vt -3.47571 2.52761
f 773/2087/6 1004/2749/6 1003/2748/6

v 397.541 36.0872 -51.5704
vt -3.44005 2.53231
f 773/2087/6 1005/2750/6 1004/2749/6

f 773/2087/6 774/2088/6 1005/2750/6

vt -2.20912 1.16984
vn 0.258819 1.4099e-15 -0.965926
vt -2.17315 1.16984
vn 0.5 0 -0.866025
v 396.697 38.0872 -51.92
vt -2.17315 1.24858
v 397.541 38.0872 -51.5704
vt -2.20912 1.24858
f 1005/2751/646 774/2752/647 1006/2753/1 1007/2754/336 

vt -1.15286 1.16984
vt -1.11688 1.16984
v 395.972 38.0872 -52.4762
vt -1.11688 1.24858
vt -1.15286 1.24858
f 774/2755/647 778/2756/606 1008/2757/2 1006/2758/1 

vt -0.0192549 1.16984
vt 0.0167169 1.16984
vn 0.866025 -5.25526e-15 -0.5
v 395.416 38.0872 -53.2011
vt 0.0167169 1.24858
vt -0.0192549 1.24858
f 778/2759/606 779/2760/648 1009/2761/342 1008/2762/2 

vt 1.11443 1.16984
vt 1.1504 1.16984
vn 0.965926 -1.08948e-14 -0.258819
v 395.066 38.0872 -54.0452
vt 1.1504 1.24858
vt 1.11443 1.24858
f 779/2763/648 781/2764/649 1010/2765/350 1009/2766/342 

vt 2.17095 1.16984
vt 2.20692 1.16984
vn 1 -1.12792e-14 -8.11857e-16
v 394.947 38.0872 -54.9511
vt 2.20692 1.24858
vn 0.995557 0.0941611 -2.54448e-15
vt 2.17095 1.24858
f 781/2767/649 782/2768/650 1011/2769/651 1010/2770/350 

vt 3.07829 1.16984
vt 3.11426 1.16984
vt 3.11426 1.24858
vt 3.07829 1.24858
f 782/2771/650 835/2772/596 886/2773/354 1011/2774/651 

vt 3.07829 0.67625
vt 3.11426 0.67625
vt 3.11509 0.709944
v 394.786 38.9281 -54.9511
vt 3.07747 0.709944
f 1011/2775/651 886/2776/354 884/2777/393 1012/2778/393 

vt 3.07747 -2.6654
vt 3.11509 -2.6654
vt 3.11945 -2.63171
vt 3.07311 -2.63171
f 1012/2779/393 884/2780/393 868/2781/147 869/2782/592 

v 394.911 38.9281 -54.0037
vt 2.17012 -3.34908
vt 2.20774 -3.34908
vt 2.2121 -3.31539
v 394.092 39.0872 -53.7842
vt 2.16577 -3.31539
f 1013/2783/392 1012/2784/392 869/2785/592 1014/2786/150 

vt 2.17095 0.546892
vt 2.20692 0.546892
vn 0.995557 0.0941611 -2.55151e-15
vt 2.20774 0.580586
vt 2.17012 0.580586
f 1010/2787/350 1011/2788/652 1012/2789/392 1013/2790/392 

vt 1.11443 0.4656
vt 1.1504 0.4656
vt 1.15123 0.499294
v 395.277 38.9281 -53.1209
vt 1.11361 0.499294
f 1009/2791/342 1010/2792/350 1013/2793/391 1015/2794/391 

vt 1.11361 -3.77872
vt 1.15123 -3.77872
vt 1.15559 -3.74503
v 394.542 39.0872 -52.6968
vt 1.10925 -3.74503
f 1015/2795/391 1013/2796/391 1014/2797/150 1016/2798/341 

vt 3.30426 2.61947
v 394.564 39.0872 -51.0681
vt 3.32284 2.51254
vt 3.32199 2.57666
f 1014/2799/150 1017/2800/421 1016/2801/341

f 1014/2799/150 870/2340/422 1017/2800/421

f 869/2339/592 870/2340/422 1014/2799/150

v 392.957 38.9281 -51.7814
vt -0.0313087 4.29885
v 393.964 38.9281 -50.4684
vt 0.0338467 4.29885
vt 0.0294882 4.33254
vt -0.0269502 4.33254
f 1018/2802/403 1019/2803/403 1017/2804/421 870/2805/422 

v 392.818 38.0872 -51.7011
vt -0.0321333 1.99394
vt 0.0346714 1.99394
vt 0.0338467 2.02764
vt -0.0313087 2.02764
f 1020/2806/372 785/2807/370 1019/2808/403 1018/2809/403 

vt -0.0321333 1.16984
vn -0.866025 1.23197e-14 0.5
vt 0.0346714 1.16984
vt 0.0346714 1.24858
vt -0.0321333 1.24858
f 837/2810/653 783/2811/555 785/2812/370 1020/2813/372 

vt -1.15203 1.16984
vn -0.92388 8.25642e-15 0.382683
vt -1.09902 1.16984
vt -1.09902 1.24858
v 392.302 38.0872 -52.9453
vt -1.15203 1.24858
vn -0.919844 0.0933626 0.381012
f 839/2814/654 837/2815/653 1020/2816/372 1021/2817/655 

vt -1.15203 1.96626
vt -1.09902 1.96626
vt -1.09984 1.99995
v 392.409 38.9281 -53.1044
vt -1.15622 1.99995
f 1021/2818/655 1020/2819/372 1018/2820/404 1022/2821/404 

vt -1.15622 4.15252
vt -1.09984 4.15252
vt -1.1042 4.18622
vt -1.17834 4.18622
f 1022/2822/404 1018/2823/404 870/2824/422 871/2825/593 

v 389.03 38.9281 -53.1044
vt 3.10495 2.78578
vn 1.442e-15 0.707107 0.707106
vt 3.23799 2.78578
vt 3.26011 2.81947
vt 3.0672 2.81947
f 1023/2826/656 1022/2827/656 871/2828/593 872/2829/471 

v 389.211 38.0872 -52.9453
vt 3.11209 1.70766
vn 1.61919e-16 0.0933626 0.995632
vt 3.2338 1.70766
vt 3.23799 1.74135
vt 3.10495 1.74135
f 1024/2830/657 1021/2831/657 1022/2832/656 1023/2833/656 

vt 3.11209 1.16984
vn -4.99647e-30 -5.63993e-15 1
vt 3.2338 1.16984
vt 3.2338 1.24858
vt 3.11209 1.24858
f 797/2834/658 839/2835/658 1021/2836/657 1024/2837/657 

vt 2.14012 1.16984
vn 0.965926 -4.72215e-15 -0.258819
vt 2.1581 1.16984
vn 0.991445 -1.04476e-14 -0.130526
vt 2.1581 1.24858
v 389.271 38.0872 -52.4923
vt 2.14012 1.24858
f 796/2838/659 797/2839/660 1024/2840/474 1025/2841/350 

vt 2.14012 0.590432
vt 2.1581 0.590432
vt 2.16524 0.624126
v 389.116 38.9281 -52.4508
vt 2.13929 0.624126
f 1025/2842/350 1024/2843/474 1023/2844/392 1026/2845/392 

vt 2.13929 -3.11896
vt 2.16524 -3.11896
vt 2.20299 -3.08527
v 388.296 39.0872 -52.2313
vt 2.13493 -3.08527
f 1026/2846/392 1023/2847/392 872/2848/471 1027/2849/150 

v 388.495 39.0872 -49.2054
vt 3.08391 2.4392
vt 3.07608 2.55833
f 872/2344/471 1028/2850/422 1027/2851/150

f 873/2345/425 1028/2850/422 872/2344/471

v 387.347 39.0872 -51.9769
vt 3.03871 2.54831
f 873/2345/425 1029/2852/423 1028/2850/422

v 387.088 39.0872 -55.957
vt 3.02851 2.70501
vn -0.0618872 0.995585 -0.0705688
f 1030/2853/661 1029/2852/423 873/2345/425

v 387.088 39.0872 -53.9453
vt 3.02851 2.62581
vn -0.0618872 0.995585 0.0705688
f 1030/2853/661 1031/2854/662 1029/2852/423

f 1030/2853/661 590/1590/471 1031/2854/662

v 382.071 39.0872 -55.957
vt 2.83098 2.70501
f 590/1590/471 1030/2853/661 1032/2855/590

vt -2.99948 -2.45211
vt -2.86873 -2.45211
vt -2.83098 -2.41841
vt -3.02851 -2.41841
f 805/2856/566 807/2857/566 1032/2858/590 1030/2859/661 

vt 3.08913 -2.20517
vt 3.17675 -2.20517
v 382.501 39.0872 -59.2239
vt 3.18111 -2.17147
vt 3.05138 -2.17147
f 807/2860/393 808/2861/393 1033/2862/147 1032/2863/590 

vt 3.71214 -1.31404
vt 3.87309 -1.31404
v 384.15 39.0872 -63.2054
vt 3.87745 -1.28034
vt 3.70778 -1.28034
f 808/2864/394 809/2865/394 1034/2866/415 1033/2867/147 

vt 4.15001 -0.276188
vt 4.31097 -0.276188
v 386.774 39.0872 -66.6245
vt 4.31533 -0.242494
vt 4.14566 -0.242494
f 809/2868/395 810/2869/395 1035/2870/416 1034/2871/415 

vt 4.29959 0.837652
vt 4.46054 0.837652
vt 4.4649 0.871345
vt 4.29523 0.871345
f 810/2872/396 811/2873/396 538/2874/144 1035/2875/416 

vt 4.15067 1.95158
vt 4.31162 1.95158
vt 4.31598 1.98527
vt 4.14631 1.98527
f 811/2876/397 812/2877/397 537/2878/417 538/2879/144 

vt 3.71341 2.98967
vt 3.80103 2.98967
vt 3.83878 3.02337
vt 3.70905 3.02337
f 812/2880/399 813/2881/399 536/2882/441 537/2883/417 

vt -3.27239 3.58196
vt -3.14164 3.58196
vt -3.11261 3.61565
vt -3.31014 3.61565
f 813/2884/567 814/2885/567 878/2886/594 536/2887/441 

vt -3.78396 -2.38575
vt -3.73047 -2.38575
vt -3.73483 -2.35206
vt -3.81299 -2.35206
f 814/2888/411 816/2889/411 877/2890/429 878/2891/594 

vt -4.29456 -1.34766
v 392.277 38.9281 -65.6375
vt -4.16774 -1.34766
vt -4.1721 -1.31396
vt -4.2902 -1.31396
f 816/2892/410 1036/2893/410 876/2894/428 877/2895/429 

vt -4.29538 0.925577
v 392.197 38.0872 -65.7764
vt -4.16691 0.925577
vt -4.16774 0.959271
vt -4.29456 0.959271
f 815/2896/386 1037/2897/384 1036/2898/410 816/2899/410 

vt -4.29538 1.16984
vt -4.16691 1.16984
vn -0.5 7.22396e-15 -0.866025
vt -4.16691 1.24858
vt -4.29538 1.24858
f 817/2900/570 820/2901/663 1037/2902/384 815/2903/386 

vt -4.4443 1.16984
vt -4.31583 1.16984
vn -0.707107 9.11204e-15 -0.707107
v 389.608 38.0872 -63.7899
vt -4.31583 1.24858
vt -4.4443 1.24858
f 820/2904/663 800/2905/664 1038/2906/382 1037/2907/384 

vt -4.29473 1.16984
vt -4.16626 1.16984
vn -0.866025 1.03285e-14 -0.5
v 387.622 38.0872 -61.2011
vt -4.16626 1.24858
vt -4.29473 1.24858
f 800/2908/664 801/2909/665 1039/2910/380 1038/2911/382 

vt -3.85685 1.16984
vt -3.72838 1.16984
vt -3.72838 1.24858
vt -3.85685 1.24858
f 801/2912/665 803/2913/563 804/2914/378 1039/2915/380 

vt -3.85685 1.54346
vt -3.72838 1.54346
vt -3.7292 1.57715
v 387.761 38.9281 -61.1209
vt -3.85603 1.57715
f 1039/2916/380 804/2917/378 806/2918/407 1040/2919/407 

vt -3.85603 1.91796
vt -3.7292 1.91796
vt -3.73356 1.95165
vt -3.85167 1.95165
f 1040/2920/407 806/2921/407 873/2922/425 874/2923/426 

vt -3.15969 2.80908
vt -3.1062 2.80908
vt -3.07717 2.84278
vt -3.15533 2.84278
f 806/2924/406 805/2925/406 1030/2926/661 873/2927/425 

v 389.722 38.9281 -63.6765
vt -4.2939 0.880107
vt -4.16708 0.880107
vt -4.17144 0.9138
vt -4.28954 0.9138
f 1041/2928/408 1040/2929/408 874/2930/426 875/2931/427 

vt -4.29473 1.34709
vt -4.16626 1.34709
vt -4.16708 1.38078
vt -4.2939 1.38078
f 1038/2932/382 1039/2933/380 1040/2934/408 1041/2935/408 

vt -4.4443 1.13634
vt -4.31583 1.13634
vt -4.31666 1.17003
vt -4.44348 1.17003
f 1037/2936/384 1038/2937/382 1041/2938/409 1036/2939/409 

vt -4.44348 -0.233733
vt -4.31666 -0.233733
vt -4.32101 -0.200039
vt -4.43912 -0.200039
f 1036/2940/409 1041/2941/409 875/2942/427 876/2943/428 

f 878/2355/594 879/2357/595 536/1431/441

f 535/1430/440 536/1431/441 879/2357/595

v 399.453 39.0872 -60.4274
vt 3.51531 2.88101
vn 0.0862241 0.994609 -0.0576131
f 535/1430/440 879/2357/595 1042/2944/666

v 399.614 39.0872 -59.3061
vt 3.52165 2.83687
f 1043/2945/419 1042/2944/666 879/2357/595

v 401.193 39.0872 -59.7068
vt 3.58381 2.85264
f 1042/2944/666 1043/2945/419 1044/2946/155

v 400.701 39.0872 -58.8557
vt 3.56447 2.81913
f 1044/2946/155 1043/2945/419 1045/2947/420

v 399.394 38.9281 -58.4869
vt 2.17232 4.10516
v 400.277 38.9281 -58.1212
vt 2.20994 4.10516
vt 2.2143 4.13886
vt 2.16796 4.13886
f 1046/2948/401 1047/2949/401 1045/2950/420 1043/2951/419 

vt 2.17315 1.9573
vt 2.20912 1.9573
vt 2.20994 1.99099
vt 2.17232 1.99099
f 893/2952/366 894/2953/368 1047/2954/401 1046/2955/401 

vt 1.11688 2.0387
vt 1.15286 2.0387
v 401.035 38.9281 -57.5395
vt 1.15368 2.07239
vt 1.11606 2.07239
f 894/2956/368 895/2957/370 1048/2958/402 1047/2959/402 

vt -0.0167169 2.06651
vt 0.0192549 2.06651
v 401.617 38.9281 -56.7814
vt 0.0200796 2.1002
vt -0.0175415 2.1002
f 895/2960/370 897/2961/372 1049/2962/403 1048/2963/403 

vt -1.1504 2.03882
v 401.828 38.0872 -55.857
vt -1.11443 2.03882
v 401.983 38.9281 -55.8985
vt -1.11361 2.07252
vt -1.15123 2.07252
f 897/2964/372 1050/2965/374 1051/2966/404 1049/2967/404 

vt -1.1504 1.16984
vt -1.11443 1.16984
vn -0.965926 1.00049e-14 0.258819
vt -1.11443 1.24858
vt -1.1504 1.24858
f 896/2968/605 898/2969/667 1050/2970/374 897/2971/372 

vt -2.20692 1.16984
v 401.947 36.0872 -54.9511
vt -2.17095 1.16984
vn -1 2.23752e-14 3.91931e-16
v 401.947 38.0872 -54.9511
vt -2.17095 1.24858
vn -0.995557 0.0941611 1.54637e-16
vt -2.20692 1.24858
f 898/2972/667 1052/2973/668 1053/2974/669 1050/2975/374 

vt -3.61351 2.66541
f 898/2410/6 899/2411/6 1052/2976/6

v 403.043 36.0872 -50.3549
vt -3.65667 2.48446
f 1054/2977/6 1052/2976/6 899/2411/6

v 401.828 36.0872 -54.0452
vt -3.60881 2.62974
f 1054/2977/6 1055/2978/6 1052/2976/6

v 401.697 36.0872 -49.3219
vt -3.60367 2.44379
f 1056/2979/6 1055/2978/6 1054/2977/6

v 401.478 36.0872 -53.2011
vt -3.59505 2.59651
f 1056/2979/6 1057/2980/6 1055/2978/6

v 400.922 36.0872 -52.4762
vt -3.57315 2.56797
f 1056/2979/6 1058/2981/6 1057/2980/6

f 1001/2746/6 1058/2981/6 1056/2979/6

f 1058/2981/6 1001/2746/6 1002/2747/6

vt -4.39805 1.16984
vn -0.707107 6.92385e-15 -0.707107
vt -4.36208 1.16984
vn -0.5 1.12768e-14 -0.866025
v 400.197 38.0872 -51.92
vt -4.36208 1.24858
v 400.922 38.0872 -52.4762
vt -4.39805 1.24858
f 1058/2982/670 1002/2983/671 1059/2984/384 1060/2985/382 

vt -4.24913 1.16984
vt -4.21316 1.16984
vn -0.258819 5.76282e-15 -0.965926
v 399.353 38.0872 -51.5704
vt -4.21316 1.24858
vt -4.24913 1.24858
f 1002/2986/671 1003/2987/672 1061/2988/386 1059/2989/384 

vt -3.81187 1.16984
vt -3.7759 1.16984
vn 0 2.81979e-15 -1
v 398.447 38.0872 -51.4511
vt -3.7759 1.24858
vn -1.40579e-17 0.0941611 -0.995557
vt -3.81187 1.24858
f 1003/2990/672 1004/2991/673 1062/2992/674 1061/2993/386 

vt -3.11606 1.16984
vt -3.08009 1.16984
vt -3.08009 1.24858
vt -3.11606 1.24858
f 1004/2994/673 1005/2995/646 1007/2996/336 1062/2997/674 

vt -3.11606 0.676584
vn -7.02894e-18 0.0941611 -0.995557
vt -3.08009 0.676584
v 397.5 38.9281 -51.4154
vt -3.07926 0.710277
v 398.447 38.9281 -51.2906
vt -3.11688 0.710277
f 1062/2998/675 1007/2999/336 1063/3000/413 1064/3001/413 

vt -2.20912 0.547128
vt -2.17315 0.547128
v 396.617 38.9281 -51.781
vt -2.17232 0.580821
vt -2.20994 0.580821
f 1007/3002/336 1006/3003/1 1065/3004/337 1063/3005/337 

vt -1.15286 0.465722
vt -1.11688 0.465722
v 395.859 38.9281 -52.3628
vt -1.11606 0.499416
vt -1.15368 0.499416
f 1006/3006/1 1008/3007/2 1066/3008/3 1065/3009/3 

vt -0.0192549 0.437915
vt 0.0167169 0.437915
vt 0.0175415 0.471608
vt -0.0200796 0.471608
f 1008/3010/2 1009/3011/342 1015/3012/340 1066/3013/340 

vt -0.0200796 -3.92504
vt 0.0175415 -3.92504
vt 0.0219 -3.89135
v 395.259 39.0872 -51.763
vt -0.0244381 -3.89135
f 1066/3014/340 1015/3015/340 1016/3016/341 1067/3017/339 

vt 3.3502 2.53989
f 1016/2801/341 1017/2800/421 1067/3018/339

v 395.701 39.0872 -50.1954
vt 3.36762 2.47818
f 1067/3018/339 1017/2800/421 1068/3019/420

vt 1.10229 4.15188
v 395.277 38.9281 -49.4609
vt 1.16745 4.15188
vt 1.16309 4.18557
vt 1.10665 4.18557
f 1019/3020/402 1069/3021/402 1068/3022/420 1017/3023/421 

vt 1.10147 1.96613
vt 1.16827 1.96613
vt 1.16745 1.99983
vt 1.10229 1.99983
f 785/3024/370 784/3025/368 1069/3026/402 1019/3027/402 

vt 2.15773 1.88473
vt 2.21075 1.88473
v 396.6 38.9281 -48.9129
vt 2.21493 1.91842
vt 2.15855 1.91842
f 784/3028/368 786/3029/558 1070/3030/401 1069/3031/401 

vt -2.4235 1.8583
vt -2.30179 1.8583
v 396.6 38.9281 -45.5338
vt -2.29465 1.89199
vn -0.707106 0.707107 -4.15563e-19
vt -2.42768 1.89199
f 786/3032/559 787/3033/559 1071/3034/676 1070/3035/676 

vt -3.06724 0.720124
vt -3.04925 0.720124
v 395.947 38.9281 -45.6198
vt -3.04843 0.753817
vt -3.07438 0.753817
f 787/3036/562 789/3037/336 1072/3038/413 1071/3039/413 

vt -2.23995 0.590668
v 393.697 38.0872 -46.7239
vt -2.14231 0.590668
v 393.617 38.9281 -46.5849
vt -2.14149 0.624361
vt -2.24078 0.624361
f 789/3040/336 1073/3041/1 1074/3042/337 1072/3043/337 

vt -2.23995 1.16984
vt -2.14231 1.16984
vn 0.5 1.14007e-16 -0.866025
vt -2.14231 1.24858
vt -2.23995 1.24858
f 788/3044/561 791/3045/677 1073/3046/1 789/3047/336 

vt -1.18369 1.16984
vt -1.08605 1.16984
vn 0.707107 -4.83526e-15 -0.707107
v 391.729 38.0872 -48.2336
vt -1.08605 1.24858
vt -1.18369 1.24858
f 791/3048/677 793/3049/678 1075/3050/2 1073/3051/1 

vt -0.0500879 1.16984
vt 0.0475498 1.16984
vn 0.866025 -3.08401e-15 -0.5
v 390.22 38.0872 -50.2011
vt 0.0475498 1.24858
vt -0.0500879 1.24858
f 793/3052/678 794/3053/679 1076/3054/342 1075/3055/2 

vt 1.0836 1.16984
vt 1.18124 1.16984
vt 1.18124 1.24858
vt 1.0836 1.24858
f 794/3056/679 796/3057/659 1025/3058/350 1076/3059/342 

vt 1.0836 0.50914
vt 1.18124 0.50914
vt 1.18206 0.542834
v 390.081 38.9281 -50.1209
vt 1.08278 0.542834
f 1076/3060/342 1025/3061/350 1026/3062/391 1077/3063/391 

vt 1.08278 -3.54861
vt 1.18206 -3.54861
vt 1.18642 -3.51491
v 389.346 39.0872 -49.6968
vt 1.07842 -3.51491
f 1077/3064/391 1026/3065/391 1027/3066/150 1078/3067/341 

vt 3.11742 2.45855
f 1027/2851/150 1028/2850/422 1078/3068/341

v 390.321 39.0872 -46.8255
vt 3.15581 2.3455
f 1078/3068/341 1028/2850/422 1079/3069/421

v 387.761 38.9281 -48.7814
vt -0.0621416 4.06873
v 389.722 38.9281 -46.2258
vt 0.0646797 4.06873
vt 0.0603212 4.10242
vt -0.0577831 4.10242
f 1080/3070/403 1081/3071/403 1079/3072/421 1028/3073/422 

v 387.622 38.0872 -48.7011
vt -0.0629663 1.9504
v 389.608 38.0872 -46.1123
vt 0.0655044 1.9504
vt 0.0646797 1.9841
vt -0.0621416 1.9841
f 1082/3074/372 1083/3075/370 1081/3076/403 1080/3077/403 

vt -0.0629663 1.16984
vn -0.866025 9.20758e-15 0.5
vt 0.0655044 1.16984
vn -0.707107 7.94728e-15 0.707107
vt 0.0655044 1.24858
vt -0.0629663 1.24858
f 798/3078/680 795/3079/681 1083/3080/370 1082/3081/372 

vt 1.07064 1.16984
vt 1.19911 1.16984
vn -0.5 3.44149e-15 0.866025
v 392.197 38.0872 -44.1258
vt 1.19911 1.24858
vt 1.07064 1.24858
f 795/3082/681 792/3083/682 1084/3084/368 1083/3085/370 

vt 2.1269 1.16984
vt 2.25537 1.16984
vn -0.258819 -1.4096e-15 0.965926
v 395.212 38.0872 -42.877
vt 2.25537 1.24858
vt 2.1269 1.24858
f 792/3086/682 790/3087/683 1085/3088/366 1084/3089/368 

vt 3.03384 1.16984
vt 3.08266 1.16984
vn -0.130526 -2.79509e-15 0.991445
v 396.441 38.0872 -42.7152
vt 3.08266 1.24858
vt 3.03384 1.24858
f 790/3090/683 775/3091/684 1086/3092/496 1085/3093/366 

vt -2.18368 1.16984
vt -2.06557 1.16984
v 396.441 38.0872 -39.7152
vt -2.06557 1.24858
vn -0.995632 0.0933626 -8.66096e-17
vt -2.18368 1.24858
f 775/3094/198 408/3095/198 1087/3096/685 1086/3097/685 

vt -3.09807 1.16984
vn 0.130526 -1.47129e-15 -0.991445
vt -3.01842 1.16984
vt -3.01842 1.24858
vt -3.09807 1.24858
f 408/3098/686 409/3099/335 410/3100/336 1087/3101/562 

vt -3.09807 0.763664
vt -3.01842 0.763664
vt -3.0176 0.797357
v 396.6 38.9281 -39.5338
vt -3.10521 0.797357
f 1087/3102/562 410/3103/336 411/3104/413 1088/3105/413 

vt -3.10521 -2.2034
vt -3.0176 -2.2034
vt -3.01324 -2.16971
vt -3.14297 -2.16971
f 1088/3106/413 411/3107/413 413/3108/338 511/3109/430 

v 396.6 38.9281 -42.8547
vt -2.18917 3.58196
vn -0.707106 0.707107 -8.76727e-16
vt -2.05843 3.58196
vt -2.02068 3.61565
v 397.441 39.0872 -43.5922
vt -2.21821 3.61565
vn -0.0705688 0.995585 0.0618872
f 1089/3110/687 1088/3111/687 511/3112/430 1090/3113/688 

vt -2.18368 1.8583
vt -2.06557 1.8583
vt -2.05843 1.89199
vt -2.18917 1.89199
f 1086/3114/685 1087/3115/685 1088/3116/687 1089/3117/687 

vt 3.03384 1.71173
vt 3.08266 1.71173
vt 3.08815 1.74543
v 395.253 38.9281 -43.0321
vt 3.03466 1.74543
f 1085/3118/366 1086/3119/496 1089/3120/400 1091/3121/400 

vt 3.03466 2.80732
vt 3.08815 2.80732
vt 3.11718 2.84101
v 395.473 39.0872 -43.8513
vt 3.03902 2.84101
f 1091/3122/400 1089/3123/400 1090/3124/688 1092/3125/419 

v 395.727 39.0872 -44.8006
vt 3.36863 2.26578
vt 3.35862 2.22841
vt 3.43611 2.21821
f 1093/3126/338 1092/3127/419 1090/3128/688

v 393.193 39.0872 -45.8504
vt 3.26885 2.30711
f 1094/3129/155 1092/3127/419 1093/3126/338

v 392.701 39.0872 -44.9993
vt 3.24951 2.27361
f 1094/3129/155 1095/3130/420 1092/3127/419

v 391.016 39.0872 -47.5204
vt 3.18316 2.37286
f 1096/3131/339 1095/3130/420 1094/3129/155

f 1096/3131/339 1079/3069/421 1095/3130/420

f 1078/3068/341 1079/3069/421 1096/3131/339

v 391.616 38.9281 -48.1201
vt -0.0509125 -3.69493
vt 0.0483745 -3.69493
vt 0.052733 -3.66123
vt -0.055271 -3.66123
f 1097/3132/340 1077/3133/340 1078/3134/341 1096/3135/339 

vt -0.0500879 0.481455
vt 0.0475498 0.481455
vt 0.0483745 0.515148
vt -0.0509125 0.515148
f 1075/3136/2 1076/3137/342 1077/3138/340 1097/3139/340 

vt -1.18369 0.509262
vt -1.08605 0.509262
vt -1.08523 0.542956
vt -1.18451 0.542956
f 1073/3140/1 1075/3141/2 1097/3142/3 1074/3143/3 

vt -1.18451 -3.54796
vt -1.08523 -3.54796
vt -1.08087 -3.51427
vt -1.18887 -3.51427
f 1074/3144/3 1097/3145/3 1096/3146/339 1094/3147/155 

vt -2.24078 -3.11772
vt -2.14149 -3.11772
vt -2.13713 -3.08402
vt -2.24513 -3.08402
f 1072/3148/337 1074/3149/337 1094/3150/155 1093/3151/338 

vt -3.07438 -2.43352
vt -3.04843 -2.43352
vt -3.04407 -2.39983
v 397.441 39.0872 -44.5749
vt -3.11213 -2.39983
f 1071/3152/413 1072/3153/413 1093/3154/338 1098/3155/430 

vt 3.43611 2.2569
f 1093/3126/338 1090/3128/688 1098/3156/430

f 1090/3128/688 512/1407/431 1098/3156/430

f 511/1406/430 512/1407/431 1090/3128/688

v 397.441 39.0872 -49.4748
vt 3.43611 2.44981
vn -0.0862241 0.994609 0.0576131
f 1098/3156/430 512/1407/431 1099/3157/689

v 398.447 39.0872 -50.4425
vt 3.47571 2.4879
vn -4.19172e-16 0.99236 -0.123373
f 1099/3157/689 512/1407/431 1100/3158/690

v 399.453 39.0872 -49.4748
vt 3.51531 2.44981
vn 0.0862241 0.994609 0.0576131
f 1101/3159/691 1100/3158/690 512/1407/431

v 399.614 39.0872 -50.5961
vt 3.52165 2.49395
f 1100/3158/690 1101/3159/691 1102/3160/429

v 401.193 39.0872 -50.1954
vt 3.58381 2.47818
f 1102/3160/429 1101/3159/691 1103/3161/144

v 400.294 38.9281 -48.9129
vt 4.20735 1.10781
v 401.617 38.9281 -49.4609
vt 4.26373 1.10781
vt 4.25937 1.14151
vt 4.18523 1.14151
f 1104/3162/397 1105/3163/397 1103/3164/144 1101/3165/691 

v 400.453 38.0872 -48.8066
vt 4.21153 1.39017
vn 0.381012 0.0933626 0.919844
v 401.697 38.0872 -49.3219
vt 4.26455 1.39017
vt 4.26373 1.42387
vt 4.20735 1.42387
f 1106/3166/692 1107/3167/360 1105/3168/397 1104/3169/397 

vt 4.21153 1.16984
vn 0.382683 0 0.92388
vt 4.26455 1.16984
vn 0.5 0 0.866025
vt 4.26455 1.24858
vt 4.21153 1.24858
f 1001/3170/693 1056/3171/694 1107/3172/360 1106/3173/692 

vt 4.34666 1.16984
vt 4.41347 1.16984
vn 0.707107 -8.58986e-16 0.707107
v 403.043 38.0872 -50.3549
vt 4.41347 1.24858
vt 4.34666 1.24858
f 1056/3174/694 1054/3175/695 1108/3176/358 1107/3177/360 

vt 4.19709 1.16984
v 404.076 36.0872 -51.7011
vt 4.26389 1.16984
vn 0.866025 -1.94227e-15 0.5
v 404.076 38.0872 -51.7011
vt 4.26389 1.24858
vt 4.19709 1.24858
f 1054/3178/695 1109/3179/696 1110/3180/356 1108/3181/358 

v 404.076 36.0872 -58.2011
vt -3.69733 2.79336
vt -3.69733 2.53746
f 1054/2977/6 1111/3182/6 1109/3183/6

f 1054/2977/6 899/2411/6 1111/3182/6

vt -0.0346714 1.16984
vn 0.866025 1.71654e-18 -0.5
vt 0.0321333 1.16984
vt 0.0321333 1.24858
v 404.076 38.0872 -58.2011
vt -0.0346714 1.24858
f 1111/3184/697 899/3185/606 900/3186/2 1112/3187/342 

vt -0.0346714 0.365348
vt 0.0321333 0.365348
vt 0.0313087 0.399042
v 403.937 38.9281 -58.1209
vt -0.0338467 0.399042
f 1112/3188/342 900/3189/2 902/3190/340 1113/3191/340 

vt -0.0338467 -4.30857
vt 0.0313087 -4.30857
v 402.33 39.0872 -58.8341
vt 0.0269502 -4.27488
v 403.203 39.0872 -57.6968
vt -0.0294882 -4.27488
f 1113/3192/340 902/3193/340 1114/3194/339 1115/3195/341 

vt -1.16745 -4.1616
vt -1.10229 -4.1616
vt -1.10665 -4.12791
vt -1.16309 -4.12791
f 902/3196/3 901/3197/3 1044/3198/155 1114/3199/339 

vt -2.22371 -3.73136
vt -2.16733 -3.73136
vt -2.14521 -3.69767
vt -2.21935 -3.69767
f 901/3200/337 903/3201/337 1042/3202/666 1044/3203/155 

vt 2.90313 -3.24828
vt 3.03617 -3.24828
v 399.453 39.0872 -65.3273
vt 3.07392 -3.21459
vt 2.88101 -3.21459
f 903/3204/607 904/3205/607 1116/3206/440 1042/3207/666 

vt 3.12176 3.65108
vt 3.14772 3.65108
v 401.167 39.0872 -65.1017
vt 3.15207 3.68478
vt 3.08401 3.68478
f 904/3208/400 906/3209/400 1117/3210/419 1116/3211/440 

vt 2.14149 4.33528
v 403.277 38.9281 -63.3173
vt 2.24078 4.33528
v 403.701 39.0872 -64.0519
vt 2.24513 4.36897
vt 2.13713 4.36897
f 906/3212/401 1118/3213/401 1119/3214/420 1117/3215/419 

vt 2.14231 2.00084
v 403.197 38.0872 -63.1784
vt 2.23995 2.00084
vt 2.24078 2.03453
vt 2.14149 2.03453
f 905/3216/366 1120/3217/368 1118/3218/401 906/3219/401 

vt 2.14231 1.16984
v 403.197 36.0872 -63.1784
vt 2.23995 1.16984
vn -0.5 -1.11131e-15 0.866025
vt 2.23995 1.24858
vt 2.14231 1.24858
f 907/3220/609 1121/3221/698 1120/3222/368 905/3223/366 

vt -3.66272 2.98932
f 907/2437/6 908/2436/6 1121/3224/6

v 404.697 36.0872 -65.7764
vt -3.72178 3.0916
f 1121/3224/6 908/2436/6 1122/3225/6

vt -2.25537 1.16984
vn 0.5 3.77625e-15 -0.866025
vt -2.1269 1.16984
vt -2.1269 1.24858
v 404.697 38.0872 -65.7764
vt -2.25537 1.24858
f 1122/3226/699 908/3227/610 909/3228/336 1123/3229/1 

vt -2.25537 0.431021
vt -2.1269 0.431021
vt -2.12772 0.464715
v 404.617 38.9281 -65.6375
vt -2.25454 0.464715
f 1123/3230/1 909/3231/336 911/3232/337 1124/3233/337 

vt -2.25454 -3.96148
vt -2.12772 -3.96148
v 401.421 39.0872 -66.0509
vt -2.13208 -3.92778
v 404.193 39.0872 -64.9029
vt -2.25018 -3.92778
f 1124/3234/337 911/3235/337 1125/3236/338 1126/3237/155 

vt -3.16148 -3.27728
vt -3.108 -3.27728
v 399.453 39.0872 -66.3101
vt -3.07896 -3.24359
vn 0.0705688 0.995585 -0.0618872
vt -3.15712 -3.24359
f 911/3238/413 910/3239/413 1127/3240/700 1125/3241/338 

vt 3.14164 -3.24828
vt 3.27239 -3.24828
vt 3.31014 -3.21459
vt 3.11261 -3.21459
f 910/3242/612 912/3243/612 535/3244/440 1127/3245/700 

vt 3.09093 3.8812
vt 3.17855 3.8812
vt 3.18291 3.91489
vt 3.05318 3.91489
f 912/3246/400 913/3247/400 534/3248/419 535/3249/440 

vt 2.11066 4.5654
vt 2.27161 4.5654
vt 2.27597 4.59909
vt 2.1063 4.59909
f 913/3250/401 914/3251/401 533/3252/420 534/3253/419 

vt 3.51531 3.07392
vt 3.51531 3.11261
f 535/1430/440 1116/3254/440 1127/3255/700

f 535/1430/440 1042/2944/666 1116/3254/440

vt 3.58279 3.06504
f 1117/3256/419 1127/3255/700 1116/3254/440

vt 3.59281 3.10241
f 1127/3255/700 1117/3256/419 1125/3257/338

vt 3.68258 3.02371
f 1125/3257/338 1117/3256/419 1119/3258/420

vt 3.70192 3.05721
f 1125/3257/338 1119/3258/420 1126/3259/155

v 405.878 39.0872 -62.3818
vt 3.76826 2.95796
f 1126/3259/155 1119/3258/420 1128/3260/421

vt 1.08523 4.76552
v 405.278 38.9281 -61.7821
vt 1.18451 4.76552
vt 1.18887 4.79922
vt 1.08087 4.79922
f 1118/3261/402 1129/3262/402 1128/3263/421 1119/3264/420 

vt 1.08605 2.08224
v 405.164 38.0872 -61.6686
vt 1.18369 2.08224
vt 1.18451 2.11593
vt 1.08523 2.11593
f 1120/3265/368 1130/3266/370 1129/3267/402 1118/3268/402 

vt 1.08605 1.16984
v 405.164 36.0872 -61.6686
vt 1.18369 1.16984
vn -0.707107 -1.98918e-15 0.707107
vt 1.18369 1.24858
vt 1.08605 1.24858
f 1121/3269/698 1131/3270/701 1130/3271/370 1120/3272/368 

vt -3.74018 2.92988
f 1121/3224/6 1122/3225/6 1131/3273/6

v 407.286 36.0872 -63.7899
vt -3.8237 3.01339
f 1131/3273/6 1122/3225/6 1132/3274/6

vt -1.19911 1.16984
vn 0.707107 -7.89214e-15 -0.707107
vt -1.07064 1.16984
vt -1.07064 1.24858
v 407.286 38.0872 -63.7899
vt -1.19911 1.24858
f 1132/3275/702 1122/3276/699 1123/3277/1 1133/3278/2 

vt -1.19911 0.349616
vt -1.07064 0.349616
vt -1.07146 0.383309
v 407.172 38.9281 -63.6765
vt -1.19828 0.383309
f 1133/3279/2 1123/3280/1 1124/3281/3 1134/3282/3 

vt -1.19828 -4.39172
vt -1.07146 -4.39172
vt -1.07582 -4.35803
v 406.573 39.0872 -63.0767
vt -1.19392 -4.35803
f 1134/3283/3 1124/3284/3 1126/3285/155 1135/3286/339 

vt 3.79562 2.98532
f 1126/3259/155 1128/3260/421 1135/3287/339

v 407.548 39.0872 -60.2054
vt 3.83401 2.87227
f 1135/3287/339 1128/3260/421 1136/3288/422

vt -0.0483745 4.91249
v 406.813 38.9281 -59.7814
vt 0.0509125 4.91249
vt 0.055271 4.94619
vt -0.052733 4.94619
f 1129/3289/403 1137/3290/403 1136/3291/422 1128/3292/421 

vt -0.0475498 2.11005
v 406.674 38.0872 -59.7011
vt 0.0500879 2.11005
vt 0.0509125 2.14374
vt -0.0483745 2.14374
f 1130/3293/370 1138/3294/372 1137/3295/403 1129/3296/403 

vt -0.0475498 1.16984
v 406.674 36.0872 -59.7011
vt 0.0500879 1.16984
vn -0.866025 -8.69724e-16 0.5
vt 0.0500879 1.24858
vt -0.0475498 1.24858
f 1131/3297/701 1139/3298/703 1138/3299/372 1130/3300/370 

vt -3.79962 2.85242
f 1131/3273/6 1132/3274/6 1139/3301/6

v 407.623 36.0872 -57.4099
vt -3.83698 2.76221
f 1139/3301/6 1132/3274/6 1140/3302/6

f 1140/3302/6 1132/3274/6 989/2734/6

vt -0.0655044 1.16984
vn 0.866025 -1.95472e-14 -0.5
vt 0.0629663 1.16984
vt 0.0629663 1.24858
v 409.272 38.0872 -61.2011
vt -0.0655044 1.24858
f 989/3303/704 1132/3304/702 1133/3305/2 1141/3306/342 

vt -0.0655044 0.321808
vt 0.0629663 0.321808
vt 0.0621416 0.355502
v 409.133 38.9281 -61.1209
vt -0.0646797 0.355502
f 1141/3307/342 1133/3308/2 1134/3309/340 1142/3310/340 

vt -0.0646797 -4.53869
vt 0.0621416 -4.53869
vt 0.0577831 -4.505
v 408.399 39.0872 -60.6968
vt -0.0603212 -4.505
f 1142/3311/340 1134/3312/340 1135/3313/339 1143/3314/341 

vt 3.86752 2.89162
f 1135/3287/339 1136/3288/422 1143/3315/341

v 408.598 39.0872 -57.6709
vt 3.87534 2.77249
f 1143/3315/341 1136/3288/422 1144/3316/423

vt -1.18206 4.76617
v 407.778 38.9281 -57.4514
vt -1.08278 4.76617
vt -1.07842 4.79986
vt -1.18642 4.79986
f 1137/3317/404 1145/3318/404 1144/3319/423 1136/3320/422 

vt -1.18124 2.08236
v 407.623 38.0872 -57.4099
vt -1.0836 2.08236
vt -1.08278 2.11606
vt -1.18206 2.11606
f 1138/3321/372 1146/3322/374 1145/3323/404 1137/3324/404 

vt -1.18124 1.16984
vt -1.0836 1.16984
vn -0.965926 3.3729e-20 0.258819
vt -1.0836 1.24858
vt -1.18124 1.24858
f 1139/3325/703 1140/3326/705 1146/3327/374 1138/3328/372 

vt -2.23775 1.16984
v 407.683 36.0872 -56.957
vt -2.21977 1.16984
vn -0.991445 6.68809e-20 0.130526
v 407.683 38.0872 -56.957
vt -2.21977 1.24858
vt -2.23775 1.24858
f 1140/3329/705 1147/3330/706 1148/3331/645 1146/3332/374 

vt -3.83933 2.74438
f 1140/3302/6 989/2734/6 1147/3333/6

f 1147/3333/6 989/2734/6 990/2735/6

v 404.591 36.0872 -52.9453
vt -3.71762 2.58644
f 1149/3334/6 1147/3333/6 990/2735/6

v 404.591 36.0872 -56.957
vt -3.71762 2.74438
f 1149/3334/6 1150/3335/6 1147/3333/6

f 1109/3183/6 1150/3335/6 1149/3334/6

f 1109/3183/6 1111/3182/6 1150/3335/6

vt 1.1128 1.16984
vn 0.92388 3.40371e-18 -0.382683
vt 1.16582 1.16984
vt 1.16582 1.24858
v 404.591 38.0872 -56.957
vt 1.1128 1.24858
vn 0.919844 0.0933626 -0.381012
f 1150/3336/707 1111/3337/697 1112/3338/342 1151/3339/708 

vt 1.1128 0.393034
vt 1.16582 0.393034
vt 1.165 0.426727
v 404.485 38.9281 -56.7979
vt 1.10862 0.426727
f 1151/3340/708 1112/3341/342 1113/3342/391 1152/3343/391 

vt 1.10862 -4.16225
vt 1.165 -4.16225
vt 1.16064 -4.12856
v 403.923 39.0872 -55.957
vt 1.0865 -4.12856
vn 0.0576131 0.994609 -0.0862241
f 1152/3344/391 1113/3345/391 1115/3346/341 1153/3347/709 

vt 3.66294 2.77351
v 403.923 39.0872 -53.9453
vt 3.69132 2.62581
vn 0.0576131 0.994609 0.0862241
vt 3.69132 2.70501
f 1115/3348/341 1154/3349/710 1153/3350/709

v 403.203 39.0872 -52.2054
vt 3.66294 2.55731
f 1115/3348/341 1155/3351/415 1154/3349/710

v 402.956 39.0872 -54.9511
vt 3.65322 2.66541
vn -0.123373 0.99236 -3.78532e-16
f 1115/3348/341 1156/3352/711 1155/3351/415

v 402.802 39.0872 -56.118
vt 3.64717 2.71135
f 1115/3348/341 1157/3353/423 1156/3352/711

v 402.352 39.0872 -57.2054
vt 3.62944 2.75416
f 1115/3348/341 1158/3354/422 1157/3353/423

vt 3.62859 2.81828
f 1114/3355/339 1158/3354/422 1115/3348/341

v 401.635 39.0872 -58.1392
vt 3.60123 2.79092
f 1114/3355/339 1159/3356/421 1158/3354/422

f 1044/2946/155 1159/3356/421 1114/3355/339

f 1044/2946/155 1045/2947/420 1159/3356/421

vt 1.11606 4.53541
vt 1.15368 4.53541
vt 1.15804 4.5691
vt 1.1117 4.5691
f 1047/3357/402 1048/3358/402 1159/3359/421 1045/3360/420 

vt -0.0175415 4.68237
vt 0.0200796 4.68237
vt 0.0244381 4.71607
vt -0.0219 4.71607
f 1048/3361/403 1049/3362/403 1158/3363/422 1159/3364/421 

vt -1.15123 4.53605
vt -1.11361 4.53605
vt -1.10925 4.56975
vt -1.15559 4.56975
f 1049/3365/404 1051/3366/404 1157/3367/423 1158/3368/422 

vt -2.20774 4.10641
v 402.107 38.9281 -54.9511
vt -2.17012 4.10641
vt -2.16577 4.1401
vt -2.2121 4.1401
f 1051/3369/405 1160/3370/405 1156/3371/711 1157/3372/423 

vt -2.20692 1.95753
vt -2.17095 1.95753
vn -0.995557 0.0941611 1.47608e-16
vt -2.17012 1.99122
vt -2.20774 1.99122
f 1050/3373/374 1053/3374/712 1160/3375/405 1051/3376/405 

vt -3.11426 1.82817
v 401.828 38.0872 -54.0452
vt -3.07829 1.82817
v 401.983 38.9281 -54.0037
vt -3.07747 1.86187
vt -3.11509 1.86187
f 1053/3377/669 1161/3378/378 1162/3379/406 1160/3380/406 

vt -3.11426 1.16984
vt -3.07829 1.16984
vn -0.965926 1.12803e-14 -0.258819
vt -3.07829 1.24858
vt -3.11426 1.24858
f 1052/3381/668 1055/3382/713 1161/3383/378 1053/3384/669 

vt -3.8106 1.16984
vt -3.77463 1.16984
vn -0.866025 0 -0.5
v 401.478 38.0872 -53.2011
vt -3.77463 1.24858
vt -3.8106 1.24858
f 1055/3385/713 1057/3386/714 1163/3387/380 1161/3388/378 

vt -4.24848 1.16984
vt -4.21251 1.16984
vt -4.21251 1.24858
vt -4.24848 1.24858
f 1057/3389/714 1058/3390/670 1060/3391/382 1163/3392/380 

vt -4.24848 1.46319
vt -4.21251 1.46319
v 401.035 38.9281 -52.3628
vt -4.21168 1.49689
v 401.617 38.9281 -53.1209
vt -4.2493 1.49689
f 1163/3393/380 1060/3394/382 1164/3395/408 1165/3396/408 

vt -4.39805 1.25245
vt -4.36208 1.25245
v 400.277 38.9281 -51.781
vt -4.36126 1.28614
vt -4.39888 1.28614
f 1060/3397/382 1059/3398/384 1166/3399/409 1164/3400/409 

vt -4.24913 1.04168
vt -4.21316 1.04168
v 399.394 38.9281 -51.4154
vt -4.21234 1.07538
vt -4.24996 1.07538
f 1059/3401/384 1061/3402/386 1167/3403/410 1166/3404/410 

vt -3.81187 0.845268
vt -3.7759 0.845268
vt -3.77507 0.878961
vt -3.81269 0.878961
f 1061/3405/386 1062/3406/674 1064/3407/411 1167/3408/411 

vt -3.81269 -1.77211
vt -3.77507 -1.77211
vt -3.77071 -1.73842
vt -3.81705 -1.73842
f 1167/3409/411 1064/3410/411 1100/3411/690 1102/3412/429 

vt -3.11688 -2.66364
vt -3.07926 -2.66364
v 397.28 39.0872 -50.5961
vt -3.0749 -2.62994
vt -3.12124 -2.62994
f 1064/3413/413 1063/3414/413 1168/3415/338 1100/3416/690 

vt -2.20994 -3.34783
vt -2.17232 -3.34783
v 396.193 39.0872 -51.0465
vt -2.16796 -3.31414
vt -2.2143 -3.31414
f 1063/3417/337 1065/3418/337 1169/3419/155 1168/3420/338 

vt -1.15368 -3.77808
vt -1.11606 -3.77808
vt -1.1117 -3.74438
vt -1.15804 -3.74438
f 1065/3421/3 1066/3422/3 1067/3423/339 1169/3424/155 

vt 3.38696 2.51169
f 1067/3018/339 1068/3019/420 1169/3425/155

f 1169/3425/155 1068/3019/420 1099/3157/689

vt 2.15855 3.72164
vt 2.21493 3.72164
vt 2.23705 3.75533
vt 2.16291 3.75533
f 1069/3426/401 1070/3427/401 1099/3428/689 1068/3429/420 

vt -2.42768 3.58196
vt -2.29465 3.58196
vt -2.2569 3.61565
vt -2.44981 3.61565
f 1070/3430/676 1071/3431/676 1098/3432/430 1099/3433/689 

vt 3.42977 2.49395
f 1169/3425/155 1099/3157/689 1168/3434/338

f 1168/3434/338 1099/3157/689 1100/3158/690

vt -4.24996 -0.734012
vt -4.21234 -0.734012
vt -4.20798 -0.700319
v 400.701 39.0872 -51.0465
vt -4.25432 -0.700319
f 1166/3435/410 1167/3436/410 1102/3437/429 1170/3438/428 

vt 3.56447 2.51169
f 1102/3160/429 1103/3161/144 1170/3439/428

v 401.635 39.0872 -51.763
vt 3.60123 2.53989
f 1170/3439/428 1103/3161/144 1171/3440/427

v 402.33 39.0872 -51.0681
vt 3.62859 2.51254
f 1171/3440/427 1103/3161/144 1172/3441/416

vt 4.34749 -0.00610972
v 402.93 38.9281 -50.4684
vt 4.41264 -0.00610972
vt 4.40829 0.0275838
vt 4.35185 0.0275838
f 1105/3442/396 1173/3443/396 1172/3444/416 1103/3445/144 

vt 4.34666 1.17941
vt 4.41347 1.17941
vt 4.41264 1.2131
vt 4.34749 1.2131
f 1107/3446/360 1108/3447/358 1173/3448/396 1105/3449/396 

vt 4.19709 0.968662
vt 4.26389 0.968662
v 403.937 38.9281 -51.7814
vt 4.26307 1.00236
vt 4.19791 1.00236
f 1108/3450/358 1110/3451/356 1174/3452/395 1173/3453/395 

vt 3.75921 0.772292
v 404.591 38.0872 -52.9453
vt 3.81223 0.772292
vn 0.919844 0.0933626 0.381012
v 404.485 38.9281 -53.1044
vt 3.81642 0.805986
vt 3.76004 0.805986
f 1110/3454/356 1175/3455/715 1176/3456/394 1174/3457/394 

vt 3.75921 1.16984
vt 3.81223 1.16984
vn 0.92388 -2.14802e-15 0.382683
vt 3.81223 1.24858
vt 3.75921 1.24858
f 1109/3458/696 1149/3459/716 1175/3460/715 1110/3461/356 

vt 3.71762 1.16984
vn 0 -5.63993e-15 1
vt 3.83933 1.16984
v 407.683 38.0872 -52.9453
vt 3.83933 1.24858
vn 1.28289e-18 0.0933626 0.995632
vt 3.71762 1.24858
f 1149/3462/717 990/3463/717 1177/3464/718 1175/3465/718 

vt -3.06544 1.16984
vn -0.991445 7.37322e-16 -0.130526
vt -3.04746 1.16984
vn -0.965926 9.11824e-16 -0.258819
v 407.623 38.0872 -52.4923
vt -3.04746 1.24858
vt -3.06544 1.24858
f 990/3466/719 991/3467/720 1178/3468/378 1177/3469/565 

vt -3.84143 1.16984
vt -3.7438 1.16984
vn -0.866025 1.40971e-15 -0.5
v 406.674 38.0872 -50.2011
vt -3.7438 1.24858
vt -3.84143 1.24858
f 991/3470/720 993/3471/721 1179/3472/380 1178/3473/378 

vt -4.27931 1.16984
vt -4.18167 1.16984
vn -0.707107 3.12262e-15 -0.707107
v 405.164 38.0872 -48.2336
vt -4.18167 1.24858
vt -4.27931 1.24858
f 993/3474/721 994/3475/722 1180/3476/382 1179/3477/380 

vt -4.42889 1.16984
vt -4.33125 1.16984
vn -0.5 3.57282e-15 -0.866025
v 403.197 38.0872 -46.7239
vt -4.33125 1.24858
vt -4.42889 1.24858
f 994/3478/722 996/3479/723 1181/3480/384 1180/3481/382 

vt -4.27997 1.16984
vt -4.18233 1.16984
vn -0.258819 2.72982e-15 -0.965926
v 400.906 38.0872 -45.7748
vt -4.18233 1.24858
vt -4.27997 1.24858
f 996/3482/723 998/3483/724 1182/3484/386 1181/3485/384 

vt -3.8427 1.16984
vt -3.82472 1.16984
vn -0.130526 2.79567e-15 -0.991445
v 400.453 38.0872 -45.7152
vt -3.82472 1.24858
vt -3.8427 1.24858
f 998/3486/724 1000/3487/725 1183/3488/568 1182/3489/386 

vt 2.30179 1.16984
vt 2.4235 1.16984
vt 2.4235 1.24858
vn 0.995632 0.0933626 1.23707e-18
vt 2.30179 1.24858
f 1000/3490/491 1001/3491/491 1106/3492/726 1183/3493/726 

vt 2.30179 0.565963
vt 2.4235 0.565963
vt 2.42768 0.599657
vn 0.707106 0.707107 5.23851e-20
v 400.294 38.9281 -45.5338
vt 2.29465 0.599657
f 1183/3494/726 1106/3495/726 1104/3496/727 1184/3497/727 

vt 2.29465 -3.24828
vt 2.42768 -3.24828
vt 2.44981 -3.21459
v 399.453 39.0872 -44.5749
vt 2.2569 -3.21459
f 1184/3498/727 1104/3499/727 1101/3500/691 1185/3501/431 

v 399.453 39.0872 -43.5922
vt 3.51531 2.21821
vn 0.0705688 0.995585 0.0618872
vt 3.51531 2.2569
f 1101/3159/691 1186/3502/728 1185/3503/431

f 1101/3159/691 512/1407/431 1186/3502/728

v 400.294 38.9281 -39.5338
vt 2.05843 -3.24828
vn 0.707106 0.707107 -9.71747e-16
v 400.294 38.9281 -42.8547
vt 2.18917 -3.24828
vt 2.21821 -3.21459
vt 2.02068 -3.21459
f 1187/3504/729 1188/3505/729 1186/3506/728 512/3507/431 

v 400.453 38.0872 -39.7152
vt 2.06557 0.565963
vn 0.995632 0.0933626 -1.65782e-16
v 400.453 38.0872 -42.7152
vt 2.18368 0.565963
vt 2.18917 0.599657
vt 2.05843 0.599657
f 1189/3508/730 1190/3509/730 1188/3510/729 1187/3511/729 

vt 2.06557 1.16984
vt 2.18368 1.16984
vt 2.18368 1.24858
vt 2.06557 1.24858
f 773/3512/491 999/3513/491 1190/3514/730 1189/3515/730 

vt 3.8093 1.16984
vn 0.130526 -2.94446e-15 0.991445
vt 3.85812 1.16984
vn 0.258819 -5.84528e-15 0.965926
v 401.682 38.0872 -42.877
vt 3.85812 1.24858
vt 3.8093 1.24858
f 999/3516/731 997/3517/732 1191/3518/362 1190/3519/486 

vt 4.16691 1.16984
vt 4.29538 1.16984
vn 0.5 -4.36035e-15 0.866025
v 404.697 38.0872 -44.1258
vt 4.29538 1.24858
vt 4.16691 1.24858
f 997/3520/732 995/3521/733 1192/3522/360 1191/3523/362 

vt 4.31583 1.16984
vt 4.4443 1.16984
vn 0.707107 -9.02559e-15 0.707107
v 407.286 38.0872 -46.1123
vt 4.4443 1.24858
vt 4.31583 1.24858
f 995/3524/733 992/3525/734 1193/3526/358 1192/3527/360 

vt 4.16626 1.16984
vt 4.29473 1.16984
vn 0.866025 -2.00896e-14 0.5
v 409.272 38.0872 -48.7011
vt 4.29473 1.24858
vt 4.16626 1.24858
f 992/3528/734 988/3529/735 1194/3530/356 1193/3531/358 

vt 3.72838 1.16984
vt 3.85685 1.16984
vn 0.965926 -1.12501e-14 0.258819
v 410.521 38.0872 -51.7159
vt 3.85685 1.24858
vt 3.72838 1.24858
f 988/3532/735 986/3533/736 1195/3534/354 1194/3535/356 

vt 3.03204 1.16984
vt 3.08086 1.16984
vn 0.991445 -3.68929e-16 0.130526
v 410.683 38.0872 -52.9453
vt 3.08086 1.24858
vt 3.03204 1.24858
f 986/3536/736 984/3537/737 1196/3538/480 1195/3539/354 

vt 3.95744 1.16984
vt 4.07555 1.16984
v 413.683 38.0872 -52.9453
vt 4.07555 1.24858
vn -1.07525e-15 0.0933626 0.995632
vt 3.95744 1.24858
f 984/3540/115 758/3541/115 1197/3542/738 1196/3543/738 

vt -3.09628 1.16984
vn -0.991445 -1.57788e-18 -0.130526
vt -3.01663 1.16984
vn -0.965926 -7.95747e-19 -0.258819
v 413.419 38.0872 -50.9394
vt -3.01663 1.24858
vt -3.09628 1.24858
f 758/3544/739 759/3545/740 1198/3546/378 1197/3547/565 

vt -3.87227 1.16984
vt -3.71296 1.16984
vn -0.866025 -9.00573e-18 -0.5
v 411.87 38.0872 -47.2011
vt -3.71296 1.24858
vt -3.87227 1.24858
f 759/3548/740 764/3549/741 1199/3550/380 1198/3551/378 

vt -4.31014 1.16984
vt -4.15084 1.16984
vn -0.707107 -9.00573e-18 -0.707107
v 409.407 38.0872 -43.991
vt -4.15084 1.24858
vt -4.31014 1.24858
f 764/3552/741 767/3553/742 1200/3554/382 1199/3555/380 

vt -4.45972 1.16984
vt -4.30041 1.16984
vn -0.5 4.36035e-15 -0.866025
v 406.197 38.0872 -41.5277
vt -4.30041 1.24858
vt -4.45972 1.24858
f 767/3556/742 770/3557/743 1201/3558/384 1200/3559/382 

vt -4.3108 1.16984
vt -4.1515 1.16984
vn -0.258819 4.43442e-15 -0.965926
v 402.459 38.0872 -39.9793
vt -4.1515 1.24858
vt -4.3108 1.24858
f 770/3560/743 772/3561/744 1202/3562/386 1201/3563/384 

vt -3.87354 1.16984
vt -3.79388 1.16984
vn -0.130526 1.4688e-16 -0.991445
vt -3.79388 1.24858
vt -3.87354 1.24858
f 772/3564/744 773/3565/745 1189/3566/568 1202/3567/386 

vt -3.87354 0.932347
vt -3.79388 0.932347
vt -3.78674 0.966041
v 402.5 38.9281 -39.8243
vt -3.87436 0.966041
f 1202/3568/386 1189/3569/568 1187/3570/411 1203/3571/411 

vt -3.87436 -1.31188
vt -3.78674 -1.31188
vt -3.74899 -1.27818
vt -3.87872 -1.27818
f 1203/3572/411 1187/3573/411 512/3574/431 513/3575/429 

v 406.277 38.9281 -41.3887
vt -4.31162 -0.273779
vt -4.15067 -0.273779
vt -4.14631 -0.240085
vt -4.31598 -0.240085
f 1204/3576/410 1203/3577/410 513/3578/429 514/3579/428 

vt -4.3108 1.12876
vt -4.1515 1.12876
vt -4.15067 1.16246
vt -4.31162 1.16246
f 1201/3580/384 1202/3581/386 1203/3582/410 1204/3583/410 

vt -4.45972 1.33953
vt -4.30041 1.33953
vt -4.29959 1.37322
v 409.521 38.9281 -43.8775
vt -4.46054 1.37322
f 1200/3584/382 1201/3585/384 1204/3586/409 1205/3587/409 

vt -4.46054 0.840146
vt -4.29959 0.840146
vt -4.29523 0.873839
v 410.12 39.0872 -43.2778
vt -4.4649 0.873839
f 1205/3588/409 1204/3589/409 514/3590/428 1206/3591/427 

v 410.896 39.0872 -38.6336
vt 3.96583 2.02299
vt 3.93529 2.20583
f 514/1409/428 1207/3592/150 1206/3593/427

v 411.212 39.0872 -37.8718
vt 3.97825 1.99299
f 514/1409/428 1208/3594/341 1207/3592/150

v 411.713 39.0872 -37.2176
vt 3.99802 1.96724
f 514/1409/428 1209/3595/339 1208/3594/341

f 514/1409/428 515/1410/155 1209/3595/339

v 412.792 38.9281 -37.4502
vt -2.00236 -3.71917
v 412.313 38.9281 -37.8174
vt -1.97862 -3.71917
vt -1.97426 -3.68548
vt -2.00672 -3.68548
f 1210/3596/3 1211/3597/3 1209/3598/339 515/3599/155 

v 412.872 38.0872 -37.5892
vt -2.00154 0.476868
v 412.427 38.0872 -37.9308
vt -1.97944 0.476868
vt -1.97862 0.510561
vt -2.00236 0.510561
f 1212/3600/1 1213/3601/2 1211/3602/3 1210/3603/3 

v 412.872 36.0872 -37.5892
vt -2.00154 1.16984
vn 0.5 -1.31527e-14 -0.866025
vt -1.97944 1.16984
vn 0.707107 -8.35234e-15 -0.707107
vt -1.97944 1.24858
vt -2.00154 1.24858
f 1214/3604/746 771/3605/747 1213/3606/2 1212/3607/1 

vt -4.04363 1.98187
f 334/800/6 771/2085/6 1214/3608/6

v 413.391 36.0872 -37.3744
vt -4.06404 1.97341
f 334/800/6 1214/3608/6 1215/3609/6

vt -2.99949 1.16984
vt -2.9774 1.16984
vt -2.9774 1.24858
v 413.391 38.0872 -37.3744
vt -2.99949 1.24858
f 1215/3610/634 1214/3611/746 1212/3612/1 1216/3613/336 

vt -2.99949 0.598729
vt -2.9774 0.598729
vt -2.97657 0.632423
v 413.349 38.9281 -37.2194
vt -3.00032 0.632423
f 1216/3614/336 1212/3615/1 1210/3616/337 1217/3617/337 

vt -3.00032 -3.07511
vt -2.97657 -3.07511
vt -2.97221 -3.04142
vt -3.00468 -3.04142
f 1217/3618/337 1210/3619/337 515/3620/155 516/3621/338 

v 413.947 38.9281 -37.1406
vt -3.79461 -2.19921
vt -3.77087 -2.19921
vt -3.76651 -2.16551
vt -3.79897 -2.16551
f 1218/3622/413 1217/3623/413 516/3624/338 517/3625/432 

v 413.947 38.0872 -37.3011
vt -3.79379 0.764457
vn 4.87106e-15 0.0941611 -0.995557
vt -3.77169 0.764457
vt -3.77087 0.798151
vt -3.79461 0.798151
f 1219/3626/748 1216/3627/336 1217/3628/413 1218/3629/413 

v 413.947 36.0872 -37.3011
vt -3.79379 1.16984
vt -3.77169 1.16984
vt -3.77169 1.24858
vt -3.79379 1.24858
vn 4.87809e-15 0.0941611 -0.995557
f 1220/3630/632 1215/3631/634 1216/3632/336 1219/3633/749 

vt -4.08595 1.97053
f 334/800/6 1215/3609/6 1220/3634/6

v 414.503 36.0872 -37.3744
vt -4.10786 1.97341
f 334/800/6 1220/3634/6 1221/3635/6

vt -4.3303 1.16984
vt -4.3082 1.16984
vt -4.3082 1.24858
v 414.503 38.0872 -37.3744
vt -4.3303 1.24858
f 1221/3636/631 1220/3637/632 1219/3638/749 1222/3639/386 

vt -4.3303 0.962757
vt -4.3082 0.962757
vt -4.30737 0.996451
v 414.545 38.9281 -37.2194
vt -4.33112 0.996451
f 1222/3640/386 1219/3641/749 1218/3642/411 1223/3643/411 

vt -4.33112 -1.15115
vt -4.30737 -1.15115
vt -4.30302 -1.11746
vt -4.33548 -1.11746
f 1223/3644/411 1218/3645/411 517/3646/432 518/3647/429 

v 415.102 38.9281 -37.4502
vt -4.57328 -0.00237608
vt -4.54953 -0.00237608
vt -4.54517 0.0313174
vt -4.57764 0.0313174
f 1224/3648/410 1223/3649/410 518/3650/429 519/3651/428 

v 415.022 38.0872 -37.5892
vt -4.57245 1.18012
vt -4.55036 1.18012
vt -4.54953 1.21381
vt -4.57328 1.21381
f 1225/3652/384 1222/3653/386 1223/3654/410 1224/3655/410 

v 415.022 36.0872 -37.5892
vt -4.57245 1.16984
vn -0.5 -1.87354e-15 -0.866025
vt -4.55036 1.16984
vt -4.55036 1.24858
vt -4.57245 1.24858
f 1226/3656/750 1221/3657/631 1222/3658/386 1225/3659/384 

vt -4.12827 1.98187
f 334/800/6 1221/3635/6 1226/3660/6

v 415.467 36.0872 -37.9308
vt -4.1458 1.99532
f 334/800/6 1226/3660/6 1227/3661/6

vt -4.50376 1.16984
vn -0.707107 -5.59726e-16 -0.707107
vt -4.48166 1.16984
vt -4.48166 1.24858
v 415.467 38.0872 -37.9308
vt -4.50376 1.24858
vn -0.703973 0.0940678 -0.70397
f 1227/3662/751 1226/3663/750 1225/3664/384 1228/3665/752 

vt -4.50376 1.40172
vt -4.48166 1.40172
vt -4.48084 1.43541
v 415.58 38.9281 -37.8166
vt -4.50454 1.43541
f 1228/3666/752 1225/3667/384 1224/3668/409 1229/3669/409 

vt -4.50454 1.16884
vt -4.48084 1.16884
vt -4.47648 1.20253
vt -4.50863 1.20253
f 1229/3670/409 1224/3671/409 519/3672/428 520/3673/433 

v 415.948 38.9281 -38.297
vt -4.12977 2.28299
vn -0.561194 0.706844 -0.430619
vt -4.10593 2.28299
vt -4.10132 2.31662
vt -4.13438 2.31662
f 1230/3674/753 1229/3675/753 520/3676/433 521/3677/434 

v 415.809 38.0872 -38.3761
vt -4.12889 1.6118
vn -0.862184 0.0940678 -0.497785
vt -4.1068 1.6118
vt -4.10593 1.64549
vt -4.12977 1.64549
f 1231/3678/754 1228/3679/752 1229/3680/753 1230/3681/753 

v 415.809 36.0872 -38.3761
vt -4.12889 1.16984
vn -0.866025 9.96548e-15 -0.5
vt -4.1068 1.16984
vt -4.1068 1.24858
vt -4.12889 1.24858
f 1232/3682/755 1227/3683/751 1228/3684/752 1231/3685/754 

vt -4.15925 2.01285
f 334/800/6 1227/3661/6 1232/3686/6

v 416.024 36.0872 -38.8947
vt -4.16771 2.03326
f 334/800/6 1232/3686/6 1233/3687/6

vt -3.47341 1.16984
vn -0.965926 3.23401e-14 -0.258819
vt -3.45131 1.16984
vt -3.45131 1.24858
v 416.024 38.0872 -38.8947
vt -3.47341 1.24858
f 1233/3688/756 1232/3689/755 1231/3690/754 1234/3691/378 

vt -3.47341 1.798
vt -3.45131 1.798
vt -3.45053 1.83169
v 416.179 38.9281 -38.8531
vt -3.47423 1.83169
f 1234/3692/378 1231/3693/754 1230/3694/407 1235/3695/407 

vt -3.47423 3.26324
vt -3.45053 3.26324
vt -3.44643 3.29693
vt -3.47859 3.29693
f 1235/3696/407 1230/3697/407 521/3698/434 522/3699/425 

v 416.257 38.9281 -39.4511
vt -2.58279 4.04368
vt -2.55904 4.04368
vt -2.55468 4.07738
vt -2.58715 4.07738
f 1236/3700/406 1235/3701/406 522/3702/425 523/3703/435 

v 416.097 38.0872 -39.4511
vt -2.58196 1.94566
vn -0.995557 0.0941611 -8.36444e-15
vt -2.55987 1.94566
vt -2.55904 1.97936
vt -2.58279 1.97936
f 1237/3704/757 1234/3705/378 1235/3706/406 1236/3707/406 

vt -2.58196 1.16984
vn -1 4.49347e-14 -6.71882e-16
vt -2.55987 1.16984
vt -2.55987 1.24858
vt -2.58196 1.24858
f 745/3708/758 1233/3709/756 1234/3710/378 1237/3711/757 

f 334/800/6 1233/3687/6 745/2059/6

f 334/800/6 745/2059/6 332/802/6

f 332/802/6 745/2059/6 330/804/6

f 330/804/6 745/2059/6 328/806/6

vt -1.51532 1.16984
vn -0.965926 3.30705e-14 0.258819
vt -1.49322 1.16984
vt -1.49322 1.24858
v 416.024 38.0872 -40.0076
vt -1.51532 1.24858
f 746/3712/759 745/3713/758 1237/3714/757 1238/3715/374 

vt -1.51532 2.0454
vt -1.49322 2.0454
vn -0.995557 0.0941611 -8.37147e-15
vt -1.49239 2.0791
v 416.179 38.9281 -40.0491
vt -1.51614 2.0791
f 1238/3716/374 1237/3717/760 1236/3718/405 1239/3719/405 

vt -1.51614 4.57084
vt -1.49239 4.57084
vt -1.48804 4.60453
v 416.998 39.0872 -40.2686
vt -1.5205 4.60453
f 1239/3720/405 1236/3721/405 523/3722/435 1240/3723/423 

v 416.998 39.0872 -69.6336
vt 4.20607 3.24346
vt 4.20607 2.08736
f 1241/3724/425 1240/3725/423 523/1418/435

v 416.682 39.0872 -68.8718
vt 4.19364 3.21347
f 1242/3726/426 1240/3725/423 1241/3724/425

v 416.682 39.0872 -41.0304
vt 4.19364 2.11735
f 1242/3726/426 1243/3727/422 1240/3725/423

v 416.18 39.0872 -68.2176
vt 4.17388 3.18771
f 1244/3728/427 1243/3727/422 1242/3726/426

v 416.18 39.0872 -41.6846
vt 4.17388 2.14311
f 1244/3728/427 1245/3729/421 1243/3727/422

v 415.526 39.0872 -42.1866
vt 4.14813 2.16287
f 1244/3728/427 1246/3730/420 1245/3729/421

v 415.526 39.0872 -67.7157
vt 4.14813 3.16795
f 1247/3731/428 1246/3730/420 1244/3728/427

v 414.823 39.0872 -55.957
vt 4.12045 2.70501
vn -0.0619502 0.996599 -0.0543289
f 1248/3732/761 1246/3730/420 1247/3731/428

v 414.823 39.0872 -53.9453
vt 4.12045 2.62581
vn -0.0619502 0.996599 0.0543289
f 1249/3733/762 1246/3730/420 1248/3732/761

v 414.764 39.0872 -42.5021
vt 4.11813 2.17529
f 1249/3733/762 1250/3734/419 1246/3730/420

v 414.393 39.0872 -50.6784
vt 4.10351 2.49719
f 1251/3735/425 1250/3734/419 1249/3733/762

v 413.947 39.0872 -42.6097
vt 4.08595 2.17953
vn 3.46833e-15 0.99236 0.123373
f 1251/3735/425 1252/3736/763 1250/3734/419

v 413.129 39.0872 -42.5021
vt 4.05376 2.17529
f 1251/3735/425 1253/3737/417 1252/3736/763

v 412.744 39.0872 -46.6968
vt 4.03858 2.34044
f 1254/3738/426 1253/3737/417 1251/3735/425

v 412.368 39.0872 -42.1866
vt 4.02377 2.16287
f 1254/3738/426 1255/3739/144 1253/3737/417

v 411.713 39.0872 -41.6846
vt 3.99802 2.14311
f 1254/3738/426 1256/3740/416 1255/3739/144

v 411.212 39.0872 -41.0304
vt 3.97825 2.11735
f 1254/3738/426 1257/3741/415 1256/3740/416

v 410.896 39.0872 -40.2686
vt 3.96583 2.08736
f 1254/3738/426 1258/3742/147 1257/3741/415

f 1206/3593/427 1258/3742/147 1254/3738/426

v 410.788 39.0872 -39.4511
vt 3.96159 2.05517
vn 0.123373 0.99236 5.81964e-15
f 1258/3742/147 1206/3593/427 1259/3743/764

f 1206/3593/427 1207/3592/150 1259/3743/764

v 411.715 38.9281 -38.8531
vt 1.49239 -3.91706
v 411.636 38.9281 -39.4511
vt 1.51614 -3.91706
vt 1.5205 -3.88337
vt 1.48804 -3.88337
f 1260/3744/392 1261/3745/392 1259/3746/764 1207/3747/150 

v 411.87 38.0872 -38.8947
vt 1.49322 0.439425
v 411.797 38.0872 -39.4511
vt 1.51532 0.439425
vn 0.995557 0.0941611 1.00514e-15
vt 1.51614 0.473119
vt 1.49239 0.473119
f 1262/3748/350 1263/3749/765 1261/3750/392 1260/3751/392 

vt 1.49322 1.16984
vn 0.965926 -1.27115e-15 -0.258819
vt 1.51532 1.16984
vn 1 -1.84236e-16 -6.57884e-16
vt 1.51532 1.24858
vn 0.995557 0.0941611 1.01217e-15
vt 1.49322 1.24858
f 768/3752/766 766/3753/767 1263/3754/768 1262/3755/350 

vt 2.55987 1.16984
vt 2.58196 1.16984
vn 0.965926 2.58339e-18 0.258819
v 411.87 38.0872 -40.0076
vt 2.58196 1.24858
vt 2.55987 1.24858
f 766/3756/767 765/3757/769 1264/3758/354 1263/3759/768 

vt 3.45131 1.16984
vt 3.47341 1.16984
vn 0.866025 2.03692e-18 0.5
v 412.085 38.0872 -40.5261
vt 3.47341 1.24858
vt 3.45131 1.24858
f 765/3760/769 763/3761/770 1265/3762/356 1264/3763/354 

vt 4.1068 1.16984
vt 4.12889 1.16984
vn 0.707107 -6.92558e-15 0.707107
v 412.427 38.0872 -40.9714
vt 4.12889 1.24858
vt 4.1068 1.24858
f 763/3764/770 762/3765/771 1266/3766/358 1265/3767/356 

vt 4.48166 1.16984
vt 4.50376 1.16984
vn 0.5 -1.12792e-14 0.866025
v 412.872 38.0872 -41.3131
vt 4.50376 1.24858
vt 4.48166 1.24858
f 762/3768/771 761/3769/772 1267/3770/360 1266/3771/358 

vt 4.55036 1.16984
vt 4.57245 1.16984
vn 0.258819 -4.3536e-15 0.965926
v 413.391 38.0872 -41.5279
vt 4.57245 1.24858
vt 4.55036 1.24858
f 761/3772/772 760/3773/773 1268/3774/362 1267/3775/360 

vt 4.3082 1.16984
vt 4.3303 1.16984
vn 0 -1.67509e-29 1
v 413.947 38.0872 -41.6011
vt 4.3303 1.24858
vn 2.61477e-15 0.0941611 0.995557
vt 4.3082 1.24858
f 760/3776/773 756/3777/774 1269/3778/775 1268/3779/362 

vt 3.77169 1.16984
vt 3.79379 1.16984
vn -0.258819 -8.37543e-30 0.965926
v 414.503 38.0872 -41.5279
vt 3.79379 1.24858
vt 3.77169 1.24858
f 756/3780/774 754/3781/776 1270/3782/366 1269/3783/775 

vt 2.9774 1.16984
vt 2.99949 1.16984
vn -0.5 0 0.866025
v 415.022 38.0872 -41.3131
vt 2.99949 1.24858
vt 2.9774 1.24858
f 754/3784/776 752/3785/777 1271/3786/368 1270/3787/366 

vt 1.97944 1.16984
vt 2.00154 1.16984
vn -0.707107 0 0.707107
v 415.467 38.0872 -40.9714
vt 2.00154 1.24858
vt 1.97944 1.24858
f 752/3788/777 750/3789/778 1272/3790/370 1271/3791/368 

vt 0.845842 1.16984
vt 0.867939 1.16984
vn -0.866025 1.05105e-14 0.5
v 415.809 38.0872 -40.5261
vt 0.867939 1.24858
vt 0.845842 1.24858
f 750/3792/778 748/3793/779 1273/3794/372 1272/3795/370 

vt -0.346155 1.16984
vt -0.324058 1.16984
vt -0.324058 1.24858
vt -0.346155 1.24858
f 748/3796/779 746/3797/759 1238/3798/374 1273/3799/372 

vt -0.346155 2.09042
vt -0.324058 2.09042
vt -0.323234 2.12412
v 415.948 38.9281 -40.6064
vt -0.34698 2.12412
f 1273/3800/372 1238/3801/374 1239/3802/404 1274/3803/404 

vt -0.34698 4.80878
vt -0.323234 4.80878
vt -0.318875 4.84247
vt -0.351339 4.84247
f 1274/3804/404 1239/3805/404 1240/3806/423 1243/3807/422 

v 415.581 38.9281 -41.0849
vt 0.845017 4.74128
vt 0.868763 4.74128
vt 0.873122 4.77497
vt 0.840659 4.77497
f 1275/3808/403 1274/3809/403 1243/3810/422 1245/3811/421 

vt 0.845842 2.07765
vt 0.867939 2.07765
vt 0.868763 2.11135
vt 0.845017 2.11135
f 1272/3812/370 1273/3813/372 1274/3814/403 1275/3815/403 

vt 1.97944 2.00796
vt 2.00154 2.00796
vt 2.00236 2.04166
v 415.102 38.9281 -41.452
vt 1.97862 2.04166
f 1271/3816/368 1272/3817/370 1275/3818/402 1276/3819/402 

vt 1.97862 4.37295
vt 2.00236 4.37295
vt 2.00672 4.40664
vt 1.97426 4.40664
f 1276/3820/402 1275/3821/402 1245/3822/421 1246/3823/420 

v 414.545 38.9281 -41.6829
vt 2.97657 3.72889
vt 3.00032 3.72889
vt 3.00468 3.76258
vt 2.97221 3.76258
f 1277/3824/401 1276/3825/401 1246/3826/420 1250/3827/419 

vt 2.9774 1.8861
vt 2.99949 1.8861
vt 3.00032 1.91979
vt 2.97657 1.91979
f 1270/3828/366 1271/3829/368 1276/3830/401 1277/3831/401 

vt 3.77169 1.72037
vt 3.79379 1.72037
vt 3.79461 1.75407
v 413.947 38.9281 -41.7616
vt 3.77087 1.75407
f 1269/3832/775 1270/3833/366 1277/3834/400 1278/3835/400 

vt 3.77087 2.85298
vt 3.79461 2.85298
vt 3.79897 2.88668
vt 3.76651 2.88668
f 1278/3836/400 1277/3837/400 1250/3838/419 1252/3839/763 

v 413.349 38.9281 -41.6829
vt 4.30737 1.80493
vt 4.33112 1.80493
vt 4.33548 1.83863
vt 4.30302 1.83863
f 1279/3840/399 1278/3841/399 1252/3842/763 1253/3843/417 

vt 4.3082 1.52207
vt 4.3303 1.52207
vn 2.6218e-15 0.0941611 0.995557
vt 4.33112 1.55577
vt 4.30737 1.55577
f 1268/3844/362 1269/3845/780 1278/3846/399 1279/3847/399 

vt 4.55036 1.30471
vt 4.57245 1.30471
vt 4.57328 1.33841
v 412.792 38.9281 -41.452
vt 4.54953 1.33841
f 1267/3848/360 1268/3849/362 1279/3850/397 1280/3851/397 

vt 4.54953 0.656154
vt 4.57328 0.656154
vt 4.57764 0.689847
vt 4.54517 0.689847
f 1280/3852/397 1279/3853/397 1253/3854/417 1255/3855/144 

v 412.313 38.9281 -41.0849
vt 4.48084 -0.515063
vt 4.50458 -0.515063
vt 4.50894 -0.48137
vt 4.47648 -0.48137
f 1281/3856/396 1280/3857/396 1255/3858/144 1256/3859/416 

vt 4.48166 1.08311
vt 4.50376 1.08311
vt 4.50458 1.1168
vt 4.48084 1.1168
f 1266/3860/358 1267/3861/360 1280/3862/396 1281/3863/396 

vt 4.1068 0.872363
vt 4.12889 0.872363
vt 4.12972 0.906057
v 411.946 38.9281 -40.6064
vt 4.10597 0.906057
f 1265/3864/356 1266/3865/358 1281/3866/395 1282/3867/395 

vt 4.10597 -1.6289
vt 4.12972 -1.6289
vt 4.13408 -1.59521
vt 4.10161 -1.59521
f 1282/3868/395 1281/3869/395 1256/3870/416 1257/3871/415 

v 411.715 38.9281 -40.0491
vt 3.45048 -2.60946
vt 3.47423 -2.60946
vt 3.47859 -2.57576
vt 3.44613 -2.57576
f 1283/3872/394 1282/3873/394 1257/3874/415 1258/3875/147 

vt 3.45131 0.686834
vt 3.47341 0.686834
vt 3.47423 0.720528
vt 3.45048 0.720528
f 1264/3876/354 1265/3877/356 1282/3878/394 1283/3879/394 

vt 2.55987 0.539167
vt 2.58196 0.539167
vt 2.58279 0.572861
vt 2.55904 0.572861
f 1263/3880/765 1264/3881/354 1283/3882/393 1261/3883/393 

vt 2.55904 -3.38991
vt 2.58279 -3.38991
vt 2.58715 -3.35621
vt 2.55468 -3.35621
f 1261/3884/393 1283/3885/393 1258/3886/147 1259/3887/764 

vt 0.324058 1.16984
vn 0.866025 -1.9534e-15 -0.5
vt 0.346155 1.16984
vt 0.346155 1.24858
v 412.085 38.0872 -38.3761
vt 0.324058 1.24858
f 769/3888/781 768/3889/766 1262/3890/350 1284/3891/342 

vt 0.324058 0.394406
vt 0.346155 0.394406
vt 0.34698 0.428099
v 411.946 38.9281 -38.2959
vt 0.323234 0.428099
f 1284/3892/342 1262/3893/350 1260/3894/391 1285/3895/391 

vt 0.323234 -4.155
vt 0.34698 -4.155
vt 0.351339 -4.1213
vt 0.318875 -4.1213
f 1285/3896/391 1260/3897/391 1207/3898/150 1208/3899/341 

vt -0.868763 -4.0875
vt -0.845017 -4.0875
vt -0.840659 -4.05381
vt -0.873122 -4.05381
f 1211/3900/340 1285/3901/340 1208/3902/341 1209/3903/339 

vt -0.867939 0.407177
vt -0.845842 0.407177
vt -0.845017 0.44087
vt -0.868763 0.44087
f 1213/3904/2 1284/3905/342 1285/3906/340 1211/3907/340 

vt -0.867939 1.16984
vt -0.845842 1.16984
vt -0.845842 1.24858
vt -0.867939 1.24858
f 771/3908/747 769/3909/781 1284/3910/342 1213/3911/2 

v 412.009 38.9281 -47.1209
vt -4.31097 1.95399
vt -4.15001 1.95399
vt -4.14566 1.98768
vt -4.31533 1.98768
f 1286/3912/408 1205/3913/408 1206/3914/427 1254/3915/426 

vt -4.31014 1.55027
vt -4.15084 1.55027
vt -4.15001 1.58397
vt -4.31097 1.58397
f 1199/3916/380 1200/3917/382 1205/3918/408 1286/3919/408 

vt -3.87227 1.74664
vt -3.71296 1.74664
vt -3.71214 1.78034
v 413.574 38.9281 -50.8979
vt -3.87309 1.78034
f 1198/3920/378 1199/3921/380 1286/3922/407 1287/3923/407 

vt -3.87309 2.99183
vt -3.71214 2.99183
vt -3.70778 3.02553
vt -3.87745 3.02553
f 1287/3924/407 1286/3925/407 1254/3926/426 1251/3927/425 

v 413.864 38.9281 -53.1044
vt -3.10342 3.88296
vt -3.0158 3.88296
vt -3.01144 3.91666
vt -3.14117 3.91666
f 1288/3928/406 1287/3929/406 1251/3930/425 1249/3931/762 

vt -3.09628 1.91525
vt -3.01663 1.91525
vt -3.0158 1.94895
vt -3.10342 1.94895
f 1197/3932/565 1198/3933/378 1287/3934/406 1288/3935/406 

vt 3.95744 1.70766
vt 4.07555 1.70766
vt 4.0827 1.74135
vn -3.60613e-15 0.707107 0.707106
v 410.543 38.9281 -53.1044
vt 3.95195 1.74135
f 1196/3936/738 1197/3937/738 1288/3938/782 1289/3939/782 

vt 3.95195 2.78578
vt 4.0827 2.78578
vt 4.12045 2.81947
v 409.806 39.0872 -53.9453
vt 3.92292 2.81947
vn 0.0618872 0.995585 0.0705688
f 1289/3940/782 1288/3941/782 1249/3942/762 1290/3943/783 

v 409.806 39.0872 -55.957
vt 3.92292 2.70501
vn 0.0618872 0.995585 -0.0705688
vt 3.92292 2.62581
f 1291/3944/784 1290/3945/783 1249/3733/762

v 409.547 39.0872 -57.9253
vt 3.91271 2.7825
f 1292/3946/150 1290/3945/783 1291/3944/784

v 409.547 39.0872 -51.9769
vt 3.91271 2.54831
f 1292/3946/150 1293/3947/147 1290/3945/783

v 408.823 39.0872 -55.957
vt 3.88423 2.70501
f 1292/3946/150 1294/3948/761 1293/3947/147

f 1292/3946/150 1144/3316/423 1294/3948/761

f 1143/3315/341 1144/3316/423 1292/3946/150

v 410.366 38.9281 -58.1448
vt 1.06901 -4.39237
vt 1.19583 -4.39237
vt 1.19147 -4.35867
vt 1.07337 -4.35867
f 1295/3949/391 1142/3950/391 1143/3951/341 1292/3952/150 

v 410.521 38.0872 -58.1864
vt 1.06818 0.349494
vt 1.19665 0.349494
vt 1.19583 0.383187
vt 1.06901 0.383187
f 1296/3953/350 1141/3954/342 1142/3955/391 1295/3956/391 

vt 1.06818 1.16984
vn 0.965926 -1.05225e-14 -0.258819
vt 1.19665 1.16984
vt 1.19665 1.24858
vt 1.06818 1.24858
f 987/3957/785 989/3958/704 1141/3959/342 1296/3960/350 

vt 2.20435 1.16984
vn 0.991445 -1.70003e-18 -0.130526
vt 2.25317 1.16984
vt 2.25317 1.24858
v 410.683 38.0872 -56.957
vt 2.20435 1.24858
f 985/3961/786 987/3962/785 1296/3963/350 1297/3964/474 

vt 2.20435 0.430785
vt 2.25317 0.430785
vt 2.25235 0.464479
v 410.543 38.9281 -56.7979
vt 2.19886 0.464479
f 1297/3965/474 1296/3966/350 1295/3967/392 1298/3968/392 

vt 2.19886 -3.96273
vt 2.25235 -3.96273
vt 2.24799 -3.92903
vt 2.16982 -3.92903
f 1298/3969/392 1295/3970/392 1292/3971/150 1291/3972/784 

v 413.864 38.9281 -56.7979
vt -4.0827 -2.45211
vn -9.30077e-16 0.707107 -0.707106
vt -3.95195 -2.45211
vt -3.92292 -2.41841
vt -4.12045 -2.41841
f 1299/3973/787 1298/3974/787 1291/3975/784 1248/3976/761 

vt -4.07555 0.716607
vn -6.95756e-19 0.0933626 -0.995632
vt -3.95744 0.716607
vt -3.95195 0.7503
vt -4.0827 0.7503
f 983/3977/788 1297/3978/788 1298/3979/787 1299/3980/787 

vt -4.07555 1.16984
vt -3.95744 1.16984
vt -3.95744 1.24858
vt -4.07555 1.24858
f 982/3981/70 985/3982/70 1297/3983/788 983/3984/788 

vt -2.26859 2.04461
vt -2.18893 2.04461
vt -2.18179 2.0783
vt -2.26941 2.0783
f 981/3985/374 983/3986/645 1299/3987/405 979/3988/405 

vt -2.26941 4.56664
vt -2.18179 4.56664
vt -2.14404 4.60034
vt -2.27377 4.60034
f 979/3989/405 1299/3990/405 1248/3991/761 980/3992/423 

v 414.764 39.0872 -67.4001
vt 4.11813 3.15553
vt 4.10351 2.83363
f 1300/3993/429 980/3994/423 1248/3732/761

v 413.947 39.0872 -67.2925
vt 4.08595 3.15129
vn 8.42176e-15 0.99236 -0.123373
f 1301/3995/789 980/3994/423 1300/3993/429

v 413.129 39.0872 -67.4001
vt 4.05376 3.15553
f 1302/3996/338 980/3994/423 1301/3995/789

vt 4.03858 2.99038
f 1302/3996/338 978/3997/422 980/3994/423

v 412.368 39.0872 -67.7157
vt 4.02377 3.16795
f 1303/3998/155 978/3997/422 1302/3996/338

vt 3.99802 3.18771
f 974/3999/339 978/3997/422 1303/3998/155

vt 3.97825 3.21347
f 973/4000/341 978/3997/422 974/3999/339

vt 3.96583 3.24346
f 975/4001/150 978/3997/422 973/4000/341

f 975/4001/150 977/2700/421 978/3997/422

f 977/2700/421 975/4001/150 976/2701/642

vt -1.25939 -4.67056
vt -1.23564 -4.67056
vt -1.23128 -4.63686
vt -1.26375 -4.63686
f 970/4002/3 972/4003/3 974/4004/339 1303/4005/155 

vt -1.25856 0.296858
vt -1.23647 0.296858
vt -1.23564 0.330551
vt -1.25939 0.330551
f 969/4006/1 971/4007/2 972/4008/3 970/4009/3 

vt -2.53326 -4.18302
vt -2.50952 -4.18302
vt -2.50516 -4.14933
vt -2.53762 -4.14933
f 968/4010/337 970/4011/337 1303/4012/155 1302/4013/338 

vt -3.63531 -3.38814
vt -3.61156 -3.38814
vt -3.6072 -3.35445
vt -3.63967 -3.35445
f 967/4014/413 968/4015/413 1302/4016/338 1301/4017/789 

vt -4.49042 -2.34009
vt -4.46668 -2.34009
vt -4.46232 -2.3064
vt -4.49478 -2.3064
f 966/4018/411 967/4019/411 1301/4020/789 1300/4021/429 

vt -5.04033 -1.11029
vt -5.01659 -1.11029
vt -5.01223 -1.0766
vt -5.04469 -1.0766
f 965/4022/410 966/4023/410 1300/4024/429 1247/4025/428 

f 1300/3993/429 1248/3732/761 1247/3731/428

vt -5.24756 0.217455
vt -5.22381 0.217455
vt -5.21946 0.251148
vt -5.25192 0.251148
f 964/4026/409 965/4027/409 1247/4028/428 1244/4029/427 

vt -5.09799 1.55266
vt -5.07424 1.55266
vt -5.06988 1.58635
vt -5.10234 1.58635
f 963/4030/408 964/4031/408 1244/4032/427 1242/4033/426 

vt -4.6018 2.80432
vt -4.57805 2.80432
vt -4.57369 2.83802
vt -4.60616 2.83802
f 962/4034/407 963/4035/407 1242/4036/426 1241/4037/425 

vt -3.79282 3.88716
vt -3.76907 3.88716
vt -3.76471 3.92085
vt -3.79718 3.92085
f 961/4038/406 962/4039/406 1241/4040/425 524/4041/436 

f 1241/3724/425 523/1418/435 524/1419/436

vt -2.72617 4.72737
vt -2.70242 4.72737
vt -2.69807 4.76106
vt -2.73053 4.76106
f 960/4042/405 961/4043/405 524/4044/436 525/4045/423 

vt -1.4745 5.26769
vt -1.4508 5.26769
vt -1.44644 5.30138
vt -1.4786 5.30138
f 959/4046/404 960/4047/404 525/4048/423 526/4049/437 

vt -0.12342 5.47139
vt -0.0995795 5.47139
vt -0.0949703 5.50502
vt -0.128028 5.50502
f 958/4050/637 959/4051/637 526/4052/437 527/4053/438 

f 1291/3944/784 1249/3733/762 1248/3732/761

vt -2.23858 4.33653
v 407.864 38.9281 -56.7979
vt -2.21262 4.33653
vt -2.17487 4.37022
vt -2.24294 4.37022
f 1145/4054/405 1304/4055/405 1294/4056/761 1144/4057/423 

vt -2.23775 2.00107
vt -2.21977 2.00107
vt -2.21262 2.03476
vt -2.23858 2.03476
f 1146/4058/374 1148/4059/645 1304/4060/405 1145/4061/405 

vt -3.83933 0.716607
vn -7.86684e-17 0.0933626 -0.995632
vt -3.71762 0.716607
vt -3.71344 0.7503
vn -9.51893e-17 0.707107 -0.707106
vt -3.84647 0.7503
f 1148/4062/790 1151/4063/790 1152/4064/791 1304/4065/791 

vt -3.83933 1.16984
vt -3.71762 1.16984
vt -3.71762 1.24858
vt -3.83933 1.24858
f 1147/4066/70 1150/4067/70 1151/4068/790 1148/4069/790 

vt -3.84647 -2.45211
vt -3.71344 -2.45211
vt -3.69132 -2.41841
vt -3.88423 -2.41841
f 1304/4070/791 1152/4071/791 1153/4072/709 1294/4073/761 

v 408.823 39.0872 -53.9453
vt 3.88423 2.62581
f 1153/3350/709 1305/4074/762 1294/3948/761

f 1153/3350/709 1154/3349/710 1305/4074/762

vt 3.71344 2.78578
vn 1.67666e-18 0.707107 0.707106
v 407.864 38.9281 -53.1044
vt 3.84647 2.78578
vt 3.88423 2.81947
vt 3.69132 2.81947
f 1176/4075/792 1306/4076/792 1305/4077/762 1154/4078/710 

vt 3.71762 1.70766
vt 3.83933 1.70766
vt 3.84647 1.74135
vt 3.71344 1.74135
f 1175/4079/718 1177/4080/718 1306/4081/792 1176/4082/792 

vt -3.06544 1.87171
vt -3.04746 1.87171
v 407.778 38.9281 -52.4508
vt -3.04663 1.90541
vt -3.07259 1.90541
f 1177/4083/565 1178/4084/378 1307/4085/406 1306/4086/406 

vt -3.84143 1.7031
vt -3.7438 1.7031
v 406.813 38.9281 -50.1209
vt -3.74297 1.7368
vt -3.84226 1.7368
f 1178/4087/378 1179/4088/380 1308/4089/407 1307/4090/407 

vt -4.27931 1.50673
vt -4.18167 1.50673
v 405.278 38.9281 -48.1201
vt -4.18085 1.54043
vt -4.28013 1.54043
f 1179/4091/380 1180/4092/382 1309/4093/408 1308/4094/408 

vt -4.42889 1.29599
vt -4.33125 1.29599
v 403.277 38.9281 -46.5849
vt -4.33042 1.32968
vt -4.42971 1.32968
f 1180/4095/382 1181/4096/384 1310/4097/409 1309/4098/409 

vt -4.27997 1.08522
vt -4.18233 1.08522
v 400.947 38.9281 -45.6198
vt -4.1815 1.11892
vt -4.28079 1.11892
f 1181/4099/384 1182/4100/386 1311/4101/410 1310/4102/410 

vt -3.8427 0.888807
vt -3.82472 0.888807
vt -3.81757 0.922501
vt -3.84353 0.922501
f 1182/4103/386 1183/4104/568 1184/4105/411 1311/4106/411 

vt -3.84353 -1.54199
vt -3.81757 -1.54199
vt -3.77982 -1.5083
v 401.167 39.0872 -44.8006
vt -3.84789 -1.5083
f 1311/4107/411 1184/4108/411 1185/4109/431 1312/4110/429 

v 401.421 39.0872 -43.8513
vt 3.59281 2.22841
vt 3.58279 2.26578
f 1185/3503/431 1313/4111/417 1312/4112/429

f 1313/4111/417 1185/3503/431 1186/3502/728

vt 3.80381 1.9158
v 401.641 38.9281 -43.0321
vt 3.85729 1.9158
vt 3.85294 1.94949
vt 3.77477 1.94949
f 1188/4113/399 1314/4114/399 1313/4115/417 1186/4116/728 

vt 3.8093 1.54305
vt 3.85812 1.54305
vt 3.85729 1.57674
vt 3.80381 1.57674
f 1190/4117/486 1191/4118/362 1314/4119/399 1188/4120/399 

vt 4.16691 1.34663
vt 4.29538 1.34663
v 404.617 38.9281 -44.2648
vt 4.29456 1.38033
vt 4.16774 1.38033
f 1191/4121/362 1192/4122/360 1315/4123/397 1314/4124/397 

vt 4.31583 1.13587
vt 4.4443 1.13587
v 407.172 38.9281 -46.2258
vt 4.44348 1.16956
vt 4.31666 1.16956
f 1192/4125/360 1193/4126/358 1316/4127/396 1315/4128/396 

vt 4.16626 0.925122
vt 4.29473 0.925122
v 409.133 38.9281 -48.7814
vt 4.2939 0.958815
vt 4.16708 0.958815
f 1193/4129/358 1194/4130/356 1317/4131/395 1316/4132/395 

vt 3.72838 0.728752
vt 3.85685 0.728752
v 410.366 38.9281 -51.7574
vt 3.85603 0.762446
vt 3.7292 0.762446
f 1194/4133/356 1195/4134/354 1318/4135/394 1317/4136/394 

vt 3.03204 0.560143
vt 3.08086 0.560143
vt 3.08635 0.593837
vt 3.03287 0.593837
f 1195/4137/354 1196/4138/480 1289/4139/393 1318/4140/393 

vt 3.03287 -3.27904
vt 3.08635 -3.27904
vt 3.11539 -3.24535
vt 3.03723 -3.24535
f 1318/4141/393 1289/4142/393 1290/4143/783 1293/4144/147 

vt 3.7292 -2.38791
vt 3.85603 -2.38791
vt 3.85167 -2.35422
v 408.399 39.0872 -49.2054
vt 3.73356 -2.35422
f 1317/4145/394 1318/4146/394 1293/4147/147 1319/4148/415 

v 408.598 39.0872 -52.2313
vt 3.87534 2.55833
vt 3.86752 2.4392
f 1320/4149/425 1319/4150/415 1293/3947/147

v 407.548 39.0872 -49.6968
vt 3.83401 2.45855
f 1321/4151/426 1319/4150/415 1320/4149/425

v 406.573 39.0872 -46.8255
vt 3.79562 2.3455
f 1321/4151/426 1322/4152/416 1319/4150/415

v 405.878 39.0872 -47.5204
vt 3.76826 2.37286
f 1323/4153/427 1322/4152/416 1321/4151/426

v 404.193 39.0872 -44.9993
vt 3.70192 2.27361
f 1323/4153/427 1324/4154/144 1322/4152/416

v 403.701 39.0872 -45.8504
vt 3.68258 2.30711
f 1325/4155/428 1324/4154/144 1323/4153/427

f 1325/4155/428 1313/4111/417 1324/4154/144

f 1312/4112/429 1313/4111/417 1325/4155/428

vt -4.28079 -0.503896
vt -4.1815 -0.503896
vt -4.17715 -0.470202
vt -4.28515 -0.470202
f 1310/4156/410 1311/4157/410 1312/4158/429 1325/4159/428 

vt -4.42971 0.610029
vt -4.33042 0.610029
vt -4.32606 0.643722
vt -4.43407 0.643722
f 1309/4160/409 1310/4161/409 1325/4162/428 1323/4163/427 

vt -4.28013 1.72387
vt -4.18085 1.72387
vt -4.17649 1.75756
vt -4.28449 1.75756
f 1308/4164/408 1309/4165/408 1323/4166/427 1321/4167/426 

vt -3.84226 2.76172
vt -3.74297 2.76172
vt -3.73861 2.79541
vt -3.84662 2.79541
f 1307/4168/407 1308/4169/407 1321/4170/426 1320/4171/425 

vt -3.07259 3.65285
vt -3.04663 3.65285
vt -3.04228 3.68654
vt -3.11034 3.68654
f 1306/4172/406 1307/4173/406 1320/4174/425 1305/4175/762 

f 1320/4149/425 1293/3947/147 1305/4074/762

f 1305/4074/762 1293/3947/147 1294/3948/761

vt 4.16774 0.877698
vt 4.29456 0.877698
vt 4.2902 0.911392
vt 4.1721 0.911392
f 1314/4176/397 1315/4177/397 1324/4178/144 1313/4179/417 

vt 4.31666 -0.236227
vt 4.44348 -0.236227
vt 4.43912 -0.202533
vt 4.32101 -0.202533
f 1315/4180/396 1316/4181/396 1322/4182/416 1324/4183/144 

vt 4.16708 -1.35007
vt 4.2939 -1.35007
vt 4.28954 -1.31637
vt 4.17144 -1.31637
f 1316/4184/395 1317/4185/395 1319/4186/415 1322/4187/416 

vt 3.76004 -2.1578
vt 3.81642 -2.1578
vt 3.83854 -2.1241
vt 3.7644 -2.1241
f 1174/4188/394 1176/4189/394 1154/4190/710 1155/4191/415 

vt 4.19791 -1.11995
vt 4.26307 -1.11995
vt 4.25871 -1.08626
vt 4.20227 -1.08626
f 1173/4192/395 1174/4193/395 1155/4194/415 1172/4195/416 

v 402.352 39.0872 -52.6968
vt 3.62944 2.57666
f 1326/4196/426 1172/3441/416 1155/3351/415

f 1171/3440/427 1172/3441/416 1326/4196/426

vt -4.2493 1.49375
vt -4.21168 1.49375
vt -4.20732 1.52745
vt -4.25366 1.52745
f 1165/4197/408 1164/4198/408 1171/4199/427 1326/4200/426 

vt -4.39888 0.379912
vt -4.36126 0.379912
vt -4.3569 0.413606
vt -4.40324 0.413606
f 1164/4201/409 1166/4202/409 1170/4203/428 1171/4204/427 

vt -3.81143 2.5316
vt -3.7738 2.5316
vt -3.76945 2.56529
v 402.802 39.0872 -53.7842
vt -3.81578 2.56529
f 1162/4205/407 1165/4206/407 1326/4207/426 1327/4208/425 

vt -3.8106 1.65956
vt -3.77463 1.65956
vt -3.7738 1.69326
vt -3.81143 1.69326
f 1161/4209/378 1163/4210/380 1165/4211/407 1162/4212/407 

vt 3.64717 2.61947
f 1326/4196/426 1155/3351/415 1327/4213/425

f 1327/4213/425 1155/3351/415 1156/3352/711

vt -3.11509 3.42273
vt -3.07747 3.42273
vt -3.07311 3.45642
vt -3.11945 3.45642
f 1160/4214/406 1162/4215/406 1327/4216/425 1156/4217/711 

vt 1.07146 3.92176
v 392.277 38.9281 -44.2648
vt 1.19828 3.92176
vt 1.19392 3.95546
vt 1.07582 3.95546
f 1081/4218/402 1328/4219/402 1095/4220/420 1079/4221/421 

vt 1.07064 1.92259
vt 1.19911 1.92259
vt 1.19828 1.95629
vt 1.07146 1.95629
f 1083/4222/370 1084/4223/368 1328/4224/402 1081/4225/402 

vt 2.1269 1.84119
vt 2.25537 1.84119
vt 2.25454 1.87488
vt 2.12772 1.87488
f 1084/4226/368 1085/4227/366 1091/4228/401 1328/4229/401 

vt 2.12772 3.49152
vt 2.25454 3.49152
vt 2.25018 3.52521
vt 2.13208 3.52521
f 1328/4230/401 1091/4231/401 1092/4232/419 1095/4233/420 

vt -1.19665 1.16984
vn -0.965926 1.56113e-14 0.258819
vt -1.06818 1.16984
vt -1.06818 1.24858
v 386.373 38.0872 -51.7159
vt -1.19665 1.24858
f 802/4234/793 798/4235/680 1082/4236/372 1329/4237/374 

vt -1.19665 1.92272
vt -1.06818 1.92272
vt -1.06901 1.95641
v 386.528 38.9281 -51.7574
vt -1.19583 1.95641
f 1329/4238/374 1082/4239/372 1080/4240/404 1330/4241/404 

vt -1.19583 3.92241
vt -1.06901 3.92241
vt -1.07337 3.9561
vt -1.19147 3.9561
f 1330/4242/404 1080/4243/404 1028/4244/422 1029/4245/423 

v 386.351 38.9281 -53.1044
vt -2.17901 3.49277
vt -2.12552 3.49277
vt -2.12988 3.52646
vt -2.20804 3.52646
f 1331/4246/405 1330/4247/405 1029/4248/423 1031/4249/662 

vt -2.17352 1.84142
vt -2.1247 1.84142
vt -2.12552 1.87512
vt -2.17901 1.87512
f 596/4250/645 1329/4251/374 1330/4252/405 1331/4253/405 

vt -2.17352 1.16984
vn -0.991445 2.16324e-14 0.130526
vt -2.1247 1.16984
vt -2.1247 1.24858
vt -2.17352 1.24858
f 595/4254/794 802/4255/793 1329/4256/374 596/4257/645 

vt 2.87587 1.70766
vt 2.99398 1.70766
vt 2.99948 1.74135
vn 4.65036e-16 0.707107 0.707106
v 383.03 38.9281 -53.1044
vt 2.86873 1.74135
f 594/4258/476 596/4259/476 1331/4260/795 1332/4261/795 

vt 2.86873 2.78578
vt 2.99948 2.78578
vt 3.02851 2.81947
vt 2.83098 2.81947
f 1332/4262/795 1331/4263/795 1031/4264/662 590/4265/471 

vt 2.10846 -2.88885
vt 2.19608 -2.88885
vt 2.23383 -2.85515
vt 2.1041 -2.85515
f 592/4266/392 1332/4267/392 590/4268/471 591/4269/150 

vt 2.10928 0.633972
vt 2.18893 0.633972
vt 2.19608 0.667665
vt 2.10846 0.667665
f 593/4270/350 594/4271/474 1332/4272/392 592/4273/392 

vt 3.08009 1.82784
vn 7.02894e-18 0.0941611 0.995557
vt 3.11606 1.82784
vt 3.11688 1.86153
v 398.447 38.9281 -58.6116
vt 3.07926 1.86153
f 892/4274/796 893/4275/366 1046/4276/400 1333/4277/400 

vt 3.07926 3.42097
vt 3.11688 3.42097
vt 3.12124 3.45466
vt 3.0749 3.45466
f 1333/4278/400 1046/4279/400 1043/4280/419 879/4281/595 

v 397.5 38.9281 -58.4869
vt 3.77507 2.52944
vt 3.81269 2.52944
vt 3.81705 2.56313
vt 3.77071 2.56313
f 1334/4282/399 1333/4283/399 879/4284/595 880/4285/417 

vt 3.7759 1.65916
vt 3.81187 1.65916
vn -7.02894e-18 0.0941611 0.995557
vt 3.81269 1.69285
vt 3.77507 1.69285
f 891/4286/362 892/4287/797 1333/4288/399 1334/4289/399 

vt 4.21316 1.46274
vt 4.24913 1.46274
vt 4.24996 1.49643
v 396.617 38.9281 -58.1212
vt 4.21234 1.49643
f 890/4290/360 891/4291/362 1334/4292/397 1335/4293/397 

vt 4.21234 1.49134
vt 4.24996 1.49134
vt 4.25432 1.52504
vt 4.20798 1.52504
f 1335/4294/397 1334/4295/397 880/4296/417 881/4297/144 

v 395.859 38.9281 -57.5395
vt 4.36126 0.377418
vt 4.39888 0.377418
vt 4.40324 0.411112
vt 4.3569 0.411112
f 1336/4298/396 1335/4299/396 881/4300/144 882/4301/416 

vt 4.36208 1.25198
vt 4.39805 1.25198
vt 4.39888 1.28567
vt 4.36126 1.28567
f 889/4302/358 890/4303/360 1335/4304/396 1336/4305/396 

vt 4.21251 1.04123
vt 4.24848 1.04123
vt 4.2493 1.07492
vt 4.21168 1.07492
f 887/4306/356 889/4307/358 1336/4308/395 885/4309/395 

vt 4.21168 -0.736421
vt 4.2493 -0.736421
vt 4.25366 -0.702728
vt 4.20732 -0.702728
f 885/4310/395 1336/4311/395 882/4312/416 883/4313/415 

vt 3.01613 3.12499
f 538/1433/144 539/1434/442 1035/4314/416

v 385.998 39.0872 -69.6336
vt 2.9856 3.24346
f 1337/4315/425 1035/4314/416 539/1434/442

v 385.682 39.0872 -68.8718
vt 2.97317 3.21347
f 1338/4316/426 1035/4314/416 1337/4315/425

v 385.18 39.0872 -68.2176
vt 2.95341 3.18771
f 1339/4317/427 1035/4314/416 1338/4316/426

v 384.526 39.0872 -67.7157
vt 2.92765 3.16795
f 1340/4318/428 1035/4314/416 1339/4317/427

vt 2.91284 2.99038
f 1340/4318/428 1034/4319/415 1035/4314/416

v 383.764 39.0872 -67.4001
vt 2.89766 3.15553
f 1341/4320/429 1034/4319/415 1340/4318/428

v 382.947 39.0872 -67.2925
vt 2.86548 3.15129
vn -4.16734e-15 0.99236 -0.123373
f 1342/4321/798 1034/4319/415 1341/4320/429

vt 2.84791 2.83363
f 1342/4321/798 1033/4322/147 1034/4319/415

v 382.129 39.0872 -67.4001
vt 2.83329 3.15553
f 1343/4323/338 1033/4322/147 1342/4321/798

f 1343/4323/338 1032/2855/590 1033/4322/147

f 1032/2855/590 1343/4323/338 589/1587/155

v 382.349 38.9281 -68.2194
vt -1.40569 -3.72411
v 381.792 38.9281 -68.4502
vt -1.38195 -3.72411
vt -1.37759 -3.69042
vt -1.41005 -3.69042
f 1344/4324/337 1345/4325/337 589/4326/155 1343/4327/338 

vt -1.40487 0.475933
vt -1.38277 0.475933
vt -1.38195 0.509627
vt -1.40569 0.509627
f 569/4328/336 570/4329/1 1345/4330/337 1344/4331/337 

vt -0.290298 0.434984
vt -0.268201 0.434984
v 381.313 38.9281 -68.8174
vt -0.267376 0.468678
vt -0.291122 0.468678
f 570/4332/1 571/4333/2 1346/4334/3 1345/4335/3 

vt 0.843304 0.44906
vt 0.865401 0.44906
v 380.946 38.9281 -69.2959
vt 0.866225 0.482754
vt 0.842479 0.482754
f 571/4336/2 572/4337/342 1347/4338/340 1346/4339/340 

vt 1.91868 0.517202
vt 1.94078 0.517202
vt 1.9416 0.550895
vt 1.91786 0.550895
f 572/4340/342 573/4341/350 585/4342/391 1347/4343/391 

vt 1.91786 -3.506
vt 1.9416 -3.506
vt 1.94596 -3.4723
vt 1.9135 -3.4723
f 1347/4344/391 585/4345/391 586/4346/150 587/4347/341 

vt 0.842479 -3.86614
vt 0.866225 -3.86614
vt 0.870584 -3.83245
vt 0.838121 -3.83245
f 1346/4348/340 1347/4349/340 587/4350/341 588/4351/339 

vt -0.291122 -3.94053
vt -0.267376 -3.94053
vt -0.263018 -3.90684
vt -0.295481 -3.90684
f 1345/4352/3 1346/4353/3 588/4354/339 589/4355/155 

vt -2.42445 0.569117
vt -2.40236 0.569117
vt -2.40153 0.602811
v 382.947 38.9281 -68.1406
vt -2.42528 0.602811
f 567/4356/457 569/4357/336 1344/4358/413 1348/4359/413 

vt -2.42528 -3.23162
vt -2.40153 -3.23162
vt -2.39717 -3.19792
vt -2.42964 -3.19792
f 1348/4360/413 1344/4361/413 1343/4362/338 1342/4363/798 

v 383.545 38.9281 -68.2194
vt -3.28039 -2.49662
vt -3.25665 -2.49662
vt -3.25229 -2.46292
vt -3.28475 -2.46292
f 1349/4364/411 1348/4365/411 1342/4366/798 1341/4367/429 

vt -3.27957 0.708185
vt -3.25747 0.708185
vt -3.25665 0.741878
vt -3.28039 0.741878
f 568/4368/386 567/4369/457 1348/4370/411 1349/4371/411 

v 384.022 38.0872 -68.5892
vt -3.91194 0.883659
vt -3.88984 0.883659
vt -3.88902 0.917353
v 384.102 38.9281 -68.4502
vt -3.91276 0.917353
f 1350/4372/384 568/4373/386 1349/4374/410 1351/4375/410 

vt -3.91194 1.16984
vn -0.5 4.32577e-15 -0.866025
vt -3.88984 1.16984
vt -3.88984 1.24858
vt -3.91194 1.24858
f 564/4376/799 565/4377/385 568/4378/386 1350/4379/384 

vt -4.27847 1.16984
vn -0.707107 7.10854e-15 -0.707107
vt -4.25637 1.16984
vt -4.25637 1.24858
v 384.467 38.0872 -68.9308
vt -4.27847 1.24858
f 563/4380/800 564/4381/799 1350/4382/384 1352/4383/382 

vt -4.27847 1.08358
vt -4.25637 1.08358
vt -4.25555 1.11728
v 384.581 38.9281 -68.8174
vt -4.2793 1.11728
f 1352/4384/382 1350/4385/384 1351/4386/409 1353/4387/409 

vt -4.2793 -0.512569
vt -4.25555 -0.512569
vt -4.25119 -0.478876
vt -4.28365 -0.478876
f 1353/4388/409 1351/4389/409 1340/4390/428 1339/4391/427 

vt -3.91276 -1.5692
vt -3.88902 -1.5692
vt -3.88466 -1.53551
vt -3.91712 -1.53551
f 1351/4392/410 1349/4393/410 1341/4394/429 1340/4395/428 

v 384.948 38.9281 -69.2959
vt -4.35501 0.60127
vt -4.33126 0.60127
vt -4.3269 0.634964
vt -4.35937 0.634964
f 1354/4396/408 1353/4397/408 1339/4398/427 1338/4399/426 

v 384.809 38.0872 -69.3761
vt -4.35418 1.29433
vt -4.33209 1.29433
vt -4.33126 1.32802
vt -4.35501 1.32802
f 1355/4400/380 1352/4401/382 1353/4402/408 1354/4403/408 

vt -4.35418 1.16984
vn -0.866025 8.35766e-15 -0.5
vt -4.33209 1.16984
vt -4.33209 1.24858
vt -4.35418 1.24858
f 562/4404/801 563/4405/800 1352/4406/382 1355/4407/380 

vt -4.13392 1.16984
vt -4.11182 1.16984
vt -4.11182 1.24858
vt -4.13392 1.24858
f 558/4408/455 562/4409/801 1355/4410/380 559/4411/378 

vt -4.13392 1.50154
vt -4.11182 1.50154
vt -4.111 1.53523
v 385.179 38.9281 -69.8531
vt -4.13475 1.53523
f 559/4412/378 1355/4413/380 1354/4414/407 1356/4415/407 

vt -4.13475 1.69641
vt -4.111 1.69641
vt -4.10664 1.7301
vt -4.1391 1.7301
f 1356/4416/407 1354/4417/407 1338/4418/426 1337/4419/425 

v 385.257 38.9281 -70.4511
vt -3.63351 2.69822
vt -3.60977 2.69822
vt -3.60541 2.73191
vt -3.63787 2.73191
f 1357/4420/406 1356/4421/406 1337/4422/425 539/4423/442 

vt -3.63269 1.69109
vn -0.995557 0.0941611 -5.3912e-15
vt -3.61059 1.69109
vt -3.60977 1.72478
vt -3.63351 1.72478
f 557/4424/802 559/4425/378 1356/4426/406 1357/4427/406 

vt -2.88465 1.85006
vt -2.86255 1.85006
vt -2.86173 1.88376
v 385.179 38.9281 -71.0491
vt -2.88547 1.88376
f 556/4428/374 557/4429/802 1357/4430/405 1358/4431/405 

vt -2.88547 3.53843
vt -2.86173 3.53843
vt -2.85737 3.57212
vt -2.88983 3.57212
f 1358/4432/405 1357/4433/405 539/4434/442 540/4435/423 

v 384.948 38.9281 -71.6064
vt -1.9416 4.15978
vt -1.91786 4.15978
vt -1.9135 4.19347
vt -1.94596 4.19347
f 1359/4436/404 1358/4437/404 540/4438/423 541/4439/422 

vt -1.94078 1.96763
vt -1.91868 1.96763
vt -1.91786 2.00132
vt -1.9416 2.00132
f 555/4440/372 556/4441/374 1358/4442/404 1359/4443/404 

vt -0.865401 2.03577
vt -0.843304 2.03577
vt -0.842479 2.06946
v 384.581 38.9281 -72.0849
vt -0.866225 2.06946
f 554/4444/370 555/4445/372 1359/4446/403 1360/4447/403 

vt -0.866225 4.51992
vt -0.842479 4.51992
vt -0.838121 4.55361
vt -0.870584 4.55361
f 1360/4448/403 1359/4449/403 541/4450/422 542/4451/421 

v 384.102 38.9281 -72.452
vt 0.267376 4.59431
vt 0.291122 4.59431
vt 0.295481 4.62801
vt 0.263018 4.62801
f 1361/4452/402 1360/4453/402 542/4454/421 543/4455/420 

vt 0.268201 2.04985
vt 0.290298 2.04985
vt 0.291122 2.08354
vt 0.267376 2.08354
f 553/4456/368 554/4457/370 1360/4458/402 1361/4459/402 

vt 1.38277 2.0089
vt 1.40487 2.0089
vt 1.40569 2.04259
v 383.545 38.9281 -72.6829
vt 1.38195 2.04259
f 552/4460/366 553/4461/368 1361/4462/401 1362/4463/401 

vt 1.38195 4.37789
vt 1.40569 4.37789
vt 1.41005 4.41158
vt 1.37759 4.41158
f 1362/4464/401 1361/4465/401 543/4466/420 544/4467/419 

v 382.947 38.9281 -72.7616
vt 2.40153 3.88539
vt 2.42528 3.88539
vt 2.42964 3.91909
vt 2.39717 3.91909
f 1363/4468/400 1362/4469/400 544/4470/419 545/4471/443 

vt 2.40236 1.91571
vt 2.42445 1.91571
vt 2.42528 1.94941
vt 2.40153 1.94941
f 551/4472/447 552/4473/366 1362/4474/400 1363/4475/400 

vt 3.25747 1.77665
vt 3.27957 1.77665
vn -7.23278e-15 0.0941611 0.995557
vt 3.28039 1.81034
vt 3.25665 1.81034
f 550/4476/362 551/4477/803 1363/4478/399 548/4479/399 

vt 3.25665 3.1504
vt 3.28039 3.1504
vt 3.28475 3.18409
vt 3.25229 3.18409
f 548/4480/399 1363/4481/399 545/4482/443 546/4483/417 

f 589/1587/155 590/1590/471 1032/2855/590

f 308/1050/6 289/693/6 306/1051/6

f 306/1051/6 289/693/6 290/694/6

v 312.164 36.0872 -18.0008
vt -0.0787402 1.21067
f 1364/4484/6 254/658/6 17/21/6

v 312.164 36.0872 -91.2356
vt -0.0787402 4.09393
f 254/658/6 1364/4484/6 1365/4485/6

v 312.164 16.9977 -34.2693
v 312.164 17.316 -35.9511
v 312.164 17.316 -73.9511
v 312.164 16.9978 -75.6329
v 312.164 15.316 -75.9511
vn 0.993566 -0.00375414 0.113191
v 312.164 11.8837 -75.9511
vt 3.49218 0.216947
vn 1 3.08239e-14 -3.13574e-15
v 312.164 11.8837 -91.2356
vt 4.09393 0.216947
vn 1 2.85244e-14 -4.33118e-18
vt 4.09393 1.16984
vt 1.21067 1.16984
v 312.164 11.8837 -18.0008
vt 1.21067 0.216947
v 312.164 11.8837 -33.9511
vt 1.83864 0.216947
vn 0.998116 0.0162539 -0.0591648
v 312.164 15.316 -33.9511
vn 0.989817 -0.0166554 -0.141365
f 1366/236/99 1367/237/89 1368/226/88 1369/227/90 1370/228/804 1371/4486/805 1372/4487/806 1365/4488/806 1364/4489/806 1373/4490/806 1374/4491/807 1375/235/808 

vt 1.91316 0.4515
vt 1.84699 0.438735
v 312.005 16.3134 -34.9536
vt 1.87414 0.411285
f 1367/4492/89 1366/4493/99 1376/4494/76

vt 1.80166 0.433702
vt 1.78936 0.367446
vt 1.8293 0.406743
f 1366/4495/99 1375/4496/808 1376/4497/76

vt 1.79195 0.364536
v 312.005 15.316 -34.792
vt 1.82564 0.364536
vn 0.705431 -0.113359 -0.699655
vt 1.83189 0.403825
f 1375/4498/808 1377/4499/809 1376/4500/76

vt 1.82564 0.352074
vn 0.881538 0.0234236 -0.471531
vt 1.79195 0.352074
vt 1.79195 0.216947
f 1377/4501/810 1375/4502/808 1374/4503/807

vt 1.83928 0.213689
v 312.164 12.0428 -34.792
vt 1.87239 0.219961
vn 0.988889 0.140579 -0.0483366
vt 1.87233 0.348976
f 1374/4504/807 1378/4505/811 1377/4506/810

v 311.179 12.0428 -34.792
vt -0.0399499 1.88061
vn -4.50468e-08 -0.707107 -0.707107
vt -0.0787326 1.88061
vt -0.0787328 1.84692
vn 3.74688e-07 -0.995632 -0.0933622
v 311.164 11.8837 -33.9511
vt -0.0393627 1.84692
vn -0.0929511 -0.991246 -0.093768
f 1379/4507/812 1378/4508/812 1374/4509/813 1380/4510/814 

v 311.258 12.8837 -34.9511
vt -0.0430635 0.600987
vn -8.20542e-07 -0.185909 -0.982567
v 311.547 12.8837 -34.9511
vt -0.0544371 0.600987
v 312.164 12.8837 -34.9511
vt -0.0787417 0.600987
vt -0.0787417 0.567293
vt -0.039959 0.567293
f 1381/4511/815 1382/4512/815 1383/4513/815 1378/4514/812 1379/4515/812 

v 311.164 15.316 -34.9511
vt -0.0393701 0.352074
vt -0.0544355 0.256317
vt -0.0430619 0.256317
vn -0.00693184 -0.0366361 -0.999305
v 311.179 12.8986 -34.9511
vt -0.0399575 0.256904
v 311.164 12.9775 -34.9511
vt -0.0393701 0.260009
f 1384/4516/70 1382/4517/70 1381/4518/816 1385/4519/816 1386/4520/70 

vt -0.0787402 0.256317
f 1382/4517/70 1384/4516/70 1383/4521/70

f 1384/4516/70 1382/4517/70 1381/4518/816 1385/4519/816 1386/4520/70 

f 1382/4517/70 1384/4516/70 1383/4521/70

f 1384/4516/70 1382/4517/70 1381/4518/816 1385/4519/816 1386/4520/70 

f 1382/4517/70 1384/4516/70 1383/4521/70

vt 0.854013 0.502438
vt 0.856632 0.53603
vn 0.412009 0.169396 0.895295
vt 0.820867 0.633191
vn 0.949011 0.28321 -0.138456
f 1378/4522/811 1383/4523/817 1384/4524/818

vt 0.310453 0.335319
vt 0.276759 0.335319
vt 0.270604 0.20645
f 1384/4525/818 1377/4526/810 1378/4527/811

vt 0.276759 0.638952
vt 0.310453 0.638952
vn -8.89561e-07 -0.172898 -0.98494
vt 0.277942 0.678718
f 1377/4528/809 1384/4529/819 1376/4530/76

vt 0.367622 0.680849
v 311.164 16.1569 -35.1102
vt 0.368977 0.714515
vn -9.90479e-08 -0.707108 -0.707106
vt 0.335321 0.720785
f 1384/4531/819 1387/4532/820 1376/4533/76

vt -0.445858 0.711422
vt -0.444503 0.677756
v 310.323 16.3134 -34.9536
vt -0.412202 0.717692
f 1387/4534/820 1384/4535/819 1388/4536/78

vt -0.387823 0.63665
v 310.323 15.316 -34.792
vt -0.35413 0.63665
vt -0.355313 0.676416
f 1384/4537/819 1389/4538/79 1388/4539/78

vt -0.387823 0.352074
vn -0.18591 5.80276e-17 -0.982567
vt -0.387823 0.260009
v 310.323 12.8986 -34.792
vt -0.35413 0.256904
vn -0.707107 -7.21665e-18 -0.707106
vt -0.35413 0.352074
f 1384/4540/821 1386/4541/821 1390/4542/822 1389/4543/822 

vt -0.381965 0.323419
vn -0.182669 -0.0345621 -0.982567
vt -0.382543 0.320313
v 310.459 12.179 -34.792
vt -0.353542 0.291963
vn -0.694781 -0.131457 -0.707106
vt -0.348272 0.320313
f 1386/4544/823 1385/4545/823 1391/4546/824 1390/4547/824 

vt -0.105952 0.595166
vt -0.109055 0.594569
vt -0.105732 0.560896
vn -0.131458 -0.69478 -0.707106
vt -0.0774165 0.566349
f 1385/4548/816 1381/4549/816 1379/4550/825 1391/4551/825 

v 311.164 11.8837 -34.9511
vt -0.0393701 0.216947
f 1385/4519/816 1381/4518/816 1392/4552/70

vt -1.32013 1.34067
vt -1.34034 1.3201
vt -1.31672 1.29606
v 310.323 12.0428 -33.9511
vt -1.29311 1.3201
vn -0.702597 -0.702596 -0.112768
f 1391/4553/825 1379/4554/825 1380/4555/814 1393/4556/826 

vt -1.83864 0.0353424
vt -1.83864 0.0016488
v 311.164 11.8837 -18.0008
vt -1.21067 0.0016488
vn -0.0933626 -0.995632 6.61474e-17
v 310.323 12.0428 -17.8417
vt -1.20441 0.0353424
vn -0.707107 -0.707106 2.64688e-15
f 1393/4557/826 1380/4558/814 1394/4559/827 1395/4560/828 

vt -0.0393701 1.83864
vt -0.0787402 1.83864
vn 5.99243e-14 -1 -1.32598e-16
vt -0.0393701 1.21067
f 1380/4561/814 1374/4562/813 1373/4484/829 1394/4563/827 

vn -0.0933626 -6.01538e-15 -0.995632
vt -0.0787402 0.216947
vn 3.59884e-17 1.99398e-16 -1
v 324.664 6.37327 -18.0008
vt -0.570866 8.86242e-15
v 311.164 6.37327 -18.0008
vt -0.0393701 3.97744e-15
f 1394/4552/830 1373/4564/831 1364/146/831 17/648/831 1396/4565/831 1397/4566/830 

vt 1.21067 -1.06186e-13
vn 1 2.01955e-13 4.72491e-13
vt 0.770806 1.16984
vt 0.770806 -1.08184e-13
f 1396/4567/832 17/4489/832 20/4568/832 28/4569/832 

vn 7.31228e-15 -1 -1.84391e-15
v 321.715 6.37327 -12.1006
vt -0.454787 0.978382
f 28/24/833 1398/4570/833 1396/21/833

v 321.645 6.37327 -11.3064
vt -0.452007 0.947114
f 28/24/833 1399/4571/833 1398/4570/833

v 321.371 6.37327 -10.5576
vt -0.441228 0.917632
f 28/24/833 1400/4572/833 1399/4571/833

v 320.913 6.37327 -9.90509
vt -0.423186 0.891943
f 28/24/833 1401/4573/833 1400/4572/833

v 320.301 6.37327 -9.39345
vt -0.39911 0.8718
f 28/24/833 1402/4574/833 1401/4573/833

v 319.578 6.37327 -9.05751
vt -0.370641 0.858574
f 28/24/833 1403/4575/833 1402/4574/833

v 318.793 6.37327 -8.92018
vt -0.339719 0.853167
f 28/24/833 1404/4576/833 1403/4575/833

v 317.999 6.37327 -8.99081
vt -0.308451 0.855948
f 28/24/833 1405/4577/833 1404/4576/833

vt -0.23622 0.737972
f 27/4578/833 1405/4577/833 28/24/833

v 317.25 6.37327 -9.26459
vt -0.278969 0.866727
f 27/4578/833 1406/4579/833 1405/4577/833

v 316.597 6.37327 -9.72285
vt -0.25328 0.884769
f 27/4578/833 1407/4580/833 1406/4579/833

v 316.086 6.37327 -10.3344
vt -0.233137 0.908845
f 27/4578/833 1408/4581/833 1407/4580/833

v 315.75 6.37327 -11.0575
vt -0.219911 0.937314
f 27/4578/833 1409/4582/833 1408/4581/833

v 315.612 6.37327 -11.8429
vt -0.214504 0.968236
f 27/4578/833 1410/4583/833 1409/4582/833

v 311.164 6.37327 -8.59921
vt -0.0393701 0.840531
vn -0.0933626 -0.995632 -9.25861e-16
f 1410/4583/833 27/4578/833 1411/4584/834

v 314.989 6.37327 -5.62352
vt -0.189952 0.723378
vn -0.0680141 -0.995788 0.0614858
vn -0.0410649 -0.997761 0.0527826
vn -0.00984905 -0.999942 -0.00437131
v 315.977 6.37327 -4.61777
vt -0.228859 0.683781
vn -0.066507 -0.997027 0.0389084
f 1412/4585/835 1411/4584/836 27/4578/837 1413/4586/838 

vt -0.294267 -0.681428
v 314.902 6.39236 -5.51167
vt -0.294268 -0.675798
vn -0.081946 -0.991055 0.105329
vt -0.485055 -0.681428
f 1412/4587/835 1414/4588/839 1411/4589/836

vt -0.520719 -0.531356
v 315.019 6.38526 -5.41295
vt -0.513011 -0.528049
vn -0.0948587 -0.993018 0.0701234
vt -0.518724 -0.526091
vn -0.122119 -0.989765 0.0738434
f 1412/4590/835 1415/4591/840 1414/4592/841

vt -0.382848 -0.639598
vt -0.327336 -0.639598
vt -0.376102 -0.634612
f 1412/4593/835 1413/4594/838 1415/4595/840

v 315.197 6.53238 -4.23663
vt -0.305637 -0.613956
vn -0.568132 -0.77089 0.288017
vt -0.342107 -0.643918
vn -0.157724 -0.976617 0.146091
vt -0.293147 -0.64636
f 1416/4596/842 1415/4597/843 1413/4598/838

vt -0.435579 -0.581199
vt -0.395156 -0.55683
vt -0.441503 -0.580023
vn -0.162259 -0.976061 0.144835
f 1415/4599/843 1416/4600/842 1414/4601/844

v 314.472 6.53238 -4.95983
vt -0.372264 -0.600111
vn -0.502685 -0.702319 0.50404
vt -0.375639 -0.62798
vt -0.331944 -0.600111
f 1417/4602/845 1414/4603/844 1416/4604/842

vt -0.30079 -0.665776
vn -0.122065 -0.980529 0.153831
vt -0.300525 -0.637704
vn -0.329788 -0.844142 0.422688
vt -0.491621 -0.669602
vn -0.118113 -0.981562 0.150284
f 1414/4605/846 1417/4606/847 1411/4607/848

v 310.987 6.53238 -7.67166
vt -0.468137 -0.641898
vn -0.434199 -0.707106 0.558097
vt -0.485055 -0.675592
vt -0.294267 -0.641898
f 1418/4608/849 1411/4609/848 1417/4610/847

vt -0.770222 -0.322794
vn -0.272095 -0.953027 0.133054
vt -0.738651 -0.302184
vn -0.571653 -0.664782 0.480914
v 310.391 6.64657 -8.22145
vt -0.767274 -0.287392
vn -0.774497 -0.506676 0.378727
f 1411/4611/850 1418/4612/851 1419/4613/852

vt -0.53685 -0.0985929
v 310.953 7.37327 -7.49616
vt -0.532984 -0.0649692
vn -0.695865 -0.160656 0.699972
vt -0.568744 -0.0940267
f 1418/4614/851 1420/4615/853 1419/4616/852

vt -0.468137 -0.115517
vt -0.294267 -0.115517
v 314.375 7.37327 -4.83426
vt -0.294267 -0.0818233
vn -0.647341 -0.0623331 0.759648
vt -0.464936 -0.0818233
vn -0.64734 -0.0623331 0.759648
f 1418/4617/849 1417/4618/847 1421/4619/854 1420/4620/855 

vt -0.371494 -0.0733779
vn -0.696761 -0.190282 0.691605
vt -0.372262 -0.107063
vt -0.331941 -0.107063
f 1421/4621/856 1417/4622/845 1416/4623/842

v 315.038 7.37327 -4.1588
vt -0.340345 -0.0796706
vn -0.879047 -0.206163 0.429852
vt -0.377627 -0.0796706
vt -0.338139 -0.113432
f 1422/4624/857 1421/4625/856 1416/4626/842

v 314.375 38.0872 -4.83426
vt -0.377627 1.24858
vn -0.647341 0.0623331 0.759648
vt -0.377627 0.0393701
vt -0.340345 0.0393701
vn -0.898346 -1.62634e-14 0.439289
v 315.038 38.0872 -4.1588
vt -0.340345 1.24858
f 1423/4627/858 1421/4628/854 1422/4629/859 1424/4630/859 

v 310.953 38.0872 -7.49616
vt -0.464936 1.24858
vn -0.64734 0.0623331 0.759648
vt -0.464936 0.0393701
vt -0.294267 0.0393701
vt -0.294267 1.24858
f 1425/4631/860 1420/4632/855 1421/4633/854 1423/4634/858 

v 310.289 38.0872 -8.17161
vt -0.58407 1.24858
vn -0.898346 -2.07222e-14 0.43929
v 310.289 7.37327 -8.17161
vt -0.58407 0.0393701
vt -0.546788 0.0393701
vt -0.546788 1.24858
f 1426/4635/861 1427/4636/861 1420/4637/855 1425/4638/860 

v 310.164 38.0872 -9.11021
vt -0.853048 1.24858
vn -0.997065 0.0623331 0.0444628
v 310.164 7.37327 -9.11021
vt -0.853048 0.0393701
vn -0.997065 -0.0623331 0.0444628
vt -0.815766 0.0393701
vt -0.815766 1.24858
f 1428/4639/862 1429/4640/863 1427/4641/861 1426/4642/861 

v 310.164 7.37327 -17.0008
vt -1.1713 0.0393701
vn -0.996092 -0.062453 -0.062453
vt -0.860649 0.0393701
vt -0.860649 1.24858
v 310.164 38.0872 -99.6071
vt -4.42352 1.24858
vn -0.997057 0.062334 -0.0446253
v 310.164 7.37327 -99.6071
vt -4.42352 0.0393701
vn -0.997057 -0.0623343 -0.0446252
v 310.164 7.37327 -92.2356
vt -4.1333 0.0393701
vn -0.996092 -0.0624533 0.0624532
v 310.164 12.8837 -92.2356
vt -4.1333 0.256317
vn -0.996092 -0.062453 0.0624532
v 310.164 12.8837 -75.9511
vt -3.49218 0.256317
vn -0.991246 -0.0929504 0.0937677
v 310.164 15.316 -75.9511
v 310.164 16.9977 -75.6329
v 310.164 17.316 -73.9511
v 310.164 17.316 -35.9511
v 310.164 16.9978 -34.2693
v 310.164 15.316 -33.9511
vn -0.989818 -0.016655 -0.141364
v 310.164 12.8837 -33.9511
vt -1.83864 0.256317
vn -0.991246 -0.0929504 -0.0937677
v 310.164 12.8837 -17.0008
vt -1.1713 0.256317
f 1430/4643/864 1429/4644/863 1428/4645/862 1431/4646/865 1432/4647/866 1433/4648/867 1434/4649/868 1435/4650/869 1436/152/60 1437/153/61 1438/154/62 1439/155/63 1440/156/64 1441/157/870 1442/4651/871 1443/4652/864 

v 310.323 6.53238 -17.8417
vt -1.20441 0.00499026
vn -0.707107 -0.707106 -5.60934e-19
v 310.323 6.53238 -9.02891
vt -0.857448 0.00499026
vt -0.860649 0.0386837
vt -1.1713 0.0386837
f 1444/4653/872 1445/4654/872 1429/4655/863 1430/4656/864 

vt -1.21067 -0.0386837
vt -0.840531 -0.0386837
vt -0.857448 -0.00499016
vt -1.20441 -0.00499016
f 1397/4657/834 1411/4658/834 1445/4659/872 1444/4660/872 

v 316.415 6.37327 -14.0385
vt -0.246105 1.05467
f 1397/4563/834 1446/4661/833 1411/4584/834

v 317.026 6.37327 -14.5501
vt -0.270181 1.07482
f 1446/4661/833 1397/4563/834 1447/4662/833

v 317.75 6.37327 -14.886
vt -0.29865 1.08804
f 1447/4662/833 1397/4563/834 1448/4663/833

f 1448/4663/833 1397/4563/834 1396/21/833

v 318.535 6.37327 -15.0234
vt -0.329572 1.09345
f 1448/4663/833 1396/21/833 1449/4664/833

v 319.329 6.37327 -14.9527
vt -0.36084 1.09067
f 1449/4664/833 1396/21/833 1450/4665/833

v 320.078 6.37327 -14.679
vt -0.390323 1.07989
f 1450/4665/833 1396/21/833 1451/4666/833

v 320.731 6.37327 -14.2207
vt -0.416011 1.06185
f 1451/4666/833 1396/21/833 1452/4667/833

v 321.242 6.37327 -13.6092
vt -0.436155 1.03777
f 1452/4667/833 1396/21/833 1453/4668/833

v 321.578 6.37327 -12.8861
vt -0.44938 1.0093
f 1453/4668/833 1396/21/833 1454/4669/833

f 1454/4669/833 1396/21/833 1398/4570/833

vt -0.91682 -0.435936
vn -0.696539 -0.707107 0.121791
vt -0.885428 -0.435936
v 321.212 6.87327 -12.0794
vt -0.88802 -0.408097
v 321.097 6.87327 -12.7351
vt -0.914228 -0.408097
f 1454/4670/873 1398/4671/873 1455/4672/873 1456/4673/873 

vt -1.01482 -0.259037
vn -0.704327 -0.707107 -0.0626361
vt -0.98343 -0.259037
v 321.153 6.87327 -11.4163
vt -0.986022 -0.231198
vt -1.01223 -0.231198
f 1398/4674/874 1399/4675/874 1457/4676/874 1455/4677/874 

vt -1.04474 -0.0702302
vn -0.664116 -0.707107 -0.242795
vt -1.01334 -0.0702302
v 320.924 6.87327 -10.7911
vt -1.01594 -0.0423913
vt -1.04214 -0.0423913
f 1399/4678/875 1400/4679/875 1458/4680/875 1457/4681/875 

vt -1.00452 0.117618
vn -0.578647 -0.707107 -0.406408
vt -0.97313 0.117618
v 320.541 6.87327 -10.2463
vt -0.975721 0.145456
vt -1.00193 0.145456
f 1400/4682/876 1401/4683/876 1459/4684/876 1458/4685/876 

vt -0.89692 0.291705
vn -0.453744 -0.707107 -0.542325
vt -0.865529 0.291705
v 320.031 6.87327 -9.81917
vt -0.868121 0.319544
vt -0.894329 0.319544
f 1401/4686/877 1402/4687/877 1460/4688/877 1459/4689/877 

vt -0.729265 0.440168
vn -0.297919 -0.707107 -0.641283
vt -0.697874 0.440168
v 319.427 6.87327 -9.5387
vt -0.700466 0.468007
vt -0.726674 0.468007
f 1402/4690/878 1403/4691/878 1461/4692/878 1460/4693/878 

vt -0.512982 0.55289
vn -0.121791 -0.707107 -0.696539
vt -0.481591 0.55289
v 318.771 6.87327 -9.42405
vt -0.484182 0.580729
vt -0.51039 0.580729
f 1403/4694/879 1404/4695/879 1462/4696/879 1461/4697/879 

vt -0.262809 0.622188
vn 0.0626361 -0.707107 -0.704327
vt -0.231418 0.622188
v 318.108 6.87327 -9.48301
vt -0.23401 0.650027
vt -0.260218 0.650027
f 1404/4698/880 1405/4699/880 1463/4700/880 1462/4701/880 

vt 0.00420378 0.64334
vn 0.242795 -0.707107 -0.664116
vt 0.035595 0.64334
v 317.483 6.87327 -9.71159
vt 0.0330034 0.671178
vt 0.00679537 0.671178
f 1405/4702/881 1406/4703/881 1464/4704/881 1463/4705/881 

vt 0.269861 0.614904
vn 0.406408 -0.707107 -0.578647
vt 0.301252 0.614904
v 316.938 6.87327 -10.0942
vt 0.29866 0.642743
vt 0.272452 0.642743
f 1406/4706/882 1407/4707/882 1465/4708/882 1464/4709/882 

vt 0.516057 0.538819
vn 0.542325 -0.707107 -0.453744
vt 0.547449 0.538819
v 316.511 6.87327 -10.6047
vt 0.544857 0.566658
vt 0.518649 0.566658
f 1407/4710/883 1408/4711/883 1466/4712/883 1465/4713/883 

vt 0.726016 0.420269
vn 0.641283 -0.707107 -0.297919
vt 0.757407 0.420269
v 316.231 6.87327 -11.2085
vt 0.754816 0.448108
vt 0.728608 0.448108
f 1408/4714/884 1409/4715/884 1467/4716/884 1466/4717/884 

vt 0.885428 0.267333
vn 0.696539 -0.707107 -0.121791
vt 0.91682 0.267333
v 316.116 6.87327 -11.8642
vt 0.914228 0.295172
vt 0.88802 0.295172
f 1409/4718/885 1410/4719/885 1468/4720/885 1467/4721/885 

vt 0.98343 0.0904346
vn 0.704327 -0.707107 0.0626361
v 315.683 6.37327 -12.6371
vt 1.01482 0.0904346
v 316.175 6.87327 -12.5273
vt 1.01223 0.118273
vt 0.986022 0.118273
f 1410/4722/886 1469/4723/886 1470/4724/886 1468/4725/886 

vt -0.217285 0.999503
f 1411/4584/834 1469/4726/833 1410/4583/833

v 315.957 6.37327 -13.386
vt -0.228063 1.02899
f 1411/4584/834 1471/4727/833 1469/4726/833

f 1411/4584/834 1446/4661/833 1471/4727/833

vt 0.97313 -0.28622
vn 0.578647 -0.707107 0.406408
vt 1.00452 -0.28622
v 316.786 6.87327 -13.6972
vt 1.00193 -0.258381
v 316.404 6.87327 -13.1525
vt 0.975721 -0.258381
f 1471/4728/887 1446/4729/887 1472/4730/887 1473/4731/887 

vt 0.865529 -0.460307
vn 0.453744 -0.707107 0.542325
vt 0.89692 -0.460307
v 317.297 6.87327 -14.1244
vt 0.894329 -0.432469
vt 0.868121 -0.432469
f 1446/4732/888 1447/4733/888 1474/4734/888 1472/4735/888 

vt 0.697874 -0.608771
vn 0.297919 -0.707107 0.641283
vt 0.729265 -0.608771
v 317.901 6.87327 -14.4048
vt 0.726674 -0.580932
vt 0.700466 -0.580932
f 1447/4736/889 1448/4737/889 1475/4738/889 1474/4739/889 

vt 0.481591 -0.721492
vn 0.121791 -0.707107 0.696539
vt 0.512982 -0.721492
v 318.556 6.87327 -14.5195
vt 0.51039 -0.693653
vt 0.484182 -0.693653
f 1448/4740/890 1449/4741/890 1476/4742/890 1475/4743/890 

vt 0.231418 -0.79079
vn -0.0626361 -0.707107 0.704327
vt 0.262809 -0.79079
v 319.219 6.87327 -14.4605
vt 0.260218 -0.762951
vt 0.23401 -0.762951
f 1449/4744/891 1450/4745/891 1477/4746/891 1476/4747/891 

vt -0.035595 -0.811942
vn -0.242795 -0.707107 0.664116
vt -0.00420378 -0.811942
v 319.845 6.87327 -14.232
vt -0.00679537 -0.784103
vt -0.0330034 -0.784103
f 1450/4748/892 1451/4749/892 1478/4750/892 1477/4751/892 

vt -0.301252 -0.783506
vn -0.406408 -0.707107 0.578647
vt -0.269861 -0.783506
v 320.389 6.87327 -13.8494
vt -0.272452 -0.755667
vt -0.29866 -0.755667
f 1451/4752/893 1452/4753/893 1479/4754/893 1478/4755/893 

vt -0.547449 -0.707421
vn -0.542325 -0.707107 0.453744
vt -0.516057 -0.707421
v 320.816 6.87327 -13.3388
vt -0.518649 -0.679582
vt -0.544857 -0.679582
f 1452/4756/894 1453/4757/894 1480/4758/894 1479/4759/894 

vt -0.757407 -0.588871
vn -0.641283 -0.707107 0.297919
vt -0.726016 -0.588871
vt -0.728608 -0.561032
vt -0.754816 -0.561032
f 1453/4760/895 1454/4761/895 1456/4762/895 1480/4763/895 

vt -0.728608 0.019685
vn -0.954146 -1.35448e-14 0.299341
v 321.097 11.5733 -12.7351
vt -0.728608 0.204724
v 320.816 11.5733 -13.3388
vt -0.754816 0.204724
vn -0.844159 -1.16399e-14 0.536093
vt -0.754816 0.019685
f 1456/4764/896 1481/4765/896 1482/4766/897 1480/4767/897 

vt -0.88802 0.019685
vn -0.99911 -1.47051e-14 0.0421901
v 321.212 11.5733 -12.0794
vt -0.88802 0.204724
vt -0.914228 0.204724
vt -0.914228 0.019685
f 1455/4768/898 1483/4769/898 1481/4770/896 1456/4771/896 

vt -0.986022 0.019685
vn -0.975985 -1.27352e-14 -0.217836
v 321.153 11.5733 -11.4163
vt -0.986022 0.204724
vt -1.01223 0.204724
vt -1.01223 0.019685
f 1457/4772/899 1484/4773/899 1483/4774/898 1455/4775/898 

vt -1.01594 0.019685
vn -0.886349 -1.18819e-14 -0.463017
v 320.924 11.5733 -10.7911
vt -1.01594 0.204724
vt -1.04214 0.204724
vt -1.04214 0.019685
f 1458/4776/900 1485/4777/900 1484/4778/899 1457/4779/899 

vt -0.975721 0.019685
vn -0.73631 -9.75963e-15 -0.676644
v 320.541 11.5733 -10.2463
vt -0.975721 0.204724
vt -1.00193 0.204724
vt -1.00193 0.019685
f 1459/4780/901 1486/4781/901 1485/4782/900 1458/4783/900 

vt -0.868121 0.019685
vn -0.536093 -4.85736e-15 -0.844159
v 320.031 11.5733 -9.81917
vt -0.868121 0.204724
vt -0.894329 0.204724
vt -0.894329 0.019685
f 1460/4784/902 1487/4785/902 1486/4786/901 1459/4787/901 

vt -0.700466 0.019685
vn -0.299341 5.33454e-16 -0.954146
v 319.427 11.5733 -9.5387
vt -0.700466 0.204724
vt -0.726674 0.204724
vt -0.726674 0.019685
f 1461/4788/903 1488/4789/903 1487/4790/902 1460/4791/902 

vt -0.484182 0.019685
vn -0.0421901 5.53805e-15 -0.99911
v 318.771 11.5733 -9.42405
vt -0.484182 0.204724
vt -0.51039 0.204724
vt -0.51039 0.019685
f 1462/4792/904 1489/4793/904 1488/4794/903 1461/4795/903 

vt -0.23401 0.019685
vn 0.217836 8.45354e-15 -0.975985
v 318.108 11.5733 -9.48301
vt -0.23401 0.204724
vt -0.260218 0.204724
vt -0.260218 0.019685
f 1463/4796/905 1490/4797/905 1489/4798/904 1462/4799/904 

vt 0.0330034 0.019685
vn 0.463017 1.00312e-14 -0.886349
v 317.483 11.5733 -9.71159
vt 0.0330034 0.204724
vt 0.00679537 0.204724
vt 0.00679537 0.019685
f 1464/4800/906 1491/4801/906 1490/4802/905 1463/4803/905 

vt 0.29866 0.019685
vn 0.676644 1.48527e-14 -0.73631
v 316.938 11.5733 -10.0942
vt 0.29866 0.204724
vt 0.272452 0.204724
vt 0.272452 0.019685
f 1465/4804/907 1492/4805/907 1491/4806/906 1464/4807/906 

vt 0.544857 0.019685
vn 0.844159 1.95875e-14 -0.536093
v 316.511 11.5733 -10.6047
vt 0.544857 0.204724
vt 0.518649 0.204724
vt 0.518649 0.019685
f 1466/4808/908 1493/4809/908 1492/4810/907 1465/4811/907 

vt 0.754816 0.019685
vn 0.954146 1.54623e-14 -0.299341
v 316.231 11.5733 -11.2085
vt 0.754816 0.204724
vt 0.728608 0.204724
vt 0.728608 0.019685
f 1467/4812/909 1494/4813/909 1493/4814/908 1466/4815/908 

vt 0.914228 0.019685
vn 0.99911 5.06032e-15 -0.0421901
v 316.116 11.5733 -11.8642
vt 0.914228 0.204724
vt 0.88802 0.204724
vt 0.88802 0.019685
f 1468/4816/910 1495/4817/910 1494/4818/909 1467/4819/909 

vt 1.01223 0.019685
vn 0.975985 -1.42504e-15 0.217836
v 316.175 11.5733 -12.5273
vt 1.01223 0.204724
vt 0.986022 0.204724
vt 0.986022 0.019685
f 1470/4820/911 1496/4821/911 1495/4822/910 1468/4823/910 

vt 1.04214 0.019685
vn 0.886349 -3.22815e-15 0.463017
v 316.404 11.5733 -13.1525
vt 1.04214 0.204724
vt 1.01594 0.204724
vt 1.01594 0.019685
f 1473/4824/912 1497/4825/912 1496/4826/911 1470/4827/911 

vt 1.00193 0.019685
vn 0.73631 -4.63567e-15 0.676644
v 316.786 11.5733 -13.6972
vt 1.00193 0.204724
vt 0.975721 0.204724
vt 0.975721 0.019685
f 1472/4828/913 1498/4829/913 1497/4830/912 1473/4831/912 

vt 0.894329 0.019685
vn 0.536093 -3.25534e-15 0.844159
v 317.297 11.5733 -14.1244
vt 0.894329 0.204724
vt 0.868121 0.204724
vt 0.868121 0.019685
f 1474/4832/914 1499/4833/914 1498/4834/913 1472/4835/913 

vt 0.726674 0.019685
vn 0.299341 -2.01717e-15 0.954146
v 317.901 11.5733 -14.4048
vt 0.726674 0.204724
vt 0.700466 0.204724
vt 0.700466 0.019685
f 1475/4836/915 1500/4837/915 1499/4838/914 1474/4839/914 

vt 0.51039 0.019685
vn 0.0421901 -5.18463e-15 0.99911
v 318.556 11.5733 -14.5195
vt 0.51039 0.204724
vt 0.484182 0.204724
vt 0.484182 0.019685
f 1476/4840/916 1501/4841/916 1500/4842/915 1475/4843/915 

vt 0.260218 0.019685
vn -0.217836 -9.49173e-15 0.975985
v 319.219 11.5733 -14.4605
vt 0.260218 0.204724
vt 0.23401 0.204724
vt 0.23401 0.019685
f 1477/4844/917 1502/4845/917 1501/4846/916 1476/4847/916 

vt -0.00679537 0.019685
vn -0.463017 -1.13772e-14 0.886349
v 319.845 11.5733 -14.232
vt -0.00679537 0.204724
vt -0.0330034 0.204724
vt -0.0330034 0.019685
f 1478/4848/918 1503/4849/918 1502/4850/917 1477/4851/917 

vt -0.272452 0.019685
vn -0.676644 -1.16053e-14 0.73631
v 320.389 11.5733 -13.8494
vt -0.272452 0.204724
vt -0.29866 0.204724
vt -0.29866 0.019685
f 1479/4852/919 1504/4853/919 1503/4854/918 1478/4855/918 

vt -0.518649 0.019685
vt -0.518649 0.204724
vt -0.544857 0.204724
vt -0.544857 0.019685
f 1480/4856/897 1482/4857/897 1504/4858/919 1479/4859/919 

vt -0.234341 0.969073
vn 7.90365e-15 -1 -6.29952e-15
vt -0.236663 0.995178
vt -0.245662 1.01979
vt -0.260725 1.04124
vt -0.280825 1.05806
vt -0.304594 1.0691
vt -0.33041 1.07361
vt -0.356515 1.07129
vt -0.38113 1.06229
vt -0.402576 1.04723
vt -0.419394 1.02713
vt -0.430436 1.00336
vt -0.43495 0.977545
vt -0.432628 0.95144
vt -0.42363 0.926825
vt -0.408567 0.905378
vt -0.388466 0.888561
vt -0.364698 0.877519
vt -0.338881 0.873005
vt -0.312776 0.875326
vt -0.288162 0.884325
vt -0.266715 0.899388
vt -0.249897 0.919489
vt -0.238855 0.943257
f 1495/4860/920 1496/4861/920 1497/4862/920 1498/4863/920 1499/4864/920 1500/4865/920 1501/4866/920 1502/4867/920 1503/4868/920 1504/4869/920 1482/4870/920 1481/4871/920 1483/4872/920 1484/4873/920 1485/4874/920 1486/4875/920 1487/4876/920 1488/4877/920 1489/4878/920 1490/4879/920 1491/4880/920 1492/4881/920 1493/4882/920 1494/4883/920 

vt 1.01334 -0.0983722
vn 0.664116 -0.707107 0.242795
vt 1.04474 -0.0983722
vt 1.04214 -0.0705333
vt 1.01594 -0.0705333
f 1469/4884/921 1471/4885/921 1473/4886/921 1470/4887/921 

vt -0.731329 -0.424595
vn -0.730593 -0.664782 0.155881
vt -0.699758 -0.445205
vt -0.702706 -0.409803
f 1445/4888/922 1411/4889/850 1419/4890/852

vt -0.855495 0.0223271
vn -0.979761 -0.160655 0.119406
vt -0.851629 -0.0112966
vt -0.819735 -0.00673038
f 1429/4891/923 1445/4892/922 1419/4893/852

vt -0.815766 0.0222275
vn -0.887598 -0.154224 0.434034
vt -0.853048 0.0222275
vt -0.817179 -0.00669464
f 1427/4894/924 1429/4895/923 1419/4896/852

vt -0.546788 -0.0461354
vt -0.58407 -0.0461354
vt -0.582658 -0.0750576
f 1420/4897/853 1427/4898/924 1419/4899/852

vt -0.26376 0.216947
vt -0.26376 1.86158e-14
vt -0.230066 0.00626396
vn -0.707107 -4.14493e-14 -0.707106
vt -0.230066 0.223211
f 1394/4900/830 1397/4901/830 1444/4902/925 1395/4903/925 

vt -1.18458 0.223211
vt -1.18458 0.00626396
vt -1.15088 0.0393701
vt -1.15088 0.256317
f 1395/4904/925 1444/4905/925 1430/4906/864 1443/4907/864 

vt -1.83864 0.251849
vt -1.83864 0.218155
vt -1.20441 0.218155
vt -1.1713 0.251849
f 1442/4908/871 1393/4909/826 1395/4910/828 1443/4911/864 

vt -1.83916 0.316109
vt -1.84017 0.287292
vt -1.80665 0.281839
vt -1.80547 0.315512
f 1390/4912/824 1391/4913/824 1393/4914/826 1442/4915/871 

vt -1.84028 0.352074
vt -1.84028 0.256904
vt -1.80658 0.256317
vt -1.80658 0.352074
f 1389/4916/822 1390/4917/822 1442/4918/871 1441/4919/870 

vt -1.84028 0.362205
vt -1.80658 0.362205
vt -1.84653 0.401494
f 1389/4920/79 1441/4921/870 1388/4922/78

vt -1.80447 0.364642
vt -1.81677 0.430898
vt -1.84441 0.403939
f 1441/4923/870 1440/4924/64 1388/4925/78

vt -1.8499 0.423646
vt -1.91607 0.436411
vt -1.87705 0.396196
f 1440/4926/64 1439/4927/63 1388/4928/78

vt -1.91648 0.434228
v 310.323 16.4751 -35.9511
vt -1.91667 0.400535
vt -1.87742 0.394059
f 1439/4929/63 1505/4930/84 1388/4931/78

v 310.323 16.4751 -73.9511
vt -3.41344 0.389611
vt -1.91738 0.389611
vt -1.91738 0.423304
vt -3.41344 0.423304
f 1506/4932/85 1505/4933/85 1439/4934/63 1438/4935/62 

v 311.164 16.316 -73.9511
vt -3.41344 0.0340895
v 311.164 16.316 -35.9511
vt -1.91738 0.0340895
vt -1.91738 0.0677831
vt -3.41344 0.0677831
f 1507/4936/86 1508/4937/86 1505/4938/85 1506/4939/85 

v 312.005 16.4751 -73.9511
vt 3.41344 0.14515
vn 0.707106 -0.707107 -5.25913e-18
v 312.005 16.4751 -35.9511
vt 1.91738 0.14515
vt 1.91738 0.111456
vt 3.41344 0.111456
f 1509/4940/926 1510/4941/926 1508/4942/86 1507/4943/86 

vt 3.41344 0.437942
vt 1.91738 0.437942
vt 1.91738 0.404249
vt 3.41344 0.404249
f 1368/4944/88 1367/4945/89 1510/4946/926 1509/4947/926 

vt 1.91426 0.41516
vn 0.705431 -0.699655 -0.113358
vt 1.91406 0.448853
vt 1.875 0.408685
f 1510/4948/927 1367/4949/89 1376/4950/76

vt 1.43078 1.33376
vn -3.64269e-08 -0.98494 -0.172897
vt 1.40924 1.35968
vt 1.37941 1.33336
f 1508/4951/928 1510/4952/927 1376/4953/76

vt 1.40703 1.3116
vt 1.4322 1.33399
vt 1.38084 1.33364
f 1387/4954/820 1508/4955/928 1376/4956/76

vt -1.48335 1.27652
vt -1.45818 1.25412
vt -1.43198 1.27617
f 1508/4957/928 1387/4958/820 1388/4959/78

vt -1.46045 1.30165
vt -1.48199 1.27574
vt -1.43062 1.27533
f 1505/4960/84 1508/4961/928 1388/4962/78

vt 3.41425 0.418499
vt 3.41406 0.384806
v 312.005 16.3134 -74.9486
vt 3.45331 0.378331
vn 0.775823 -0.446149 0.44615
f 1368/4963/88 1509/4964/101 1511/4965/929

vt 2.63988 -2.00482
vt 2.61835 -2.03073
vt 2.66971 -2.03114
f 1509/4966/101 1507/4967/102 1511/4968/929

vt 2.6208 -1.99062
v 311.164 16.1569 -74.792
vt 2.64597 -2.01302
vn -9.90479e-08 -0.707106 0.707108
vt 2.67216 -1.99097
f 1507/4969/102 1512/4970/930 1511/4971/929

vt -2.59483 -2.07048
vt -2.56966 -2.04808
v 310.323 16.3134 -74.9486
vt -2.62102 -2.04844
f 1512/4972/930 1507/4973/102 1513/4974/104

vt -2.56714 -2.08875
vt -2.58868 -2.06284
vt -2.61851 -2.08916
f 1507/4975/102 1506/4976/105 1513/4977/104

vt -3.41165 0.370183
vt -3.41184 0.403876
vt -3.4509 0.363708
f 1506/4978/105 1438/4979/62 1513/4980/104

vt -3.41111 0.398623
vt -3.47727 0.385858
vt -3.45012 0.358408
f 1438/4981/62 1437/4982/61 1513/4983/104

vt -3.415 0.393787
vt -3.42729 0.327531
vt -3.38735 0.366829
f 1437/4984/61 1436/4985/60 1513/4986/104

vt -3.4313 0.332369
v 310.323 15.316 -75.1102
vt -3.39761 0.332369
vt -3.39136 0.371658
f 1436/4987/60 1514/4988/106 1513/4989/104

v 310.323 12.8986 -75.1102
vt -3.39761 0.256904
vn -0.707107 4.38948e-15 0.707106
vt -3.39761 0.352074
vt -3.4313 0.352074
vt -3.4313 0.256317
f 1515/4990/931 1514/4991/931 1436/4992/60 1435/4993/869 

v 311.164 12.9775 -74.9511
vt -0.603227 0.260009
vn -0.18591 7.32837e-15 0.982567
v 311.164 15.316 -74.9511
vt -0.603227 0.352074
vt -0.636921 0.352074
vt -0.636921 0.256904
f 1516/4994/932 1517/4995/932 1514/4996/931 1515/4997/931 

v 311.258 12.8837 -74.9511
vt 0.0430619 0.256317
vn -0.0115657 -0.0611268 0.998063
v 311.779 13.819 -74.9511
vt 0.063601 0.293139
vn 7.98286e-15 2.36767e-15 1
vt 0.0393701 0.352074
vt 0.0393701 0.260009
vn -1.36914e-14 -9.22731e-14 1
f 1518/4998/933 1519/4999/934 1517/5000/934 1516/5001/935 

v 312.164 12.8837 -74.9511
vt 0.0787402 0.256317
f 1519/4999/115 1518/4998/115 1520/5002/115

vt 0.0787402 -0.390062
vn 1.04835e-14 -0.18591 0.982567
vt 0.0430619 -0.390062
v 311.179 12.0428 -75.1102
vt 0.0399575 -0.423756
vn 4.12052e-14 -0.707107 0.707106
v 312.164 12.0428 -75.1102
vt 0.0787402 -0.423756
f 1520/5003/936 1518/5004/936 1521/5005/937 1522/5006/937 

vt -0.0783444 -0.378603
v 311.179 12.8986 -74.9511
vt -0.0814469 -0.378005
vn -0.017357 -0.091735 0.995632
v 310.459 12.179 -75.1102
vt -0.109982 -0.406823
vn -0.131458 -0.69478 0.707106
vt -0.0816671 -0.412275
f 1518/5007/933 1523/5008/938 1524/5009/939 1521/5010/939 

vt 0.0399575 0.256904
f 1516/5001/935 1523/5011/938 1518/4998/933

vt -0.591813 0.139173
vn -0.182669 -0.0345621 0.982567
vt -0.592391 0.142279
vt -0.626084 0.139173
vn -0.694781 -0.131457 0.707106
vt -0.620814 0.110823
f 1523/5012/940 1516/5013/940 1515/5014/941 1524/5015/941 

vt -3.39447 0.103163
vt -3.39549 0.131981
vt -3.42918 0.131383
v 310.323 12.0428 -75.9511
vt -3.428 0.0977105
vn -0.702597 -0.702596 0.112768
f 1524/5016/941 1515/5017/941 1435/5018/869 1525/5019/942 

vt -3.49218 0.218155
vt -3.49218 0.251849
vt -4.1333 0.251849
v 310.323 12.0428 -91.3947
vt -4.1002 0.218155
vn -0.707107 -0.707106 -2.75961e-15
f 1525/5020/942 1435/5021/869 1434/5022/868 1526/5023/943 

vt -4.06125 0.256317
vt -4.06125 0.03937
v 310.323 6.53238 -91.3947
vt -4.02755 0.00626378
vn -0.707107 -4.31231e-14 0.707107
vt -4.02755 0.223211
f 1434/5024/868 1433/5025/867 1527/5026/944 1526/5027/944 

v 310.323 6.53238 -99.688
vt -4.4267 0.00499017
vn -0.707107 -0.707107 1.01019e-08
vt -4.1002 0.00499009
vt -4.1333 0.0386837
vt -4.42352 0.0386837
f 1528/5028/945 1527/5029/945 1433/5030/867 1432/5031/866 

v 311.164 6.37327 -100.116
vt -4.44354 -0.0386818
vn -0.100363 -0.993727 -0.0493312
v 311.164 6.37327 -91.2356
vt -4.09393 -0.0386819
vn -0.0933622 -0.995632 -4.21013e-08
vt -4.1002 -0.00498843
vt -4.4267 -0.0049882
f 1529/5032/946 1530/5033/947 1527/5034/945 1528/5035/945 

vt -0.0393701 4.09393
vt -0.0393701 4.44354
f 243/637/257 1530/5036/947 1529/5037/946

f 1530/5036/947 243/637/257 244/636/258

v 315.743 6.37327 -95.8441
vt -0.219634 4.27537
f 1530/5036/947 244/636/258 1531/5038/258

vt 4.18095 0.650645
vn 0.697468 -0.707107 -0.116354
vt 4.21234 0.650645
v 316.115 6.87327 -96.6479
vt 4.20975 0.678484
v 316.225 6.87327 -95.9913
vt 4.18354 0.678484
f 1531/5039/948 244/5040/948 1532/5041/948 1533/5042/948 

vt 4.30696 -0.142437
vn 0.703817 -0.707107 0.0681283
vt 4.33835 -0.142437
v 316.18 6.87327 -97.3105
vt 4.33576 -0.114598
vt 4.30955 -0.114598
f 244/5043/949 245/5044/949 1534/5045/949 1532/5046/949 

vt 4.13839 -0.931557
vn 0.662202 -0.707107 0.247968
vt 4.16978 -0.931557
v 316.413 6.87327 -97.9339
vt 4.16719 -0.903718
vt 4.14098 -0.903718
f 245/5047/950 246/5048/950 1535/5049/950 1534/5050/950 

vt 3.68673 -1.66294
vn 0.575459 -0.707107 0.410909
vt 3.71812 -1.66294
v 316.8 6.87327 -98.4756
vt 3.71553 -1.6351
vt 3.68932 -1.6351
f 246/5051/951 247/5052/951 1536/5053/951 1535/5054/951 

vt 2.98275 -2.28674
vn 0.4495 -0.707107 0.545848
vt 3.01414 -2.28674
v 317.314 6.87327 -98.8988
vt 3.01155 -2.2589
vt 2.98534 -2.2589
f 247/5055/952 248/5056/952 1537/5057/952 1536/5058/952 

vt 2.07443 -2.76044
vn 0.292908 -0.707107 0.643588
vt 2.10582 -2.76044
v 317.92 6.87327 -99.1746
vt 2.10323 -2.73261
vt 2.07702 -2.73261
f 248/5059/953 249/5060/953 1538/5061/953 1537/5062/953 

vt 1.02368 -3.05178
vn 0.116354 -0.707107 0.697468
v 318.569 6.37327 -99.7898
vt 1.05547 -3.05178
v 318.576 6.87327 -99.2841
vt 1.05248 -3.02394
vt 1.02627 -3.02394
f 249/5063/954 1539/5064/954 1540/5065/954 1538/5066/954 

vt -0.330907 4.43071
f 249/643/258 250/644/258 1539/5067/258

v 319.343 6.37327 -99.7149
vt -0.361377 4.42776
f 1539/5067/258 250/644/258 1541/5068/258

v 320.099 6.37327 -99.4317
vt -0.391153 4.41661
f 1541/5068/258 250/644/258 1542/5069/258

v 320.748 6.37327 -98.9683
vt -0.416699 4.39837
f 1542/5069/258 250/644/258 1543/5070/258

v 321.255 6.37327 -98.3528
vt -0.436654 4.37414
f 1543/5070/258 250/644/258 1544/5071/258

v 321.585 6.37327 -97.6271
vt -0.449658 4.34557
f 1544/5071/258 250/644/258 1545/5072/258

v 321.716 6.37327 -96.8407
vt -0.454823 4.3146
f 1545/5072/258 250/644/258 1546/5073/258

v 324.664 6.37327 -91.2356
f 1547/658/258 1546/5073/258 250/644/258

v 321.64 6.37327 -96.047
vt -0.451799 4.28336
f 1547/658/258 1548/5074/258 1546/5073/258

v 321.36 6.37327 -95.3003
vt -0.44079 4.25396
f 1547/658/258 1549/5075/258 1548/5074/258

v 320.897 6.37327 -94.6514
vt -0.422549 4.22841
f 1547/658/258 1550/5076/258 1549/5075/258

v 320.281 6.37327 -94.1446
vt -0.398316 4.20846
f 1547/658/258 1551/5077/258 1550/5076/258

v 319.555 6.37327 -93.8143
vt -0.369745 4.19546
f 1547/658/258 1552/5078/258 1551/5077/258

v 318.769 6.37327 -93.6831
vt -0.338782 4.19029
f 1547/658/258 1553/5079/258 1552/5078/258

v 317.937 6.37327 -93.7636
vt -0.306038 4.19346
f 1547/658/258 1554/5080/258 1553/5079/258

v 317.26 6.37327 -94.0173
vt -0.279364 4.20345
f 1547/658/258 1555/5081/258 1554/5080/258

f 1530/5036/947 1555/5081/258 1547/658/258

v 316.58 6.37327 -94.5029
vt -0.252592 4.22256
f 1530/5036/947 1556/5082/258 1555/5081/258

v 316.073 6.37327 -95.1184
vt -0.232637 4.2468
f 1530/5036/947 1557/5083/258 1556/5082/258

f 1530/5036/947 1531/5038/258 1557/5083/258

vt 3.76894 1.39364
vn 0.643588 -0.707107 -0.292908
vt 3.80033 1.39364
vt 3.79774 1.42148
v 316.501 6.87327 -95.3854
vt 3.77153 1.42148
f 1557/5084/955 1531/5085/955 1533/5086/955 1558/5087/955 

vt 3.79774 0.019685
vn 0.956452 2.52424e-14 -0.291889
v 316.225 11.5733 -95.9913
vt 3.79774 0.204724
v 316.501 11.5733 -95.3854
vt 3.77153 0.204724
vn 0.848315 1.76486e-14 -0.529491
vt 3.77153 0.019685
f 1533/5088/956 1559/5089/956 1560/5090/957 1558/5091/957 

vt 4.20975 0.019685
vn 0.999408 2.35172e-14 -0.0343952
v 316.115 11.5733 -96.6479
vt 4.20975 0.204724
vt 4.18354 0.204724
vt 4.18354 0.019685
f 1532/5092/958 1561/5093/958 1559/5094/956 1533/5095/956 

vt 4.33576 0.019685
vn 0.974256 1.99044e-14 0.225443
v 316.18 11.5733 -97.3105
vt 4.33576 0.204724
vt 4.30955 0.204724
vt 4.30955 0.019685
f 1534/5096/959 1562/5097/959 1561/5098/958 1532/5099/958 

vt 4.16719 0.019685
vn 0.882711 2.31413e-14 0.469917
v 316.413 11.5733 -97.9339
vt 4.16719 0.204724
vt 4.14098 0.204724
vt 4.14098 0.019685
f 1535/5100/960 1563/5101/960 1562/5102/959 1534/5103/959 

vt 3.71553 0.019685
vn 0.731009 2.52612e-14 0.682367
v 316.8 11.5733 -98.4756
vt 3.71553 0.204724
vt 3.68932 0.204724
vt 3.68932 0.019685
f 1536/5104/961 1564/5105/961 1563/5106/960 1535/5107/960 

vt 3.01155 0.019685
vn 0.529491 1.93537e-14 0.848315
v 317.314 11.5733 -98.8988
vt 3.01155 0.204724
vt 2.98534 0.204724
vt 2.98534 0.019685
f 1537/5108/962 1565/5109/962 1564/5110/961 1536/5111/961 

vt 2.10323 0.019685
vn 0.291889 1.08996e-14 0.956452
v 317.92 11.5733 -99.1746
vt 2.10323 0.204724
vt 2.07702 0.204724
vt 2.07702 0.019685
f 1538/5112/963 1566/5113/963 1565/5114/962 1537/5115/962 

vt 1.05248 0.019685
vn 0.0343952 5.29201e-15 0.999408
v 318.576 11.5733 -99.2841
vt 1.05248 0.204724
vt 1.02627 0.204724
vt 1.02627 0.019685
f 1540/5116/964 1567/5117/964 1566/5118/963 1538/5119/963 

v 319.239 6.87327 -99.22
vt -0.0691122 0.019685
vn -0.225443 1.42966e-15 0.974256
v 319.239 11.5733 -99.22
vt -0.0691122 0.204724
vt -0.0953202 0.204724
vt -0.0953202 0.019685
f 1568/5120/965 1569/5121/965 1567/5122/964 1540/5123/964 

v 319.862 6.87327 -98.9865
vt -1.1851 0.019685
vn -0.469917 -1.54593e-15 0.882711
v 319.862 11.5733 -98.9865
vt -1.1851 0.204724
vt -1.2113 0.204724
vt -1.2113 0.019685
f 1570/5124/966 1571/5125/966 1569/5126/965 1568/5127/965 

v 320.404 6.87327 -98.5997
vt -2.21943 0.019685
vn -0.682367 -5.66272e-15 0.731009
v 320.404 11.5733 -98.5997
vt -2.21943 0.204724
vt -2.24563 0.204724
vt -2.24563 0.019685
f 1572/5128/967 1573/5129/967 1571/5130/966 1570/5131/966 

v 320.827 6.87327 -98.0858
vt -3.10161 0.019685
vn -0.848315 -9.00196e-15 0.529491
v 320.827 11.5733 -98.0858
vt -3.10161 0.204724
vt -3.12782 0.204724
vt -3.12782 0.019685
f 1574/5132/968 1575/5133/968 1573/5134/967 1572/5135/967 

v 321.103 6.87327 -97.4799
vt -3.77153 0.019685
vn -0.956452 -1.11707e-14 0.291889
v 321.103 11.5733 -97.4799
vt -3.77153 0.204724
vt -3.79774 0.204724
vt -3.79774 0.019685
f 1576/5136/969 1577/5137/969 1575/5138/968 1574/5139/968 

v 321.212 6.87327 -96.8233
vt -4.18354 0.019685
vn -0.999408 -1.64369e-14 0.0343952
v 321.212 11.5733 -96.8233
vt -4.18354 0.204724
vt -4.20975 0.204724
vt -4.20975 0.019685
f 1578/5140/970 1579/5141/970 1577/5142/969 1576/5143/969 

v 321.148 6.87327 -96.1607
vt -4.30955 0.019685
vn -0.974256 -2.02122e-14 -0.225443
v 321.148 11.5733 -96.1607
vt -4.30955 0.204724
vt -4.33576 0.204724
vt -4.33576 0.019685
f 1580/5144/971 1581/5145/971 1579/5146/970 1578/5147/970 

v 320.915 6.87327 -95.5373
vt -4.14098 0.019685
vn -0.882711 -1.90624e-14 -0.469917
v 320.915 11.5733 -95.5373
vt -4.14098 0.204724
vt -4.16719 0.204724
vt -4.16719 0.019685
f 1582/5148/972 1583/5149/972 1581/5150/971 1580/5151/971 

v 320.528 6.87327 -94.9956
vt -3.68932 0.019685
vn -0.731009 -1.46013e-14 -0.682367
v 320.528 11.5733 -94.9956
vt -3.68932 0.204724
vt -3.71553 0.204724
vt -3.71553 0.019685
f 1584/5152/973 1585/5153/973 1583/5154/972 1582/5155/972 

v 320.014 6.87327 -94.5724
vt -2.98534 0.019685
vn -0.529491 -1.00876e-14 -0.848315
v 320.014 11.5733 -94.5724
vt -2.98534 0.204724
vt -3.01155 0.204724
vt -3.01155 0.019685
f 1586/5156/974 1587/5157/974 1585/5158/973 1584/5159/973 

v 319.408 6.87327 -94.2966
vt -2.07702 0.019685
vn -0.291889 -8.98414e-15 -0.956452
v 319.408 11.5733 -94.2966
vt -2.07702 0.204724
vt -2.10323 0.204724
vt -2.10323 0.019685
f 1588/5160/975 1589/5161/975 1587/5162/974 1586/5163/974 

v 318.752 6.87327 -94.1871
vt -1.02627 0.019685
vn -0.0343952 -8.19563e-15 -0.999408
v 318.752 11.5733 -94.1871
vt -1.02627 0.204724
vt -1.05248 0.204724
vt -1.05248 0.019685
f 1590/5164/976 1591/5165/976 1589/5166/975 1588/5167/975 

v 318.089 6.87327 -94.2512
vt 0.0953202 0.019685
vn 0.225443 -2.85924e-15 -0.974256
v 318.089 11.5733 -94.2512
vt 0.0953202 0.204724
vt 0.0691122 0.204724
vt 0.0691122 0.019685
f 1592/5168/977 1593/5169/977 1591/5170/976 1590/5171/976 

v 317.466 6.87327 -94.4847
vt 1.2113 0.019685
vn 0.469917 3.23029e-15 -0.882711
v 317.466 11.5733 -94.4847
vt 1.2113 0.204724
vt 1.1851 0.204724
vt 1.1851 0.019685
f 1594/5172/978 1595/5173/978 1593/5174/977 1592/5175/977 

v 316.924 6.87327 -94.8715
vt 2.24563 0.019685
vn 0.682367 8.60577e-15 -0.731009
v 316.924 11.5733 -94.8715
vt 2.24563 0.204724
vt 2.21943 0.204724
vt 2.21943 0.019685
f 1596/5176/979 1597/5177/979 1595/5178/978 1594/5179/978 

vt 3.12782 0.019685
vt 3.12782 0.204724
vt 3.10161 0.204724
vt 3.10161 0.019685
f 1558/5180/957 1560/5181/957 1597/5182/979 1596/5183/979 

vt -0.43498 4.31392
vn 1.27517e-14 -1 4.60718e-15
vt -0.432455 4.28783
vt -0.423264 4.26329
vt -0.408034 4.24196
vt -0.387803 4.2253
vt -0.363949 4.21445
vt -0.338099 4.21013
vt -0.312013 4.21266
vt -0.287469 4.22185
vt -0.26614 4.23708
vt -0.24948 4.25731
vt -0.238624 4.28116
vt -0.234311 4.30701
vt -0.236836 4.3331
vt -0.246027 4.35764
vt -0.261257 4.37897
vt -0.281488 4.39563
vt -0.305342 4.40649
vt -0.331193 4.4108
vt -0.357279 4.40828
vt -0.381822 4.39909
vt -0.403151 4.38386
vt -0.419811 4.36362
vt -0.430667 4.33977
f 1579/5184/980 1581/5185/980 1583/5186/980 1585/5187/980 1587/5188/980 1589/5189/980 1591/5190/980 1593/5191/980 1595/5192/980 1597/5193/980 1560/5194/980 1559/5195/980 1561/5196/980 1562/5197/980 1563/5198/980 1564/5199/980 1565/5200/980 1566/5201/980 1567/5202/980 1569/5203/980 1571/5204/980 1573/5205/980 1575/5206/980 1577/5207/980 

vt 3.09902 2.03592
vn 0.545848 -0.707107 -0.4495
vt 3.13041 2.03592
vt 3.12782 2.06376
vt 3.10161 2.06376
f 1556/5208/981 1557/5209/981 1558/5210/981 1596/5211/981 

vt 2.21533 2.53371
vn 0.410909 -0.707107 -0.575459
vt 2.24823 2.53371
vt 2.24563 2.56155
vt 2.21943 2.56155
f 1555/5212/982 1556/5213/982 1596/5214/982 1594/5215/982 

vt 1.18396 2.88062
vn 0.245526 -0.714002 -0.655682
vt 1.21244 2.88062
vt 1.2113 2.90874
vt 1.1851 2.90874
f 1554/5216/983 1555/5217/983 1594/5218/983 1592/5219/983 

vt 0.0665206 2.97228
vn 0.0681283 -0.707107 -0.703817
vt 0.0994172 2.97228
vt 0.0953202 3.00012
vt 0.0691122 3.00012
f 1553/5220/984 1554/5221/984 1592/5222/984 1590/5223/984 

vt -1.05507 2.88317
vn -0.116354 -0.707107 -0.697468
vt -1.02368 2.88317
vt -1.02627 2.91101
vt -1.05248 2.91101
f 1552/5224/985 1553/5225/985 1590/5226/985 1588/5227/985 

vt -2.10582 2.59184
vn -0.292908 -0.707107 -0.643588
vt -2.07443 2.59184
vt -2.07702 2.61968
vt -2.10323 2.61968
f 1551/5228/986 1552/5229/986 1588/5230/986 1586/5231/986 

vt -3.01414 2.11814
vn -0.4495 -0.707107 -0.545848
vt -2.98275 2.11814
vt -2.98534 2.14597
vt -3.01155 2.14597
f 1550/5232/987 1551/5233/987 1586/5234/987 1584/5235/987 

vt -3.71812 1.49434
vn -0.575459 -0.707107 -0.410909
vt -3.68673 1.49434
vt -3.68932 1.52217
vt -3.71553 1.52217
f 1549/5236/988 1550/5237/988 1584/5238/988 1582/5239/988 

vt -4.16978 0.762955
vn -0.662202 -0.707107 -0.247968
vt -4.13839 0.762955
vt -4.14098 0.790793
vt -4.16719 0.790793
f 1548/5240/989 1549/5241/989 1582/5242/989 1580/5243/989 

vt -4.33835 -0.0261655
vn -0.703817 -0.707107 -0.0681283
vt -4.30696 -0.0261655
vt -4.30955 0.00167332
vt -4.33576 0.00167332
f 1546/5244/990 1548/5245/990 1580/5246/990 1578/5247/990 

vt -4.21234 -0.819247
vn -0.697468 -0.707107 0.116354
vt -4.18095 -0.819247
vt -4.18354 -0.791409
vt -4.20975 -0.791409
f 1545/5248/991 1546/5249/991 1578/5250/991 1576/5251/991 

vt -3.80033 -1.56224
vn -0.643588 -0.707107 0.292908
vt -3.76894 -1.56224
vt -3.77153 -1.53441
vt -3.79774 -1.53441
f 1544/5252/992 1545/5253/992 1576/5254/992 1574/5255/992 

vt -3.13041 -2.20452
vn -0.545848 -0.707107 0.4495
vt -3.09902 -2.20452
vt -3.10161 -2.17668
vt -3.12782 -2.17668
f 1543/5256/993 1544/5257/993 1574/5258/993 1572/5259/993 

vt -2.24823 -2.70231
vn -0.410909 -0.707107 0.575459
vt -2.21683 -2.70231
vt -2.21943 -2.67447
vt -2.24563 -2.67447
f 1542/5260/994 1543/5261/994 1572/5262/994 1570/5263/994 

vt -1.2143 -3.02168
vn -0.247968 -0.707107 0.662202
vt -1.1825 -3.02168
vt -1.1851 -2.99384
vt -1.2113 -2.99384
f 1541/5264/995 1542/5265/995 1570/5266/995 1568/5267/995 

vt -0.0975225 -3.14924
vn -0.0679481 -0.708973 0.701955
vt -0.0669099 -3.14924
vt -0.0691122 -3.12133
vt -0.0953202 -3.12133
f 1539/5268/996 1541/5269/996 1568/5270/996 1540/5271/996 

vt 0.0787402 0.216947
v 311.164 11.8837 -91.2356
vt 0.0393701 0.216947
vn -0.0933622 6.80036e-08 0.995632
vt 0.0393701 3.9968e-15
vt 0.570866 7.32747e-15
vt 0.570866 1.16984
f 1365/30/115 1372/5272/115 1598/5273/997 1530/5274/997 1547/5275/115 254/5276/115 

vt -0.0787402 3.49218
vn 5.90234e-14 -0.995632 0.0933618
v 311.164 11.8837 -75.9511
vt -0.0393701 3.49218
vn -0.0929513 -0.991246 0.0937677
vn -0.0933626 -0.995632 -6.9243e-17
vn 5.99243e-14 -1 1.38374e-16
f 1371/5277/998 1599/5278/999 1598/5036/1000 1372/4485/1001 

vt 0.0787402 -3.35728
vt 0.0399575 -3.35728
vt 0.0393701 -3.39097
vt 0.0787402 -3.39097
f 1522/5279/937 1521/5280/937 1599/5281/999 1371/5282/998 

vt -2.39584 -2.35092
vt -2.41605 -2.33035
vt -2.44308 -2.35092
vt -2.41947 -2.37495
f 1521/5283/939 1524/5284/939 1525/5285/942 1599/5286/999 

vt -3.49218 0.0016488
vt -3.49218 0.0353424
vt -4.1002 0.0353424
vt -4.09393 0.0016488
f 1599/5287/999 1525/5288/942 1526/5289/943 1598/5290/1000 

vt -0.756108 0.223211
vt -0.756108 0.00626443
vt -0.722414 5.45699e-07
vt -0.722414 0.216948
f 1526/5291/944 1527/5292/944 1530/5293/997 1598/5294/997 

vt 3.45907 0.223211
vn 0.999258 0.0321018 -0.0212992
f 1522/5295/1002 1371/4486/805 1370/228/804

vt 3.44594 0.378955
v 312.005 15.316 -75.1102
vt 3.41225 0.378955
vn 0.91633 0.0733947 0.393639
vt 3.41341 0.249945
f 1370/5296/804 1600/5297/1003 1522/5298/1002

vt 3.41225 0.334697
vn 0.705431 -0.113358 0.699655
vt 3.44594 0.334697
vt 3.40599 0.373986
f 1600/5299/1004 1370/5300/804 1511/5301/929

vt 3.4424 0.330335
vt 3.4301 0.396591
vt 3.40246 0.369632
f 1370/5302/804 1369/5303/90 1511/5304/929

vt 3.48019 0.400947
vt 3.41402 0.413712
vt 3.45303 0.373497
f 1369/5305/90 1368/5306/88 1511/5307/929

vt 0.680589 -0.184522
vn -3.64269e-08 -0.172897 0.98494
vt 0.714282 -0.184522
vt 0.713099 -0.144756
f 1517/5308/1005 1600/5309/1004 1511/5310/929

vt 0.714282 0.609054
vt 0.680589 0.609054
vn 0.185367 0.0762129 0.979709
vt 0.704397 0.549946
vt 0.719272 0.513017
vn 0.84106 0.0899112 0.533417
f 1600/5311/1003 1517/5312/1006 1519/5313/1006 1520/5314/1007 

vt 3.32462 0.212042
vt 3.33068 0.178899
vt 3.33224 0.307905
f 1520/5315/1007 1522/5316/1002 1600/5317/1003

vt 0.783646 -0.230962
vt 0.785001 -0.264628
vt 0.817302 -0.224692
f 1512/5318/930 1517/5319/1005 1511/5320/929

vt -0.708118 -0.267721
vt -0.706764 -0.234055
vt -0.74042 -0.227785
f 1517/5321/1005 1512/5322/930 1513/5323/104

vt -0.636921 -0.186832
vt -0.603227 -0.186832
vt -0.635738 -0.147066
f 1514/5324/106 1517/5325/1005 1513/5326/104

vt 4.4958 -6.54194e-15
vn 1 2.42954e-14 -0
vt 4.09393 -6.54194e-15
f 250/5327/1008 253/652/1008 254/4488/1008 1547/5328/1008 

vt -2.9353 3.43327
vt -2.7454 3.43327
v 310.989 6.53238 -101.042
vt -2.76223 3.46697
vn -0.431919 -0.707106 -0.559863
v 314.469 6.53238 -103.728
vt -2.9353 3.46697
f 243/5329/257 1529/5330/946 1601/5331/1009 1602/5332/1009 

vt -4.18779 1.51853
vn -0.570089 -0.664808 -0.482731
vt -4.15627 1.49791
vn -0.27177 -0.953046 -0.133583
v 310.392 6.64657 -100.495
vt -4.15919 1.53332
vn -0.773576 -0.506953 -0.380234
f 1601/5333/1010 1529/5334/1011 1603/5335/1012

vt -3.82431 2.15602
vt -3.79278 2.17663
vn -0.730434 -0.664808 -0.156513
vt -3.82139 2.19143
f 1529/5336/1011 1528/5337/1013 1603/5338/1012

vt -4.40049 0.0902218
vt -4.39664 0.123845
vn -0.979658 -0.160818 -0.120034
vt -4.43237 0.094788
f 1528/5339/1013 1432/5340/1014 1603/5341/1012

vt -4.38416 0.125397
v 310.29 7.37327 -100.545
vt -4.42143 0.125397
vn -0.886646 -0.154685 -0.435811
vt -4.42 0.0964736
f 1432/5342/1014 1604/5343/1015 1603/5344/1012

v 310.29 38.0872 -100.545
vt -4.42143 1.24858
vn -0.897448 -1.9715e-14 -0.44112
vt -4.42143 0.0393701
vt -4.38416 0.0393701
vt -4.38416 1.24858
f 1605/5345/1016 1604/5346/1016 1432/5347/866 1431/5348/865 

v 310.956 38.0872 -101.218
vt -3.21111 1.24858
vn -0.644361 0.062334 -0.762177
v 310.956 7.37327 -101.218
vt -3.21111 0.0393701
vn -0.644361 -0.062334 -0.762177
vt -3.17384 0.0393701
vt -3.17384 1.24858
f 1606/5349/1017 1607/5350/1018 1604/5351/1016 1605/5352/1016 

v 314.372 38.0872 -103.854
vt -2.9353 1.24858
vn -0.64436 0.062334 -0.762177
v 314.372 7.37327 -103.854
vt -2.9353 0.0393701
vn -0.64436 -0.062334 -0.762177
vt -2.76541 0.0393701
vt -2.76541 1.24858
f 1608/5353/1019 1609/5354/1020 1607/5355/1018 1606/5356/1017 

v 315.038 38.0872 -104.526
vt -3.41674 1.24858
vn -0.897448 -1.5957e-14 -0.441121
v 315.038 7.37327 -104.526
vt -3.41674 0.0393701
vt -3.37947 0.0393701
vt -3.37947 1.24858
f 1610/5357/1021 1611/5358/1021 1609/5359/1020 1608/5360/1019 

v 315.164 38.0872 -105.464
vt -4.63892 1.24858
vn -0.997057 0.062334 -0.0446256
v 315.164 7.37327 -105.464
vt -4.63892 0.0393701
vn -0.997057 -0.062334 -0.0446256
vt -4.60165 0.0393701
vt -4.60165 1.24858
f 1612/5361/1022 1613/5362/1023 1611/5363/1021 1610/5364/1021 

v 315.164 38.0872 -121.653
vt -5.29145 1.24858
vn -0.996092 0.062453 -0.062453
v 315.164 7.37327 -121.653
vt -5.29145 0.0393701
vt -4.65412 0.0393701
vt -4.65412 1.24858
f 1614/5365/1024 1615/5366/864 1613/5367/1023 1612/5368/1022 

vt -5.26949 1.24858
vt -5.26949 0.0393701
vt -5.2358 0.0393701
vt -5.2358 1.24858
f 182/5369/183 183/5370/183 1615/5371/864 1614/5372/1024 

vt -5.23696 0.149484
vt -5.2358 0.183157
vn -0.966015 -0.182777 -0.182777
vt -5.26949 0.183157
vt -5.26587 0.154106
f 187/5373/189 1615/5374/1025 183/5375/186 185/5376/185 

vt -5.29145 -0.0316058
vt -4.65412 -0.0316058
vt -4.65412 0.00208769
vt -5.29145 0.00208769
f 187/5377/252 240/5378/252 1613/5379/1023 1615/5380/864 

vt -4.64301 0.108253
vn -0.973644 -0.19032 -0.125683
vt -4.64378 0.0745682
vt -4.60346 0.0745682
f 1613/5381/1026 240/5382/253 241/5383/255

vt -4.60165 0.121811
vn -0.878132 -0.206354 -0.431627
vt -4.63892 0.121811
vt -4.59943 0.088049
f 1611/5384/1027 1613/5385/1026 241/5386/255

vt -3.37947 0.648701
vn -0.694238 -0.190318 -0.694127
vt -3.41674 0.648701
vt -3.41896 0.61494
f 1609/5387/1028 1611/5388/1027 241/5389/255

vt -3.34675 0.585554
vn -0.498176 -0.706121 -0.503203
vt -3.34752 0.619239
vt -3.38706 0.585554
f 1602/5390/1029 1609/5391/1028 241/5392/255

vt -2.9353 0.661907
vt -2.76223 0.661907
vt -2.76541 0.695601
vt -2.9353 0.695601
f 1602/5393/1009 1601/5394/1009 1607/5395/1018 1609/5396/1020 

vt -3.13756 0.599266
vn -0.693439 -0.160818 -0.702339
vt -3.1337 0.565642
vt -3.10183 0.570208
f 1607/5397/1030 1601/5398/1010 1603/5399/1012

vt -3.17384 0.499166
vt -3.21111 0.499166
vt -3.17527 0.470242
f 1604/5400/1015 1607/5401/1030 1603/5402/1012

vt -3.34269 3.05176
vt -3.34676 3.0852
vt -3.38708 3.0852
f 243/5403/257 1602/5404/1029 241/5405/255

vt -5.26949 1.0831
vt -5.2358 1.0831
vn -0.966015 0.182777 -0.182777
vt -5.23696 1.11677
vt -5.26587 1.11215
f 182/5406/182 1614/5407/1031 180/5408/179 181/5409/178 

vt -4.65412 1.2971
vt -5.29145 1.2971
vt -5.29145 1.26341
vt -4.65412 1.26341
f 179/5410/176 180/5411/176 1614/5412/1024 1612/5413/1022 

vt -4.64378 1.19126
vt -4.64301 1.15757
vn -0.973644 0.190319 -0.125684
vt -4.60346 1.19126
f 179/5414/175 1612/5415/1032 178/5416/174

vt -4.63892 1.14114
vt -4.60165 1.14114
vn -0.878132 0.206354 -0.431627
vt -4.59943 1.1749
f 1612/5417/1032 1610/5418/1033 178/5419/174

vt -3.41674 0.614242
vt -3.37947 0.614242
vn -0.694238 0.190319 -0.694127
vt -3.41896 0.648003
f 1610/5420/1033 1608/5421/1034 178/5422/174

vt -3.34751 0.646588
vt -3.34674 0.680273
vt -3.38706 0.680273
f 1608/5423/1034 177/5424/173 178/5425/174

vt -2.76223 0.60359
vt -2.9353 0.60359
vt -2.9353 0.569897
vt -2.76541 0.569897
f 176/5426/172 177/5427/172 1608/5428/1019 1606/5429/1017 

vt -3.10744 0.69492
vt -3.11125 0.661291
vn -0.691036 0.156761 -0.705617
vt -3.07569 0.690174
f 176/5430/171 1606/5431/1035 175/5432/170

vt -3.21111 0.804834
vt -3.17384 0.804834
vn -0.887539 0.147804 -0.436382
vt -3.17541 0.833542
f 1606/5433/1035 1605/5434/1036 175/5435/170

vt -4.42143 1.15171
vt -4.38416 1.15171
vn -0.980145 0.158988 -0.118481
vt -4.4203 1.18044
f 1605/5436/1036 1431/5437/1037 175/5438/170

vt -4.3982 1.14654
vt -4.40204 1.18017
vt -4.43421 1.17542
f 1431/5439/1037 173/5440/168 175/5441/170

vt -0.857448 1.26051
vt -4.4267 1.26051
vt -4.42352 1.22681
vt -0.860649 1.22681
f 174/5442/167 173/5443/167 1431/5444/865 1428/5445/862 

vt -0.852421 1.27808
vn -0.73152 0.664439 0.152971
vt -0.856239 1.24445
vn -0.980892 0.156575 0.115478
v 310.383 38.8094 -8.22416
vt -0.82066 1.27333
vn -0.776085 0.504396 0.378519
f 174/5446/1038 1428/5447/1039 1616/5448/1040

vt -0.853048 1.25242
vt -0.815766 1.25242
vn -0.8886 0.147287 0.434393
vt -0.817326 1.28113
f 1428/5449/1039 1426/5450/1041 1616/5451/1040

vt -0.58407 1.31856
vt -0.546788 1.31856
vn -0.694926 0.158801 0.701327
vt -0.582951 1.34729
f 1426/5452/1041 1425/5453/1042 1616/5454/1040

vt -0.531023 1.33354
v 310.987 38.9281 -7.67166
vt -0.534869 1.36717
vn -0.571772 0.664203 0.481571
vt -0.567063 1.36242
f 1425/5455/1042 1617/5456/1043 1616/5457/1040

v 314.472 38.9281 -4.95983
vt -0.294267 1.38101
vn -0.434199 0.707106 0.558097
vt -0.468137 1.38101
vt -0.464936 1.34732
vt -0.294267 1.34732
f 1618/5458/1044 1617/5459/1044 1425/5460/860 1423/5461/858 

vt -0.294267 0.915034
vt -0.485055 0.915034
vt -0.468137 0.88134
vt -0.294267 0.88134
f 169/5462/163 172/5463/166 1617/5464/1044 1618/5465/1044 

vt -0.740475 0.692624
vt -0.772158 0.71306
vn -0.274369 0.952196 0.134327
vt -0.769225 0.677381
f 1617/5466/1043 172/5467/1045 1616/5468/1040

vt -0.696667 0.844389
vt -0.728366 0.823978
vt -0.70009 0.808753
f 172/5469/1045 174/5470/1038 1616/5471/1040

vt -0.376323 0.87609
vt -0.372265 0.842641
vn -0.500018 0.706128 0.501364
vt -0.331945 0.842642
f 169/5472/163 1618/5473/1046 166/5474/160

vt -0.372262 1.37289
vt -0.371495 1.3392
vn -0.696761 0.190281 0.691604
vt -0.331942 1.37289
f 1618/5475/1046 1423/5476/1047 166/5477/160

vt -0.377627 1.34264
vt -0.340345 1.34264
vn -0.879047 0.206163 0.429852
vt -0.338139 1.3764
f 1423/5478/1047 1424/5479/1048 166/5480/160

vt -0.634384 1.27895
v 315.164 38.0872 -3.22021
vt -0.597102 1.27895
vn -0.973707 0.190281 0.12525
vt -0.63659 1.31271
f 1424/5481/1048 1619/5482/1049 166/5483/160

vt -0.634384 1.24858
vt -0.634384 0.0393701
v 315.164 7.37327 -3.22021
vt -0.597102 0.0393701
vn -0.997065 -0.0623331 0.0444624
vt -0.597102 1.24858
vn -0.997065 0.0623331 0.0444624
f 1424/5484/859 1422/5485/859 1620/5486/1050 1619/5487/1051 

vt -0.597102 -0.0159764
vn -0.973707 -0.19028 0.12525
vt -0.634384 -0.0159764
vt -0.63659 -0.0497374
f 1620/5488/1052 1422/5489/857 1416/5490/842

vt -0.599125 -0.0452688
vn -0.702746 -0.706128 0.0867848
vt -0.599892 -0.011584
vt -0.639445 -0.0452688
f 33/5491/1053 1620/5492/1052 1416/5493/842

vt -0.628759 -0.0316058
vt -0.0393701 -0.0316058
v 315.164 7.37327 11.7503
vt -0.0393701 0.00208769
vn -0.996092 -0.062453 0.0624535
vt -0.628759 0.00208769
f 33/5494/13 32/5495/13 1621/5496/1054 1620/5497/1050 

vt -0.000922827 -0.0316566
vt 0.0279859 -0.0270345
v 315.323 7.37327 12.5912
vt 0.0316062 0.00201676
vn -0.689859 -0.219518 0.68986
vt -0.00208734 0.00201676
vn -0.966015 -0.182776 0.182778
f 32/5498/14 35/5499/17 1622/5500/1055 1621/5501/1056 

vt 0.230938 -0.00299323
v 316.164 7.37327 12.7503
vt 0.232102 0.0306801
vn -0.182777 -0.182777 0.966015
vt 0.198409 0.0306801
vt 0.202029 0.00162889
f 34/5502/16 1623/5503/1057 1622/5504/1055 35/5505/17 

vt 2.64894 0.00499026
v 377.447 7.37327 12.7503
vt 2.64894 0.0386837
vt 0.23622 0.0386837
vn -0.062453 -0.062453 0.996092
vt 0.23622 0.00499026
f 37/5506/19 1624/5507/244 1623/5508/1058 34/5509/20 

vt 2.63586 0.101983
vt 2.63485 0.130801
vt 2.60115 0.130203
vt 2.60234 0.0965305
f 39/5510/28 44/5511/28 1624/5512/244 37/5513/19 

vt 2.63646 0.0399575
vt 2.63646 0.352074
v 377.447 15.316 12.7503
vt 2.60276 0.352074
vt 2.60276 0.0393701
f 44/5514/41 51/5515/41 1625/5516/245 1624/5517/244 

vt 2.60276 0.366741
vt 2.63646 0.366741
vt 2.64271 0.40603
f 1625/5518/245 51/5519/42 52/5520/44

v 377.765 16.9977 12.7503
vt 2.61202 0.436539
vn 0.076546 -0.0765461 0.994123
vt 2.59972 0.370283
vt 2.63966 0.40958
f 1626/5521/1059 1625/5522/245 52/5523/44

v 316.164 38.0872 12.7503
vt 0.23622 1.24858
vn -0.062453 0.062453 0.996092
v 379.447 17.316 12.7503
vn 0.0166554 -0.141365 0.989817
v 417.447 17.316 12.7503
vn -0.0166554 -0.141365 0.989817
v 419.129 16.9978 12.7503
v 419.447 15.316 12.7503
v 419.447 7.37327 12.7503
vn -0.0937677 -0.0929504 0.991246
v 480.73 7.37327 12.7503
vn 0.0624535 -0.062453 0.996092
v 480.73 38.0872 12.7503
vt 6.71521 1.24858
vn 0.0624535 0.062453 0.996092
f 1627/5524/1060 1623/369/1058 1624/590/244 1625/591/245 1626/580/1059 1628/581/1061 1629/582/1062 1630/583/240 1631/584/241 1632/585/1063 1633/368/1064 1634/5525/1065 

v 315.323 38.0872 12.5912
vt 0.198409 1.24858
vn -0.707106 -1.24675e-14 0.707107
vt 0.198409 0.0393701
vt 0.232102 0.0393701
vt 0.232102 1.24858
f 1635/5526/1066 1622/5527/1066 1623/5528/1058 1627/5529/1060 

v 315.164 38.0872 11.7503
vt -0.00208734 1.24858
vn -0.996092 0.062453 0.0624535
vt -0.00208734 0.0393701
vt 0.0316062 0.0393701
vt 0.0316062 1.24858
f 1636/5530/1067 1621/5531/1054 1622/5532/1066 1635/5533/1066 

vt -0.628759 1.24858
vt -0.628759 0.0393701
vt -0.0393701 0.0393701
vt -0.0393701 1.24858
f 1619/5534/1051 1620/5535/1050 1621/5536/1054 1636/5537/1067 

vt -0.0393701 1.2971
vt -0.628759 1.2971
vt -0.628759 1.26341
vt -0.0393701 1.26341
f 165/5538/158 164/5539/158 1619/5540/1051 1636/5541/1067 

vt -0.599893 1.27741
vt -0.599125 1.31109
vt -0.639445 1.31109
f 1619/5542/1049 164/5543/159 166/5544/160

vt -0.000922827 1.29791
vn -0.689859 0.689859 0.219519
vt -0.00208734 1.26424
vn -0.966015 0.182776 0.182778
vt 0.0316062 1.26424
vn -0.689859 0.219518 0.68986
v 315.438 38.8127 12.4757
vt 0.0279859 1.29329
vn -0.57735 0.57735 0.577351
f 165/5545/1068 1636/5546/1069 1635/5547/1070 1637/5548/1071 

vt 0.198409 1.23557
vt 0.232102 1.23557
vn -0.182777 0.182777 0.966015
v 316.164 38.9281 12.5912
vt 0.230938 1.26925
vn -0.219518 0.689859 0.689859
vt 0.202029 1.26462
f 1635/5549/1070 1627/5550/1072 1638/5551/1073 1637/5552/1071 

v 480.73 38.9281 12.5912
vt 6.71521 1.26051
vn -9.50132e-17 0.707106 0.707107
vt 0.23622 1.26051
vt 0.23622 1.22681
vt 6.71521 1.22681
f 1639/5553/1074 1638/5554/1074 1627/5555/1060 1634/5556/1065 

vt 6.71521 0.278126
vt 0.23622 0.278126
vt 0.23622 0.244433
vt 6.71521 0.244433
f 162/5557/156 163/5558/157 1638/5559/1074 1639/5560/1074 

vt 0.115785 0.496933
vt 0.139194 0.479353
vt 0.162604 0.496933
vt 0.139194 0.521166
vn -0.182777 0.966015 0.182777
f 165/5561/1068 1637/5562/1071 1638/5563/1073 163/5564/1075 

vt 4.7528 -4.25142
vn 0.219519 0.689859 0.689859
v 481.456 38.8127 12.4757
vt 4.77621 -4.269
vn 0.577351 0.57735 0.57735
v 481.571 38.9281 11.7503
vt 4.79962 -4.25142
vn 0.689859 0.689859 0.219518
vt 4.77621 -4.22718
vn 0.182777 0.966015 0.182777
f 1639/5565/1076 1640/5566/1077 1641/5567/1078 162/5568/1079 

vt 6.5993 1.03304
vt 6.59814 0.999365
vn 0.182778 0.182776 0.966015
v 481.571 38.0872 12.5912
vt 6.63183 0.999365
vn 0.68986 0.219518 0.689859
vt 6.62821 1.02842
f 1639/5569/1076 1634/5570/1080 1642/5571/1081 1640/5572/1077 

vt 6.59814 1.24858
vt 6.59814 0.0393701
v 481.571 7.37327 12.5912
vt 6.63183 0.0393701
vn 0.707107 -4.81993e-21 0.707106
vt 6.63183 1.24858
f 1634/5573/1065 1633/5574/1064 1643/5575/1082 1642/5576/1082 

v 480.73 6.53238 12.5912
vt 6.5993 0.233215
vn 0.219519 -0.689859 0.689859
v 481.456 6.6478 12.4757
vt 6.62821 0.237837
vn 0.577351 -0.57735 0.57735
vt 6.63183 0.266889
vn 0.68986 -0.219518 0.689859
vt 6.59814 0.266889
vn 0.182778 -0.182776 0.966015
f 1644/5577/1083 1645/5578/1084 1643/5579/1085 1633/5580/1086 

vt 4.7528 4.58433
v 480.73 6.37327 11.7503
vt 4.77621 4.5601
vn 0.182777 -0.966015 0.182777
v 481.571 6.53238 11.7503
vt 4.79962 4.58433
vn 0.689859 -0.689859 0.219518
vt 4.77621 4.60192
f 1644/5581/1083 1646/5582/1087 1647/5583/1088 1645/5584/1084 

vt 6.71521 -0.00499016
vn -8.57153e-16 -0.707106 0.707107
v 419.447 6.53238 12.5912
vt 4.30248 -0.00499016
vn -0.112768 -0.702596 0.702597
v 419.447 6.37327 11.7503
vt 4.30248 -0.0386837
vn -0.0950034 -0.995477 1.50632e-14
vt 6.67584 -0.0386837
vn -1.09197e-15 -1 1.1271e-14
vt 6.71521 -0.0386837
vn -1.18281e-15 -0.982567 0.18591
f 1644/5585/1089 1648/5586/1090 1649/5587/1091 65/5588/1092 1646/5589/1093 

vt 4.30248 0.0386837
vt 4.30248 0.00499026
vt 6.71521 0.00499026
vt 6.71521 0.0386837
f 1632/5590/1063 1648/5591/1090 1644/5592/1089 1633/5593/1064 

v 418.606 7.38819 12.5912
vt 4.19117 -0.109304
vn -0.706357 -0.131385 0.695556
v 418.606 6.66854 12.455
vt 4.19016 -0.138122
vt 4.22368 -0.143575
vt 4.22487 -0.109902
f 1650/5594/1094 1651/5595/1094 1648/5596/1090 1632/5597/1063 

vt 0.78321 -0.105282
v 418.447 7.46704 11.7503
vt 0.749517 -0.102178
vn -0.982171 -0.0346004 0.18478
v 418.447 7.38819 11.7652
vt 0.750094 -0.105277
v 418.447 7.38819 11.7354
vt 0.74894 -0.105285
vt 0.777942 -0.133632
f 1650/5598/1094 1652/5599/1095 1653/5600/1095 1654/5601/1095 1651/5602/1094 

v 418.447 15.316 11.7503
vt 0.75387 0.352074
vn -0.982567 -3.2137e-17 0.18591
vt 0.75387 0.0430619
vt 0.787564 0.0399575
vn -0.707106 -1.97389e-17 0.707107
v 418.606 15.316 12.5912
vt 0.787564 0.352074
f 1655/5603/1096 1652/5604/1096 1650/5605/1097 1656/5606/1097 

vt -0.831238 0.0430619
vn -0.982567 5.01584e-17 -0.18591
vt -0.831238 0.352074
v 418.606 15.316 10.9094
vt -0.864932 0.352074
vn -0.707106 1.63484e-16 -0.707107
v 418.606 7.38819 10.9094
vt -0.864932 0.0399575
f 1652/5607/1098 1655/5608/1098 1657/5609/1099 1658/5610/1099 

vt -0.864932 -0.309704
vt -0.831238 -0.309704
vn -0.98494 -0.172898 3.8474e-07
v 418.444 16.3134 10.9094
vt -0.863749 -0.269938
vn -0.446149 -0.446149 -0.775824
f 1657/5611/210 1655/5612/1100 1659/5613/1101

vt -0.960197 -0.408344
v 418.288 16.1569 11.7503
vt -0.958843 -0.374678
vn -0.707108 -0.707106 -9.90478e-08
vt -0.992499 -0.368408
f 1655/5614/1100 1660/5615/1102 1659/5616/1101

vt 0.881972 -0.37777
vt 0.883326 -0.411436
v 418.444 16.3134 12.5912
vt 0.915628 -0.3715
vn -0.446149 -0.446149 0.775823
f 1660/5617/1102 1655/5618/1100 1661/5619/1103

vt 0.75387 -0.311999
vt 0.787564 -0.311999
vn -0.699654 -0.113357 0.705432
vt 0.786381 -0.272234
f 1655/5620/1100 1656/5621/1104 1661/5622/1103

vt 4.19379 0.327834
vt 4.22748 0.327834
vt 4.18753 0.367123
f 1656/5623/1104 1631/5624/241 1661/5625/1103

vt 4.19379 0.352074
vt 4.19379 0.0399575
vt 4.22748 0.0393701
vt 4.22748 0.352074
f 1656/5626/1097 1650/5627/1097 1632/5628/1063 1631/5629/241 

vt 4.22254 0.32189
vt 4.21024 0.388146
vt 4.1826 0.361187
f 1631/5630/241 1630/5631/240 1661/5632/1103

vt 4.28702 0.380115
vt 4.22086 0.39288
vt 4.25987 0.352665
f 1630/5633/240 1629/5634/1062 1661/5635/1103

vt 4.22176 0.39926
v 417.447 16.4751 12.5912
vt 4.22157 0.365567
vn -0.113359 -0.699655 0.705431
vt 4.26082 0.359092
f 1629/5636/1062 1662/5637/1105 1661/5638/1103

vt 4.22374 0.423304
vt 2.72768 0.423304
v 379.447 16.4751 12.5912
vt 2.72768 0.38961
vn -1.24736e-31 -0.707107 0.707106
vt 4.22374 0.38961
f 1629/5639/1062 1628/5640/1061 1663/5641/1106 1662/5642/1106 

vt 2.72659 0.405149
vn 0.113357 -0.699655 0.705431
vt 2.7264 0.438842
vt 2.68734 0.398674
f 1663/5643/1107 1628/5644/1061 52/5645/44

vt 2.72582 0.442155
vt 2.65965 0.42939
vt 2.6868 0.40194
f 1628/5646/1061 1626/5647/1059 52/5648/44

v 379.447 16.316 11.7503
vt 2.09748 1.78714
vn 0.172897 -0.98494 2.65688e-08
vt 2.07594 1.81306
vt 2.04611 1.78673
f 1664/5649/1108 1663/5650/1107 52/5651/44

vt 4.22374 0.0677823
vt 2.72768 0.0677823
vt 2.72768 0.0340888
vn -1.46469e-31 -1 -8.71902e-07
v 417.447 16.316 11.7503
vt 4.22374 0.0340888
f 1662/5652/1106 1663/5653/1106 1664/5654/1109 1665/5655/1109 

vt -4.22374 0.111457
vt -2.72768 0.111457
v 379.447 16.4751 10.9094
vt -2.72768 0.145151
vn -4.94457e-32 -0.707106 -0.707107
v 417.447 16.4751 10.9094
vt -4.22374 0.145151
f 1665/5656/1109 1664/5657/1109 1666/5658/1110 1667/5659/1110 

vt -2.02472 1.8711
vn 0.113358 -0.699654 -0.705432
vt -2.04625 1.84519
vt -1.99489 1.84478
f 1666/5660/1111 1664/5661/1108 54/5662/46

vt -2.04827 1.83935
vt -2.0231 1.81696
vt -1.99691 1.839
f 1664/5663/1108 53/5664/45 54/5665/46

vt 2.07425 1.75947
vt 2.09942 1.78187
vt 2.04806 1.78152
f 53/5666/45 1664/5667/1108 52/5668/44

vt -2.72399 0.453466
vt -2.72418 0.419773
vt -2.68493 0.413298
f 61/5669/55 1666/5670/1111 54/5671/46

vt -4.22374 0.404249
vt -2.72768 0.404249
vt -2.72768 0.437942
vt -4.22374 0.437942
f 1667/5672/1110 1666/5673/1110 61/5674/55 60/5675/54 

vt -4.22398 0.380194
vn -0.113357 -0.699654 -0.705432
vt -4.22417 0.413887
vt -4.26323 0.373719
f 1667/5676/1112 60/5677/54 1659/5678/1101

vt -4.22377 0.407968
vt -4.28994 0.395203
vt -4.26278 0.367752
f 60/5679/54 59/5680/53 1659/5681/1101

vt -4.22535 0.39095
vt -4.23765 0.324694
vt -4.19771 0.363991
f 59/5682/53 58/5683/52 1659/5684/1101

vt -4.24212 0.330163
vt -4.20843 0.330163
vt -4.20217 0.369452
f 58/5685/52 1657/5686/210 1659/5687/1101

vt -4.20843 0.0399575
vt -4.20843 0.352074
vt -4.24212 0.352074
vt -4.24212 0.0393701
f 1658/5688/1099 1657/5689/1099 58/5690/52 57/5691/51 

v 418.606 6.66854 11.0455
vt -4.20505 -0.123998
vn -0.706495 -0.131453 -0.695403
vt -4.20606 -0.0951807
vt -4.23976 -0.0957781
v 419.447 6.53238 10.9094
vt -4.23857 -0.129451
f 1668/5692/1113 1658/5693/1113 57/5694/51 1669/5695/223 

v 418.453 7.35881 11.7359
vt -0.825777 -0.1063
vn -0.982244 -0.0346843 -0.184374
vt -0.824599 -0.105143
vt -0.825754 -0.105136
vn -0.998564 -0.0262534 -0.0466924
vt -0.825176 -0.102037
vt -0.85887 -0.105141
vt -0.853601 -0.133491
f 1670/5696/1114 1653/5697/1114 1654/5698/1115 1652/5699/1115 1658/5700/1113 1668/5701/1113 

vt -0.113705 -0.740806
vn -0.982953 -0.183043 -0.017279
vt -0.114863 -0.741982
v 418.606 6.5352 11.7503
vt -0.114402 -0.774965
f 1653/5702/1116 1670/5703/1116 1671/5704/1116

vt 0.109618 -0.740394
vn -0.982519 -0.182942 0.0344881
vt 0.109647 -0.741574
vt 0.110792 -0.740387
vt 0.110424 -0.774551
vn -0.707015 -0.694884 0.131402
vt 0.138153 -0.769212
f 1654/5705/1117 1670/5706/1117 1653/5707/1117 1671/5708/1118 1651/5709/1118 

vt 2.98397 -2.9449
vt 2.96418 -2.96505
vt 2.98738 -2.98951
vn -0.0950034 -0.995477 1.50702e-14
vt 3.01099 -2.96547
f 1651/5710/1118 1671/5711/1118 1649/5712/1119 1648/5713/1090 

vt -3.02034 -2.91177
vn -0.706892 -0.694991 -0.131498
vt -3.04013 -2.89162
vt -3.06716 -2.91219
vt -3.04354 -2.93623
f 1671/5714/1120 1668/5715/1120 1669/5716/223 1649/5717/1119 

vt -0.217657 -0.770033
vt -0.189928 -0.775373
vt -0.190282 -0.742388
vn -0.982454 -0.183254 -0.0346732
f 1668/5718/1120 1671/5719/1120 1670/5720/1121

vt -4.30248 0.0386837
vt -4.30248 0.0723773
vt -6.67584 0.0723773
vn -6.77411e-16 -0.707106 -0.707107
vt -6.67584 0.0386837
f 1649/5721/1091 1669/5722/223 66/5723/1122 65/5724/1092 

vt -4.30248 0.0196287
vt -4.30248 0.0533222
vt -6.67584 0.0533222
vt -6.67584 0.0196287
f 1669/5725/223 57/5726/51 56/5727/50 66/5728/1122 

vt -0.818191 -0.104558
vn -0.98253 -0.0345339 -0.18287
vt -0.818768 -0.101452
vt -0.819346 -0.10455
f 1653/5729/1123 1652/5730/1115 1654/5731/1115

vt 0.740496 -0.102073
vt 0.739919 -0.105179
vt 0.741074 -0.105171
vn -0.982567 -0.0345621 0.182669
f 1652/5732/1115 1654/5733/1115 1653/5734/1124

vt -0.0393701 0.0430619
vt -0.0399575 0.0399575
vt -0.0387827 0.0399575
f 1652/5735/1115 1654/5736/1115 1653/5737/198

vt -3.23384 -2.54213
vn -0.172898 -0.98494 -8.89561e-07
vt -3.25538 -2.51621
vt -3.2852 -2.54254
f 1665/5738/1125 1667/5739/1112 1659/5740/1101

vt -3.26205 -2.51835
vt -3.23688 -2.49596
vt -3.28824 -2.49631
f 1660/5741/1102 1665/5742/1125 1659/5743/1101

vt 3.18572 -2.55345
vt 3.21089 -2.57585
vt 3.23708 -2.5538
f 1665/5744/1125 1660/5745/1102 1661/5746/1103

vt 3.20415 -2.57427
vt 3.18261 -2.60018
vt 3.23398 -2.60059
f 1662/5747/1105 1665/5748/1125 1661/5749/1103

vt -2.65674 0.444479
vt -2.72291 0.457243
vt -2.68389 0.417028
f 62/5750/56 61/5751/55 54/5752/46

vt -2.58461 0.373087
vt -2.59691 0.439343
vt -2.62455 0.412384
f 55/5753/48 62/5754/56 54/5755/46

f 64/158/66 1646/344/66 65/130/66

vn 5.68589e-15 -0.995632 -0.0933618
v 480.73 6.37327 -33.9511
vt -6.71521 1.83864
vn 2.60644e-15 -1 -5.25601e-17
f 78/160/1126 1672/5756/1126 1646/344/1127 64/158/1127 

vn 6.36098e-15 -0.707107 -0.707106
v 480.715 6.53238 -34.792
vt -6.71462 1.84028
vt -6.71521 1.80658
f 80/162/1128 1673/5757/1128 1672/5758/1126 78/163/1126 

vt -6.71151 0.387823
vt -6.71462 0.35413
f 82/166/71 85/5759/71 1673/5760/1128 80/167/1128 

vt -6.64135 0.424647
vn 0.017357 -0.091735 -0.995632
v 480.715 7.38819 -34.9511
vt -6.64445 0.425244
v 481.435 6.66854 -34.792
vt -6.67298 0.396427
vn 0.131458 -0.69478 -0.707106
vt -6.64467 0.390974
f 85/5761/1129 1674/5762/1129 1675/5763/1130 1673/5764/1130 

vt -6.71462 0.0399575
f 84/171/70 1674/5765/1129 85/172/1129

vt -6.25825 0.146166
vn 0.182669 -0.0345621 -0.982567
vt -6.25882 0.149272
vt -6.29252 0.146165
vn 0.694781 -0.131457 -0.707106
vt -6.28725 0.117816
f 1674/5766/1131 84/5767/1131 87/5768/1132 1675/5769/1132 

vt 0.562956 1.28557
vt 0.561943 1.31439
vt 0.528249 1.31379
v 481.571 6.53238 -33.9511
vt 0.529434 1.28012
vn 0.702597 -0.702596 -0.112768
f 1675/5770/1132 87/5771/1132 107/5772/97 1676/5773/1133 

vt 0.584549 0.0399575
vt 0.584549 0.352074
vt 0.550855 0.352074
vt 0.550855 0.0393701
f 87/5774/73 86/5775/73 108/5776/98 107/5777/97 

vt 0.550855 0.562017
vt 0.584549 0.562017
vt 0.590801 0.601306
f 108/5778/98 86/5779/74 88/5780/76

vt 0.520705 0.671406
vt 0.50841 0.60515
vt 0.548347 0.644448
f 109/5781/99 108/5782/98 88/5783/76

vt 1.66637 1.73074
vt 1.6002 1.71798
vt 1.62736 1.69053
f 99/5784/89 109/5785/99 88/5786/76

vt 1.7097 1.65512
vt 1.70951 1.68881
vt 1.67044 1.64864
f 97/5787/927 99/5788/89 88/5789/76

vt -2.91135 6.25418
vt -2.93288 6.28009
vt -2.96271 6.25377
f 95/5790/928 97/5791/927 88/5792/76

vt -2.92942 6.1847
vt -2.90425 6.2071
vt -2.95562 6.20675
f 89/5793/77 95/5794/928 88/5795/76

vt -5.81982 -3.59657
vt -5.79465 -3.61897
vt -5.76846 -3.59692
f 95/5796/928 89/5797/77 90/5798/78

vt -5.8026 -3.61874
vt -5.82414 -3.64466
vt -5.77277 -3.64507
f 92/5799/84 95/5800/928 90/5801/78

vt 1.83864 1.26072
vt 1.83864 1.29441
vt 0.0393701 1.29441
vt 0.0393701 1.26072
vn 0.707107 -0.707106 6.74087e-16
f 1676/5802/1133 107/5803/97 106/5804/96 1647/5805/1134 

vt 1.29325 1.21675
vt 1.29442 1.25043
vn 0.966015 -0.182777 0.182777
vt 1.26072 1.25043
vt 1.26435 1.22138
f 1647/5806/1088 106/5807/1135 1643/5808/1085 1645/5809/1084 

vt 1.26072 1.24858
vt 1.26072 0.0393701
vt 1.29441 0.0393701
vt 1.29441 1.24858
f 1642/5810/1082 1643/5811/1082 106/5812/96 105/5813/95 

vt 1.26072 0.0158261
vt 1.29442 0.0158261
vn 0.966015 0.182777 0.182777
vt 1.29325 0.0494995
vt 1.26435 0.0448774
f 1642/5814/1081 105/5815/1136 1641/5816/1078 1640/5817/1077 

v 481.571 38.9281 -121.653
vt 5.29145 0.00477783
vn 0.707107 0.707106 -0
vt 0.0393701 0.00477783
vt 0.0393701 -0.0289157
vt 5.29145 -0.0289157
f 1677/5818/1137 1641/5819/1137 105/5820/95 104/5821/94 

vt 5.29145 -6.3587
vt 0.0393701 -6.3587
vt 0.0393701 -6.39239
vt 5.29145 -6.39239
f 149/5822/143 162/5823/156 1641/5824/1137 1677/5825/1137 

vt -1.03016 -7.89277
vn 0.689859 0.689859 -0.219518
v 481.456 38.8127 -122.378
vt -1.00675 -7.91035
vn 0.577351 0.57735 -0.57735
vt -0.983339 -7.89277
vn 0.219519 0.689859 -0.689859
vt -1.00675 -7.86854
vn 0.182777 0.966015 -0.182777
f 1677/5826/1138 1678/5827/1139 147/5828/1140 149/5829/1141 

vt 3.94463 -0.131641
vt 3.94347 -0.165314
vn 0.966015 0.182777 -0.182777
vt 3.97716 -0.165314
vn 0.68986 0.219518 -0.689859
vt 3.97354 -0.136263
f 1677/5830/1138 104/5831/1142 133/5832/1143 1678/5833/1139 

vt -5.64078 0.0420047
vt -5.60709 0.0420047
vn 0.182778 0.182776 -0.966015
vt -5.60825 0.0756781
vt -5.63716 0.071056
f 133/5834/1143 135/5835/1144 147/5836/1140 1678/5837/1139 

vt 1.83864 6.59814
vn 0.185098 -0.978275 -0.0933618
vt 1.83864 6.63183
vt 0.0393701 6.63183
vt 0.0393701 6.59814
vn 0.18591 -0.982567 1.38119e-16
f 1672/5838/1145 1676/5839/1133 1647/5840/1134 1646/5841/1146 

vt -3.47765 5.83398
vt -3.49786 5.85455
vt -3.52489 5.83398
vt -3.50128 5.80995
f 1673/5842/1130 1675/5843/1130 1676/5844/1133 1672/5845/1145 

vt -0.595066 -0.305993
vn -0.125157 -0.992006 0.0161045
vt -0.599123 -0.272545
vt -0.639444 -0.272545
f 31/5846/1147 33/5847/1053 1416/5848/842

vt -0.647394 -0.311743
vt -0.591881 -0.311743
vt -0.63659 -0.278737
f 1413/5849/838 31/5850/1147 1416/5851/842

vt -0.23622 0.628759
f 27/4578/837 31/5852/1147 1413/4586/838

vt -0.708364 -0.134726
vt -0.734308 -0.0931333
vn -0.0202616 -0.999608 -0.0192979
vt -0.763053 -0.134726
f 1413/5853/838 1415/5854/1148 27/5855/837

vt -0.593215 0.442226
vt -0.592002 0.448143
vn -0.0190031 -0.999768 -0.0101664
vt -0.642776 0.432232
f 1415/5856/1148 1414/5857/1149 27/5858/837

vt -0.353452 -0.763483
vn -0.00871954 -0.999822 0.0167362
vt -0.131487 -0.763483
vt -0.166782 -0.723666
f 1411/5859/1150 27/5860/837 1414/5861/1149

vt -0.327335 0.875241
vt -0.382847 0.875241
vt -0.338139 0.842236
f 167/5862/161 169/5863/163 166/5864/160

vt 2.64894 -5.1992
vt 2.64894 -5.16551
vt 0.269327 -5.16551
vt 0.23622 -5.1992
f 189/5865/190 234/5866/19 235/5867/247 186/5868/191 

vt 5.6073 -1.73219
vt 5.63092 -1.75622
vn 0.0950038 -0.995477 -3.25305e-14
vt 5.65412 -1.73176
vn 0.707103 -0.694789 0.131428
vt 5.63433 -1.71162
f 234/5869/19 189/5870/1151 191/5871/1152 199/5872/1152 

vt 5.38199 0.494988
vn 0.982565 -0.182686 0.034515
vt 5.35461 0.467343
vt 5.38234 0.462004
vt 5.38312 0.494981
vt 5.38315 0.496161
f 194/5873/1153 199/5874/1152 191/5875/1152 192/5876/1153 197/5877/1153 

vt 5.66529 0.608317
vt 5.69898 0.608317
vn 0.98494 -0.172898 -4.68393e-07
vt 5.66647 0.648083
f 201/5878/42 200/5879/1154 233/5880/246

vt 5.74754 0.615181
v 378.606 16.1569 -121.653
vt 5.7489 0.648848
vn 0.707106 -0.707108 -9.90478e-08
vt 5.71524 0.655117
f 200/5881/1154 1679/5882/1155 233/5883/246

vt 4.58365 1.06453
vt 4.58501 1.03086
vt 4.61731 1.07079
f 1679/5884/1155 200/5885/1154 203/5886/205

vt 4.69942 0.91763
vt 4.73311 0.91763
vt 4.73193 0.957396
f 200/5887/1154 202/5888/47 203/5889/205

v 379.447 16.316 -121.653
vt 1.36336 5.67316
vn 0.172897 -0.98494 8.05907e-07
vt 1.38853 5.65076
vt 1.41473 5.67281
f 1680/5890/1156 1679/5891/1155 203/5892/205

vt 5.48587 -2.07435
vt 5.51104 -2.05195
vt 5.45968 -2.0523
f 1679/5893/1155 1680/5894/1156 233/5895/246

vt 5.51356 -2.08389
v 379.447 16.4751 -120.812
vt 5.49202 -2.05797
vn 0.113357 -0.699654 0.705432
vt 5.46219 -2.0843
f 1680/5896/1156 1681/5897/1157 233/5898/246

vt 2.72768 -5.12643
vn -1.39853e-31 -1 8.71902e-07
v 417.447 16.316 -121.653
vt 4.22374 -5.12643
v 417.447 16.4751 -120.812
vt 4.22374 -5.09273
vn -9.88912e-32 -0.707106 0.707107
vt 2.72768 -5.09273
f 1680/5899/1158 1682/5900/1158 1683/5901/1159 1681/5902/1159 

vt -2.72768 5.30567
vt -4.22374 5.30567
vt -4.22374 5.27198
vt -2.72768 5.27198
f 204/5903/207 205/5904/207 1682/5905/1158 1680/5906/1158 

vt -6.64992 1.3289
vn -0.172898 -0.98494 -4.72259e-08
vt -6.67145 1.35482
vt -6.70128 1.3285
f 1682/5907/1160 205/5908/208 206/5909/209

v 418.288 16.1569 -121.653
vt -6.67366 1.31546
vt -6.64849 1.33786
vt -6.69986 1.33751
f 1684/5910/1102 1682/5911/1160 206/5912/209

vt -0.225916 -6.38725
vt -0.200745 -6.40965
v 418.444 16.3134 -120.812
vt -0.174553 -6.3876
vn -0.446149 -0.446149 0.775824
f 1682/5913/1160 1684/5914/1102 1685/5915/1161

vt -4.24587 -0.584059
vt -4.24451 -0.617725
vt -4.21221 -0.57779
f 1684/5916/1102 210/5917/1100 1685/5918/1161

vt -6.08804 -0.202056
vt -6.08668 -0.16839
vt -6.12034 -0.16212
f 210/5919/1100 1684/5920/1102 206/5921/209

vt -6.02545 -0.156195
vt -5.99176 -0.156195
vt -6.02427 -0.116429
f 207/5922/210 210/5923/1100 206/5924/209

vt -4.40665 -0.465507
vt -4.37295 -0.465507
vt -4.37414 -0.425741
f 210/5925/1100 212/5926/1104 1685/5927/1161

vt 3.21738 0.17247
vt 3.25108 0.17247
vt 3.21113 0.211759
f 212/5928/1104 228/5929/241 1685/5930/1161

vt 3.21738 0.352074
vt 3.21738 0.0399575
vt 3.25108 0.0393701
vt 3.25108 0.352074
f 212/5931/214 211/5932/214 223/5933/235 228/5934/241 

vt 3.21477 0.134878
vt 3.20247 0.201134
vt 3.17483 0.174175
f 228/5935/241 227/5936/240 1685/5937/1161

vt 4.09287 -0.626298
vt 4.0267 -0.613533
vt 4.06572 -0.653748
f 227/5938/240 226/5939/239 1685/5940/1161

vt 4.06084 -0.57624
vt 4.06064 -0.609933
vn -0.113358 -0.699654 0.705432
vt 4.0999 -0.616408
f 226/5941/239 1683/5942/1162 1685/5943/1161

vt 2.72768 -0.586792
vt 4.22374 -0.586792
vt 4.22374 -0.553099
vt 2.72768 -0.553099
f 1681/5944/1159 1683/5945/1159 226/5946/239 225/5947/238 

vt 2.88752 -0.570354
vt 2.88732 -0.536661
vt 2.84826 -0.576829
f 1681/5948/1157 225/5949/238 233/5950/246

vt -0.211952 -6.44528
vt -0.233485 -6.4712
vt -0.182123 -6.47161
f 1683/5951/1162 1682/5952/1160 1685/5953/1161

vt 1.39138 5.74212
vt 1.36985 5.71621
vt 1.42121 5.7158
f 204/5954/206 1680/5955/1156 203/5956/205

vt -5.13757 -0.80982
vt -5.10985 -0.80448
vt -5.13722 -0.776836
vn -0.982454 -0.183252 0.0346728
f 218/5957/234 216/5958/234 214/5959/1163

vt -5.21438 -0.831765
vn -0.979658 -0.19992 0.0173873
vt -5.21439 -0.832946
vt -5.18711 -0.860682
f 215/5960/1164 214/5961/1164 216/5962/1164

vt -6.81344 0.641553
vt -6.78982 0.617519
vt -6.76662 0.641979
vt -6.78641 0.662121
f 219/5963/223 221/5964/230 218/5965/218 217/5966/218 

vt 4.65334 0.352074
vt 4.65334 0.0399575
vt 4.68703 0.0393701
vt 4.68703 0.352074
f 120/5967/110 119/5968/110 102/5969/92 101/5970/91 

vt 4.65334 0.532179
vn 0.705432 -0.113357 0.699654
vt 4.68703 0.532179
vt 4.64709 0.571468
f 120/5971/1165 101/5972/91 110/5973/100

vt 4.72336 0.568042
vt 4.71106 0.634298
vt 4.68342 0.60734
f 101/5974/91 100/5975/90 110/5976/100

vt 7.24005 0.0105946
vn 3.8474e-07 -0.172898 0.98494
vt 7.27374 0.0105946
vt 7.27256 0.0503603
f 116/5977/1166 120/5978/1165 110/5979/100

vt 7.30157 0.0312496
vt 7.30292 -0.00241663
vt 7.33522 0.0375191
f 111/5980/103 116/5981/1166 110/5982/100

vt 5.8098 -0.52993
vt 5.81116 -0.496264
vt 5.7775 -0.489995
f 116/5983/1166 111/5984/103 112/5985/104

vt 5.92253 -0.381955
vt 5.95623 -0.381955
vt 5.92372 -0.342189
f 113/5986/106 116/5987/1166 112/5988/104

vt -1.87174 0.00626389
vt -1.83864 -4.24344e-14
f 79/5989/83 63/5990/57 77/157/65

vt 0.531189 0.130952
vt 0.530611 0.134058
vt 0.530034 0.130959
f 41/5991/199 43/5992/27 42/5993/27

vt -0.452657 0.134633
vt -0.453235 0.131527
vt -0.45208 0.131534
vn 0.982567 -0.0345621 -0.182669
f 43/5994/27 42/5995/27 41/5996/1167

vt 0.0393701 0.0430619
vt 0.0387827 0.0399575
vt 0.0399575 0.0399575
f 43/5997/27 42/5998/27 41/5999/491

