# Alias OBJ Model File
# Exported from SketchUp, (c) 2000-2012 Trimble Navigation Limited
# File units = millimeters

mtllib main obj.mtl

g Mesh1 Group1 Model

usemtl FrontColor
v 41.1619 5 -95.735
vt 4.68627 0.314961
vn 0.707107 0 0.707107
v 41.0666 5 -95.6108
vt 4.6801 0.314961
vn 0.866025 0 0.5
v 41.0666 5.77316e-15 -95.6108
vt 4.6801 0.11811
v 41.1619 5.77316e-15 -95.735
vt 4.68627 0.11811
f 1/1/1 2/2/2 3/3/2 4/4/1 

v 41.5862 5 -98.3108
vt 2.27684 4.27406
vn 0 1 -0
vt 2.25638 4.16776
vt 2.26014 4.17265
f 5/5/3 2/6/3 1/7/3

v 41.0066 5 -95.4661
vt 2.25402 4.16206
f 5/5/3 6/8/3 2/6/3

v 40.8097 5 -98.2086
vt 2.24627 4.27003
f 7/9/3 6/8/3 5/5/3

v 40.9862 5 -95.3108
vt 2.25322 4.15595
f 6/8/3 7/9/3 8/10/3

v 40.8097 5 -92.413
vt 2.24627 4.04186
f 7/9/3 9/11/3 8/10/3

v 40.0862 5 -92.7127
vt 2.21778 4.05366
f 7/9/3 10/12/3 9/11/3

v 40.0862 5 -97.9089
vt 2.21778 4.25823
f 11/13/3 10/12/3 7/9/3

v 39.4649 5 -97.4321
vt 2.19332 4.23946
f 12/14/3 10/12/3 11/13/3

v 38.9881 5 -96.8108
vt 2.17455 4.215
f 13/15/3 10/12/3 12/14/3

v 38.6884 5 -96.0872
vt 2.16275 4.18652
f 10/12/3 13/15/3 14/16/3

v 38.9881 0 -96.8108
vt -4.72632 0.11811
vn -0.866025 0 -0.5
v 38.6884 0 -96.0872
vt -4.69549 0.11811
vn -0.92388 0 -0.382683
vt -4.69549 0.314961
vt -4.72632 0.314961
f 15/17/4 16/18/5 14/19/5 13/20/4 

v 37.8385 0 -95.4142
vt 2.12929 4.16002
f 15/15/3 17/21/3 16/16/3

v 39.4649 0 -97.4321
f 18/14/3 17/21/3 15/15/3

v 37.217 0 -95.6717
vt 2.10482 4.17016
f 18/14/3 19/22/3 17/21/3

v 36.5376 0 -95.7611
vt 2.07808 4.17368
f 18/14/3 20/23/3 19/22/3

v 40.0862 0 -97.9089
f 21/13/3 20/23/3 18/14/3

v 35.8624 0 -95.6722
vt 2.05149 4.17018
f 21/13/3 22/24/3 20/23/3

v 35.2333 0 -95.4116
vt 2.02672 4.15992
f 21/13/3 23/25/3 22/24/3

v 7.75734 0 -104.831
vt 0.944995 4.53075
f 21/13/3 24/26/3 23/25/3

v 40.8097 0 -98.2086
f 25/9/3 24/26/3 21/13/3

v 147.321 0 -117.153
vt 6.43962 5.01586
f 26/27/3 24/26/3 25/9/3

v 7.65487 0 -105.607
vt 0.940961 4.56131
f 26/27/3 27/28/3 24/26/3

v 7.35493 0 -106.331
vt 0.929152 4.5898
f 26/27/3 28/29/3 27/28/3

v 6.87798 0 -106.952
vt 0.910375 4.61425
f 26/27/3 29/30/3 28/29/3

v 6.25651 0 -107.428
vt 0.885907 4.63301
f 26/27/3 30/31/3 29/30/3

v 5.53287 0 -107.728
vt 0.857417 4.6448
f 26/27/3 31/32/3 30/31/3

v 4.75638 0 -107.83
vt 0.826847 4.64882
f 26/27/3 32/33/3 31/32/3

v -2.24553 0 -113.153
vt 0.551181 4.85838
f 26/27/3 33/34/3 32/33/3

v -2.31368 0 -113.67
vt 0.548498 4.87876
f 26/27/3 34/35/3 33/34/3

v -2.51348 0 -114.153
vt 0.540632 4.89775
f 26/27/3 35/36/3 34/35/3

v -2.83132 0 -114.567
vt 0.528119 4.91405
f 26/27/3 36/37/3 35/36/3

v -3.24553 0 -114.885
vt 0.511811 4.92657
f 26/27/3 37/38/3 36/37/3

v -3.72789 0 -115.084
vt 0.49282 4.93443
f 26/27/3 38/39/3 37/38/3

v -4.24553 0 -115.153
vt 0.472441 4.93712
f 26/27/3 39/40/3 38/39/3

v -8.24553 0 -117.153
vt 0.314961 5.01586
f 40/41/3 39/40/3 26/27/3

v -4.76317 0 -115.084
vt 0.452061 4.93443
f 39/40/3 40/41/3 41/42/3

v -5.24553 0 -114.885
vt 0.433071 4.92657
f 41/42/3 40/41/3 42/43/3

v -5.65975 0 -114.567
vt 0.416763 4.91405
f 42/43/3 40/41/3 43/44/3

v -5.97758 0 -114.153
vt 0.40425 4.89775
f 43/44/3 40/41/3 44/45/3

v -6.17738 0 -113.67
vt 0.396384 4.87876
f 44/45/3 40/41/3 45/46/3

v -6.24553 0 -113.153
vt 0.393701 4.85838
f 45/46/3 40/41/3 46/47/3

v -6.17738 0 -112.635
vt 0.396384 4.838
f 40/41/3 47/48/3 46/47/3

v -4.24553 0 -103.236
vt 0.472441 4.46795
f 40/41/3 48/49/3 47/48/3

v -8.24553 0 -103.236
vt 0.314961 4.46795
f 48/49/3 40/41/3 49/50/3

v -8.24553 11.316 -103.236
vt 4.46795 0.56362
vn 0.995632 0.0933618 1.62505e-19
v -8.24553 6.37327 -103.236
vt 4.46795 0.369026
vn 1 0 -0
vt 4.46795 0.11811
vt 5.01586 0.11811
v -8.24553 11.316 -117.153
vt 5.01586 0.56362
f 50/51/6 51/52/7 49/53/7 40/54/7 52/55/6 

v -10.9851 6.21417 -103.236
vt 0.207105 0.362763
vn 4.06529e-15 -1.24288e-15 1
v -9.6084 6.37327 -103.236
vt 0.261304 0.369026
vt 0.314961 0.369026
vt 0.314961 0.56362
vn 2.04156e-15 0.0933618 0.995632
v -11.2455 11.316 -103.236
vt 0.19685 0.56362
v -11.2455 5.37327 -103.236
vt 0.19685 0.329656
f 53/56/8 54/57/8 51/58/8 50/59/9 55/60/9 56/61/8 

v -15.2455 6.37327 -98.8867
vt -2.65572 -3.25046
vn -0.100362 0.993727 -0.0493312
vt -2.93603 -3.25046
vn -0.0570282 0.995632 -0.0739213
vt -2.89311 -3.28415
vn -0.431919 0.707106 -0.559863
v -15.4206 6.21417 -99.8137
vt -2.67256 -3.28415
f 57/62/10 54/63/11 53/64/12 58/65/12 

vt 0.0393701 4.29673
v -12.9416 6.37327 -98.1709
vt 0.130076 4.26855
vn -3.80096e-17 1 2.30457e-16
vt 0.261304 4.46795
f 57/66/10 59/67/13 54/68/11

v -13.2212 6.37327 -97.4242
vt 0.119067 4.23915
f 59/67/13 57/66/10 60/69/13

v -13.3003 6.37327 -96.6077
vt 0.115956 4.20701
f 60/69/13 57/66/10 61/70/13

v -12.2455 6.37327 -90.2356
vt 0.15748 3.95614
f 57/66/10 62/71/13 61/70/13

v -15.2455 6.37327 -90.2356
vt 0.0393701 3.95614
vn -0.0933618 0.995632 1.1584e-16
f 62/71/13 57/66/10 63/72/14

v -16.0864 6.21417 -98.4591
vt -4.2799 0.0735952
vn -0.707106 0.707107 -9.98539e-20
v -16.0864 6.21417 -90.0765
vt -3.94987 0.0735952
vt -3.95614 0.107289
vt -4.29673 0.107289
f 64/73/15 65/74/15 63/75/14 57/76/10 

v -16.2455 5.37327 -98.3782
vt -4.27671 0.323909
vn -0.996669 0.0467444 -0.0668206
v -16.2455 5.37327 -89.2356
vt -3.91677 0.323909
vn -0.996092 0.0624535 -0.0624535
vt -3.94987 0.357603
vt -4.2799 0.357603
f 66/77/16 67/78/17 65/79/15 64/80/15 

v -16.2455 5.37327 -55.0008
vt -2.56894 0.329656
v -16.2455 5.37327 -70.2026
vt -3.16744 0.329656
vn -0.996092 0.0624535 0.0624535
v -16.2455 11.316 -70.2026
vt -3.16744 0.56362
v -16.2455 11.316 -73.2026
vt -3.28555 0.56362
v -16.2455 5.37327 -73.2026
vt -3.28555 0.329656
v -16.2455 5.37327 -86.2356
vt -3.79866 0.329656
v -16.2455 11.316 -86.2356
vt -3.79866 0.56362
v -16.2455 11.316 -89.2356
vt -3.91677 0.56362
vt -3.91677 0.329656
vt -4.27671 0.329656
v -16.2455 -2 -98.3782
vt -4.27671 0.0393701
vn -0.997788 -0.0494503 -0.0444368
v -16.2455 -2 -10.3327
vt -0.810353 0.0393701
vn -0.997789 -0.0494502 0.0443984
v -16.2455 5.37327 -10.3327
vt -0.810353 0.329656
vn -0.997064 0.0623337 0.0444626
v -16.2455 5.37327 -19.5008
vt -1.1713 0.329656
v -16.2455 11.316 -19.5008
vt -1.1713 0.56362
v -16.2455 11.316 -22.5008
vt -1.28941 0.56362
v -16.2455 5.37327 -22.5008
vt -1.28941 0.329656
v -16.2455 5.37327 -34.5008
vt -1.76186 0.329656
v -16.2455 11.316 -34.5008
vt -1.76186 0.56362
v -16.2455 11.316 -37.5008
vt -1.87997 0.56362
v -16.2455 5.37327 -37.5008
vt -1.87997 0.329656
v -16.2455 5.37327 -52.0008
vt -2.45083 0.329656
v -16.2455 11.316 -52.0008
vt -2.45083 0.56362
v -16.2455 11.316 -55.0008
vt -2.56894 0.56362
f 68/81/17 69/82/18 70/83/18 71/84/17 72/85/17 73/86/18 74/87/18 75/88/17 67/89/17 66/90/16 76/91/19 77/92/20 78/93/21 79/94/18 80/95/18 81/96/17 82/97/17 83/98/18 84/99/18 85/100/17 86/101/17 87/102/18 88/103/18 89/104/17 

vt -3.16744 0.323909
vt -2.56894 0.323909
v -16.0864 6.21417 -55.8417
vt -2.60205 0.357603
vn -0.707106 0.707107 -5.31944e-32
v -16.0864 6.21417 -69.3617
vt -3.13433 0.357603
f 69/105/18 68/106/17 90/107/22 91/108/22 

vt -2.52416 0.329656
vt -2.52416 0.56362
v -16.0864 11.316 -55.8417
vt -2.55785 0.56362
vn -0.707106 1.49195e-19 -0.707107
vt -2.55785 0.362763
f 68/109/17 89/110/17 92/111/23 90/112/23 

v -16.0864 12.1569 -55.0008
vt -2.52532 0.500507
vn -0.689859 0.689859 -0.219518
v -15.971 12.0414 -55.7263
vt -2.55423 0.495885
vn -0.57735 0.577351 -0.57735
vt -2.55785 0.466833
vn -0.689859 0.219519 -0.689859
vt -2.52416 0.466833
vn -0.966015 0.182777 -0.182777
f 93/113/24 94/114/25 92/115/26 89/116/27 

vt -1.82095 -1.59626
v -15.2455 12.316 -55.0008
vt -1.84436 -1.57202
vn -0.182777 0.966015 -0.182777
v -15.2455 12.1569 -55.8417
vt -1.86776 -1.59626
vn -0.219518 0.68986 -0.689859
vt -1.84436 -1.61384
f 93/117/24 95/118/28 96/119/29 94/120/25 

vt -2.56894 0.117091
vn -0.707106 0.707107 -2.1861e-30
v -16.0864 12.1569 -52.0008
vt -2.45083 0.117091
v -15.2455 12.316 -52.0008
vt -2.45083 0.150784
vn -0.062453 0.996092 0.062453
vt -2.56894 0.150784
vn -0.062453 0.996092 -0.062453
f 93/121/30 97/122/30 98/123/31 95/124/32 

vt -2.56894 0.553795
vt -2.45083 0.553795
vt -2.45083 0.587488
vt -2.56894 0.587488
f 89/125/17 88/126/18 97/127/30 93/128/30 

v -16.0864 11.316 -51.16
vt -2.37441 0.637405
vn -0.689859 0.219519 0.689859
v -15.971 12.0414 -51.2754
vt -2.37803 0.666456
vn -0.57735 0.577351 0.57735
vt -2.40694 0.671078
vn -0.689859 0.689859 0.219518
vt -2.40811 0.637405
vn -0.966015 0.182777 0.182777
f 99/129/33 100/130/34 97/131/35 88/132/36 

vt -0.44332 0.988542
v -15.2455 11.316 -51.0008
vt -0.409626 0.988542
vn -0.182776 0.182778 0.966015
v -15.2455 12.1569 -51.16
vt -0.410791 1.02222
vn -0.219518 0.68986 0.689859
vt -0.439699 1.01759
f 99/133/33 101/134/37 102/135/38 100/136/34 

vt -0.44332 0.56362
vn -0.707106 -4.21512e-19 0.707107
v -16.0864 6.21417 -51.16
vt -0.44332 0.362763
v -15.2455 6.37327 -51.0008
vt -0.409626 0.369026
vn -0.0933618 -1.91927e-19 0.995632
vt -0.409626 0.56362
vn -0.062453 0.0624535 0.996092
f 99/137/39 103/138/39 104/139/40 101/140/41 

vt -2.40811 0.56362
vt -2.40811 0.329656
vt -2.37441 0.362763
vt -2.37441 0.56362
f 88/141/18 87/142/18 103/143/39 99/144/39 

vt -2.45083 0.323909
vt -1.87997 0.323909
v -16.0864 6.21417 -38.3417
vt -1.91307 0.357603
vn -0.707106 0.707107 3.52493e-19
vt -2.41773 0.357603
f 87/145/18 86/146/17 105/147/42 103/148/42 

vt -1.84719 0.329656
vt -1.84719 0.56362
v -16.0864 11.316 -38.3417
vt -1.88089 0.56362
vn -0.707106 4.13498e-16 -0.707107
vt -1.88089 0.362763
f 86/149/17 85/150/17 106/151/43 105/152/43 

v -16.0864 12.1569 -37.5008
vt -1.84836 0.523918
vn -0.689859 0.689859 -0.219519
v -15.971 12.0414 -38.2263
vt -1.87727 0.519296
vn -0.57735 0.57735 -0.577351
vt -1.88089 0.490245
vn -0.689859 0.219518 -0.689859
vt -1.84719 0.490245
f 107/153/44 108/154/45 106/155/46 85/156/27 

vt -1.33376 -1.12564
v -15.2455 12.316 -37.5008
vt -1.35717 -1.10141
vn -0.182776 0.966015 -0.182778
v -15.2455 12.1569 -38.3417
vt -1.38058 -1.12564
vn -0.219518 0.689859 -0.68986
vt -1.35717 -1.14322
f 107/157/44 109/158/47 110/159/48 108/160/45 

vt -1.87997 0.117091
vn -0.707106 0.707107 2.1861e-30
v -16.0864 12.1569 -34.5008
vt -1.76186 0.117091
v -15.2455 12.316 -34.5008
vt -1.76186 0.150784
vn -0.062453 0.996092 0.0624533
vt -1.87997 0.150784
vn -0.062453 0.996092 -0.0624533
f 107/161/49 111/162/49 112/163/50 109/164/51 

vt -1.87997 0.553795
vt -1.76186 0.553795
vt -1.76186 0.587488
vt -1.87997 0.587488
f 85/165/17 84/166/18 111/167/49 107/168/49 

v -16.0864 11.316 -33.66
vt -1.69745 0.613993
vn -0.689859 0.219518 0.689859
v -15.971 12.0414 -33.7754
vt -1.70107 0.643045
vn -0.57735 0.57735 0.577351
vt -1.72998 0.647667
vn -0.689859 0.689859 0.219519
vt -1.73114 0.613993
f 113/169/52 114/170/53 111/171/54 84/172/36 

vt -0.315235 0.864806
v -15.2455 11.316 -33.5008
vt -0.281541 0.864806
vn -0.182777 0.182777 0.966015
v -15.2455 12.1569 -33.66
vt -0.282706 0.898479
vn -0.219518 0.689859 0.68986
vt -0.311615 0.893857
f 113/173/52 115/174/55 116/175/56 114/176/53 

vt -0.315233 0.56362
vn -0.707106 -5.29666e-19 0.707107
v -16.0864 6.21417 -33.66
vt -0.315233 0.362763
v -15.2455 6.37327 -33.5008
vt -0.28154 0.369026
vn -0.0933618 -8.86784e-17 0.995632
vt -0.28154 0.56362
vn -0.0624529 0.0624533 0.996092
f 113/177/57 117/178/57 118/179/58 115/180/59 

vt -1.73114 0.56362
vt -1.73114 0.329656
vt -1.69745 0.362763
vt -1.69745 0.56362
f 84/181/18 83/182/18 117/183/57 113/184/57 

vt -1.76186 0.323909
vt -1.28941 0.323909
v -16.0864 6.21417 -23.3417
vt -1.32252 0.357603
vn -0.707106 0.707107 -6.15167e-19
vt -1.72875 0.357603
f 83/185/18 82/186/17 119/187/60 117/188/60 

vt -1.26694 0.329656
vt -1.26694 0.56362
v -16.0864 11.316 -23.3417
vt -1.30063 0.56362
vn -0.707106 -2.09078e-18 -0.707107
vt -1.30063 0.362763
f 82/189/17 81/190/17 120/191/61 119/192/61 

v -16.0864 12.1569 -22.5008
vt -1.2681 0.543985
v -15.971 12.0414 -23.2263
vt -1.29701 0.539363
vt -1.30063 0.510312
vt -1.26694 0.510312
f 121/193/24 122/194/25 120/195/26 81/196/27 

vt -0.916183 -0.722244
v -15.2455 12.316 -22.5008
vt -0.939592 -0.698011
v -15.2455 12.1569 -23.3417
vt -0.963002 -0.722244
vt -0.939592 -0.739824
f 121/197/24 123/198/28 124/199/29 122/200/25 

vt -1.28941 0.117091
vn -0.707106 0.707107 1.17194e-30
v -16.0864 12.1569 -19.5008
vt -1.1713 0.117091
v -15.2455 12.316 -19.5008
vt -1.1713 0.150784
vt -1.28941 0.150784
f 121/201/62 125/202/62 126/203/31 123/204/32 

vt -1.28941 0.553795
vt -1.1713 0.553795
vt -1.1713 0.587488
vt -1.28941 0.587488
f 81/205/17 80/206/18 125/207/62 121/208/62 

v -16.0864 11.316 -18.66
vt -1.11719 0.593927
v -15.971 12.0414 -18.7754
vt -1.12081 0.622978
vt -1.14972 0.6276
vt -1.15088 0.593927
f 127/209/33 128/210/34 125/211/35 80/212/36 

vt -0.205445 0.758749
v -15.2455 11.316 -18.5008
vt -0.171752 0.758749
v -15.2455 12.1569 -18.66
vt -0.172916 0.792423
vt -0.201825 0.787801
f 127/213/33 129/214/37 130/215/38 128/216/34 

vt -0.205445 0.56362
vn -0.707106 -5.70707e-19 0.707107
v -16.0864 6.21417 -18.66
vt -0.205445 0.362763
v -15.2455 6.37327 -18.5008
vt -0.171752 0.369026
vn -0.0933618 -8.0134e-17 0.995632
vt -0.171752 0.56362
f 127/217/63 131/218/63 132/219/64 129/220/41 

vt -1.15088 0.56362
vt -1.15088 0.329656
vt -1.11719 0.362763
vt -1.11719 0.56362
f 80/221/18 79/222/18 131/223/63 127/224/63 

vt -1.1713 0.323909
vt -0.810353 0.323909
v -16.0864 6.21417 -10.2514
vt -0.807153 0.357603
vn -0.707106 0.707107 -5.59022e-19
vt -1.1382 0.357603
f 79/225/18 78/226/21 133/227/65 131/228/65 

vt -0.801635 0.373682
vn -0.730592 0.664783 0.155881
vt -0.805501 0.340059
vn -0.979761 0.160657 0.119405
v -16.0181 6.09997 -9.44394
vt -0.769741 0.369116
vn -0.774497 0.506676 0.378727
f 133/229/66 78/230/67 134/231/68

vt -0.803197 0.341841
v -16.12 5.37327 -9.39411
vt -0.765915 0.341841
vn -0.887598 0.154224 0.434033
vt -0.767327 0.370764
f 78/232/67 135/233/69 134/234/68

v -16.12 -2.8409 -9.39411
vt -0.765915 0.00626388
vn -0.898346 -4.3292e-09 0.439289
vt -0.765915 0.329656
vt -0.803197 0.329656
vt -0.803197 0.0393701
f 136/235/70 135/236/70 78/237/21 77/238/20 

v -15.4563 -3 -8.71865
vt -0.510913 3.4674e-08
vn -0.665141 3.18477e-08 0.746718
v -15.4563 5.37327 -8.71865
vt -0.510913 0.329656
vn -0.64734 0.0623331 0.759648
vt -0.548195 0.329656
vt -0.548195 0.00626392
f 137/239/71 138/240/72 135/241/70 136/242/70 

vt -0.434052 0.329656
vt -0.434052 6.6648e-16
v -11.2455 -3 -5.4427
vt -0.224013 6.6648e-16
vn -0.61405 -2.22367e-17 0.789267
v -11.2455 5.37327 -5.4427
vt -0.224013 0.329656
vn -0.611368 0.0933618 0.78582
f 138/243/72 137/244/71 139/245/73 140/246/74 

vt -0.0310735 0.746808
vn -6.48714e-19 -1 -1.24255e-18
v -11.2455 -3 -103.236
vt -0.19685 4.46795
vt -0.19685 0.617834
f 137/247/75 141/248/75 139/249/75

v -15.4563 -3 -99.9871
vt -0.0310735 4.34006
f 141/248/75 137/247/75 142/250/75

vt -0.773401 -0.00334749
vn -0.737202 -0.675672 1.51419e-20
v -16.12 -2.8409 -99.316
vt -4.31363 -0.00334749
vt -4.34006 -0.0302174
vn -0.233119 -0.972448 3.81997e-21
vt -0.746808 -0.0302174
f 136/251/76 143/252/76 142/253/77 137/254/77 

vt -0.810353 0.0389383
vt -4.27671 0.0389383
vt -4.31363 0.00546498
vt -0.773401 0.00546498
f 77/255/20 76/256/19 143/257/76 136/258/76 

vt -4.27613 0.00626389
vn -0.940955 1.78707e-05 -0.338532
vt -4.23888 0.0393701
vt -4.23888 0.329656
f 143/259/78 76/260/19 66/261/16

vt -4.23867 0.329632
v -16.1196 5.37327 -99.3163
vt -4.27593 0.329632
vn -0.842997 3.53939e-05 -0.537918
vt -4.27591 0.00623941
f 66/262/16 144/263/79 143/264/78

vt -4.27593 0.242498
vn -0.886646 0.154685 -0.435812
vt -4.23867 0.242498
vn -0.979658 0.160818 -0.120034
v -16.0174 6.09997 -99.2661
vt -4.27451 0.271422
vn -0.773576 0.506954 -0.380234
f 144/265/80 66/266/81 145/267/82

vt -4.25073 0.242328
vt -4.25458 0.275951
vn -0.730433 0.664809 -0.156513
vt -4.28646 0.271385
f 66/268/81 64/269/83 145/270/82

vt -3.6671 -1.99223
vt -3.69862 -1.97162
vn -0.27177 0.953046 -0.133584
vt -3.6957 -2.00703
f 64/271/83 57/272/84 145/273/82

vt -4.01943 -1.33514
vt -4.05095 -1.35575
vn -0.570089 0.664808 -0.482731
vt -4.02235 -1.37055
f 57/274/84 58/275/85 145/276/82

vt -3.03178 -0.183831
v -15.4538 5.37327 -99.9891
vt -3.03564 -0.217454
vn -0.693439 0.160818 -0.702339
vt -2.99991 -0.188397
f 58/277/85 146/278/86 145/279/82

vt -2.67256 -0.277705
vt -2.89311 -0.277705
vt -2.88499 -0.311398
vn -0.608157 0.0933618 -0.788307
vt -2.67574 -0.311398
f 58/280/12 53/281/12 56/282/87 146/283/87 

vt -2.88499 0.329656
vt -2.88499 -2.63725e-15
vn -0.610825 9.66658e-16 -0.791765
vt -2.67562 -2.62337e-15
vt -2.67574 0.329656
f 56/284/87 141/285/88 142/286/88 146/287/87 

v -11.2455 11.316 -119.153
vt -5.0946 0.56362
vn -0.996092 0.062453 -0.0624535
v -11.2455 -3 -119.153
vt -5.0946 7.37707e-16
vn -0.995632 5.70895e-18 -0.0933626
vt -4.46795 6.68318e-16
vn -1 1.10946e-17 5.87737e-17
vt -4.46795 0.329656
vt -4.46795 0.56362
vn -0.995632 0.0933618 2.95495e-17
f 147/288/89 148/289/90 141/290/91 56/291/91 55/292/92 

vt -5.04238 7.35317e-16
vt -5.04238 0.56362
v -11.0864 11.316 -119.993
vt -5.07607 0.56362
vn -0.707106 4.59978e-24 -0.707107
v -11.0864 -3 -119.993
vt -5.07607 6.79806e-16
f 148/293/90 147/294/89 149/295/93 150/296/93 

vt -5.07607 0.416365
vn -0.689859 0.219518 -0.68986
vt -5.04238 0.416365
vn -0.966015 0.182776 -0.182778
v -11.0864 12.1569 -119.153
vt -5.04354 0.450038
v -10.971 12.0414 -119.878
vt -5.07245 0.445416
f 149/297/94 147/298/95 151/299/44 152/300/45 

v -11.0864 12.1569 -103.395
vt -4.47421 0.624084
vn -0.707107 0.707106 1.59236e-20
vt -5.0946 0.624084
vt -5.0946 0.590391
vt -4.46795 0.590391
f 153/301/96 151/302/96 147/303/89 55/304/92 

v -10.2455 12.316 -104.236
vt -4.50732 0.344204
vn -0.0624535 0.996092 0.0624535
v -10.2455 12.316 -119.153
vt -5.0946 0.344204
vn -0.0624535 0.996092 -0.0624535
vt -5.0946 0.310511
vt -4.47421 0.310511
f 154/305/97 155/306/98 151/307/96 153/308/96 

v -10.2455 12.316 9.25027
vt 0.23622 0.0393701
v 149.321 12.316 9.25027
vt 6.51836 0.0393701
vn 0.0624535 0.996092 0.0624535
v 149.321 12.316 -119.153
vt 6.51836 5.0946
vn 0.0624535 0.996092 -0.0624535
vt 0.23622 5.0946
vt 0.23622 4.50732
v -9.24553 12.316 -104.236
vt 0.275591 4.50732
v -9.24553 12.316 -118.153
vt 0.275591 5.05523
v 148.321 12.316 -118.153
vt 6.47899 5.05523
v 148.321 12.316 8.25027
vt 6.47899 0.0787402
v -9.24553 12.316 8.25027
vt 0.275591 0.0787402
v -9.24553 12.316 -4.4427
vt 0.275591 0.578464
v -10.2455 12.316 -4.4427
vt 0.23622 0.578464
f 156/309/97 157/310/99 158/311/100 155/312/98 154/313/97 159/314/99 160/315/99 161/316/97 162/317/98 163/318/100 164/319/100 165/320/98 

vt 6.51836 0.150785
vt 0.23622 0.150785
v -10.2455 12.1569 10.0912
vt 0.23622 0.117092
vn 1.71591e-17 0.707106 0.707107
v 149.321 12.1569 10.0912
vt 6.51836 0.117092
f 157/321/99 156/322/97 166/323/101 167/324/101 

v -11.0864 12.1569 9.25027
vt 0.115785 0.319881
v -10.971 12.0414 9.97574
vt 0.139194 0.3023
vt 0.162604 0.319881
vn -0.219518 0.689859 0.689859
vt 0.139194 0.344114
vn -0.182777 0.966015 0.182777
f 168/325/54 169/326/53 166/327/102 156/328/103 

vt -0.000922827 0.624489
v -11.2455 11.316 9.25027
vt -0.00208734 0.590816
vn -0.966015 0.182776 0.182778
v -11.0864 11.316 10.0912
vt 0.0316062 0.590816
vn -0.689859 0.219518 0.68986
vt 0.0279859 0.619867
f 168/329/54 170/330/104 171/331/105 169/332/53 

vt -0.0393701 0.624084
vn -0.707107 0.707106 5.67095e-17
v -11.0864 12.1569 -5.2836
vt -0.61157 0.624084
v -11.2455 11.316 -5.4427
vt -0.617834 0.590391
vn -0.995632 0.0933618 4.98609e-17
vt -0.0393701 0.590391
vn -0.996092 0.062453 0.0624535
f 168/333/106 172/334/106 173/335/107 170/336/108 

vt -0.0393701 0.344204
vt -0.578464 0.344204
vt -0.61157 0.310511
vt -0.0393701 0.310511
f 156/337/97 165/338/98 172/339/106 168/340/106 

vt -0.23622 -0.456277
vt -0.275591 -0.456277
v -8.40464 12.1569 -5.2836
vt -0.308697 -0.489971
vn 6.85472e-17 0.707106 -0.707107
vt -0.203114 -0.489971
f 165/341/98 164/342/100 174/343/109 172/344/109 

vt 0.578464 -0.158684
vt 0.0787402 -0.158684
v -8.40464 12.1569 7.40937
vt 0.111846 -0.192378
vn 0.707107 0.707106 -4.1649e-17
vt 0.61157 -0.192378
f 164/345/100 163/346/100 175/347/110 174/348/110 

vt -0.275591 0.0347343
vt -6.47899 0.0347343
v 147.48 12.1569 7.40937
vt -6.44588 0.00104069
vn 1.43752e-17 0.707106 -0.707107
vt -0.308697 0.00104069
f 163/349/100 162/350/98 176/351/111 175/352/111 

vt -0.0787402 6.47814
vt -5.05523 6.47814
v 147.48 12.1569 -117.312
vt -5.02212 6.44444
vn -0.707107 0.707106 -1.76153e-20
vt -0.111846 6.44444
f 162/353/98 161/354/97 177/355/112 176/356/112 

vt 6.47899 5.0792
vt 0.275591 5.0792
v -8.40464 12.1569 -117.312
vt 0.308697 5.04551
vn 5.94561e-22 0.707106 0.707107
vt 6.44588 5.04551
f 161/357/97 160/358/99 178/359/113 177/360/113 

vt 5.05523 -0.158684
vt 4.50732 -0.158684
v -8.40464 12.1569 -103.395
vt 4.47421 -0.192378
vn 0.707107 0.707106 -2.86199e-19
vt 5.02212 -0.192378
f 160/361/99 159/362/99 179/363/114 178/364/114 

vt 0.275591 4.54084
vt 0.23622 4.54084
vt 0.203114 4.50715
vn -8.14586e-19 0.707106 0.707107
vt 0.308697 4.50715
f 159/365/99 154/366/97 153/367/115 179/368/115 

vt 0.308697 1.41812
vt 0.203114 1.41812
vt 0.19685 1.38442
vt 0.314961 1.38442
f 179/369/115 153/370/115 55/371/9 50/372/9 

vt 5.02212 0.528935
vt 4.47421 0.528935
vt 4.46795 0.495241
vt 5.01586 0.495241
f 178/373/114 179/374/114 50/375/6 52/376/6 

vt 6.44588 1.51998
vt 0.308697 1.51998
vt 0.314961 1.48628
vn 4.93403e-22 0.0933618 0.995632
v 147.321 11.316 -117.153
vt 6.43962 1.48628
f 177/377/113 178/378/113 52/379/116 180/380/116 

vt 6.43962 0.11811
vn 0 -1.99362e-15 1
vt 6.43962 0.56362
vt 0.314961 0.11811
f 26/381/117 180/382/116 52/59/116 40/383/117 

v 147.321 0 7.25027
vt -0.11811 0.11811
vn -1 0 -0
v 147.321 11.316 7.25027
vt -0.11811 0.56362
vn -0.995632 0.0933618 -2.13776e-20
vt -5.01586 0.56362
vt -5.01586 0.11811
f 181/384/118 182/385/119 180/386/119 26/387/118 

v -8.24553 0 7.25027
vt -0.314961 0.11811
vn 1.35953e-17 -6.23007e-17 -1
v -8.24553 11.316 7.25027
vt -0.314961 0.56362
vn 1.66774e-17 0.0933618 -0.995632
vt -6.43962 0.56362
vt -6.43962 0.11811
f 183/388/120 184/389/121 182/390/121 181/391/120 

v -8.24553 0 -5.4427
vt 0.617834 0.11811
vn 1 -1.19033e-16 -2.61431e-16
v -8.24553 6.37327 -5.4427
vt 0.617834 0.369026
v -8.24553 11.316 -5.4427
vt 0.617834 0.56362
vn 0.995632 0.0933618 -1.66032e-16
vt 0.11811 0.56362
vt 0.11811 0.11811
f 185/392/122 186/393/122 187/394/123 184/395/123 183/396/122 

vn -7.04992e-16 0 1
v -4.24553 0 -5.4427
vt 0.472441 0.11811
v -4.24553 6.37327 -5.4427
vt 0.472441 0.369026
f 185/383/124 188/397/124 189/398/124 186/58/124 

vt 0.472441 0.617834
vt 0.314961 0.617834
f 183/383/3 188/399/3 185/400/3

v -6.17738 0 2.73263
vt 0.396384 0.29597
f 188/399/3 183/383/3 190/401/3

v -6.24553 0 3.25027
vt 0.393701 0.275591
f 190/401/3 183/383/3 191/402/3

v -6.17738 0 3.76791
vt 0.396384 0.255211
f 183/383/3 192/403/3 191/402/3

v -5.97758 0 4.25027
vt 0.40425 0.23622
f 192/403/3 183/383/3 193/404/3

v -5.65975 0 4.66449
vt 0.416763 0.219913
f 193/404/3 183/383/3 194/405/3

v -5.24553 0 4.98232
vt 0.433071 0.2074
f 194/405/3 183/383/3 195/406/3

v -4.76317 0 5.18212
vt 0.452061 0.199533
f 195/406/3 183/383/3 196/407/3

v -4.24553 0 5.25027
vt 0.472441 0.19685
f 196/407/3 183/383/3 197/408/3

f 197/408/3 183/383/3 181/381/3

v -3.72789 0 5.18212
vt 0.49282 0.199533
f 197/408/3 181/381/3 198/409/3

v -3.24553 0 4.98232
vt 0.511811 0.2074
f 198/409/3 181/381/3 199/410/3

v -2.83132 0 4.66449
vt 0.528119 0.219913
f 199/410/3 181/381/3 200/411/3

v -2.51348 0 4.25027
vt 0.540632 0.23622
f 200/411/3 181/381/3 201/412/3

v -2.31368 0 3.76791
vt 0.548498 0.255211
f 201/412/3 181/381/3 202/413/3

v -2.24553 0 3.25027
vt 0.551181 0.275591
f 202/413/3 181/381/3 203/414/3

v 129.376 0 6.28481
vt 5.73315 0.15612
f 203/414/3 181/381/3 204/415/3

v 131.079 0 6.20431
vt 5.80016 0.15929
f 204/415/3 181/381/3 205/416/3

v 132.702 0 5.686
vt 5.86407 0.179696
f 205/416/3 181/381/3 206/417/3

v 134.136 0 4.7652
vt 5.92052 0.215948
f 206/417/3 181/381/3 207/418/3

v 135.282 0 3.50466
vt 5.96567 0.265575
f 207/418/3 181/381/3 208/419/3

v 142.321 0 4.98232
vt 6.24276 0.2074
f 208/419/3 181/381/3 209/420/3

v 142.803 0 5.18212
vt 6.26176 0.199533
f 209/420/3 181/381/3 210/421/3

v 143.321 0 5.25027
vt 6.28213 0.19685
f 210/421/3 181/381/3 211/422/3

v 143.838 0 5.18212
vt 6.30251 0.199533
f 211/422/3 181/381/3 212/423/3

v 144.321 0 4.98232
vt 6.3215 0.2074
f 212/423/3 181/381/3 213/424/3

v 144.735 0 4.66449
vt 6.33781 0.219913
f 213/424/3 181/381/3 214/425/3

v 145.053 0 4.25027
vt 6.35033 0.23622
f 214/425/3 181/381/3 215/426/3

v 145.253 0 3.76791
vt 6.35819 0.255211
f 215/426/3 181/381/3 216/427/3

v 145.321 0 3.25027
vt 6.36088 0.275591
f 216/427/3 181/381/3 217/428/3

v 145.321 0 -113.153
vt 6.36088 4.85838
f 217/428/3 181/381/3 218/429/3

f 26/27/3 218/429/3 181/381/3

v 145.253 0 -113.67
vt 6.35819 4.87876
f 26/27/3 219/430/3 218/429/3

v 145.053 0 -114.153
vt 6.35033 4.89775
f 26/27/3 220/431/3 219/430/3

v 144.735 0 -114.567
vt 6.33781 4.91405
f 26/27/3 221/432/3 220/431/3

v 144.321 0 -114.885
vt 6.3215 4.92657
f 26/27/3 222/433/3 221/432/3

v 143.838 0 -115.084
vt 6.30251 4.93443
f 26/27/3 223/434/3 222/433/3

v 143.321 0 -115.153
vt 6.28213 4.93712
f 26/27/3 224/435/3 223/434/3

v 142.803 0 -115.084
vt 6.26176 4.93443
f 26/27/3 225/436/3 224/435/3

v 142.321 0 -114.885
vt 6.24276 4.92657
f 26/27/3 226/437/3 225/436/3

v 72.1462 0 -93.1525
vt 3.47999 4.07098
f 26/27/3 227/438/3 226/437/3

v 72.0552 0 -93.8435
vt 3.47641 4.09818
f 26/27/3 228/439/3 227/438/3

v 71.8062 0 -94.4445
vt 3.4666 4.12184
f 26/27/3 229/440/3 228/439/3

v 71.3822 0 -94.9971
vt 3.44991 4.1436
f 26/27/3 230/441/3 229/440/3

v 70.8419 0 -95.4116
vt 3.42864 4.15992
f 26/27/3 231/442/3 230/441/3

v 70.2127 0 -95.6722
vt 3.40387 4.17018
f 26/27/3 232/443/3 231/442/3

v 69.5376 0 -95.7611
vt 3.37729 4.17368
f 26/27/3 233/444/3 232/443/3

v 68.8624 0 -95.6722
vt 3.35071 4.17018
f 26/27/3 234/445/3 233/444/3

v 54.6336 0 -94.1711
vt 2.79052 4.11108
f 26/27/3 235/446/3 234/445/3

v 54.5313 0 -94.9476
vt 2.78649 4.14165
f 26/27/3 236/447/3 235/446/3

v 54.2316 0 -95.6711
vt 2.77469 4.17013
f 26/27/3 237/448/3 236/447/3

v 53.7549 0 -96.2924
vt 2.75592 4.1946
f 26/27/3 238/449/3 237/448/3

v 53.1336 0 -96.7692
vt 2.73146 4.21337
f 26/27/3 239/450/3 238/449/3

v 52.41 0 -97.0689
vt 2.70297 4.22516
f 26/27/3 240/451/3 239/450/3

v 51.6336 0 -97.1711
vt 2.67241 4.22919
f 26/27/3 241/452/3 240/451/3

v 50.8571 0 -97.0689
vt 2.64184 4.22516
f 26/27/3 242/453/3 241/452/3

v 44.484 0 -96.0872
vt 2.39093 4.18652
f 26/27/3 243/454/3 242/453/3

v 44.1843 0 -96.8108
vt 2.37913 4.215
f 26/27/3 244/455/3 243/454/3

v 43.7075 0 -97.4321
vt 2.36036 4.23946
f 26/27/3 245/456/3 244/455/3

v 43.0862 0 -97.9089
vt 2.33589 4.25823
f 26/27/3 246/457/3 245/456/3

v 42.3626 0 -98.2086
vt 2.30741 4.27003
f 26/27/3 247/458/3 246/457/3

v 41.5862 0 -98.3108
f 26/27/3 248/5/3 247/458/3

f 26/27/3 25/9/3 248/5/3

vt -2.81524 0.11811
vn 0 0 -1
vt -2.7844 0.11811
vn -0.258819 0 -0.965926
vt -2.7844 0.314961
vt -2.81524 0.314961
f 248/459/125 25/460/126 7/461/126 5/462/125 

vt -3.70935 0.11811
vt -3.67852 0.11811
vn -0.5 0 -0.866025
vt -3.67852 0.314961
vt -3.70935 0.314961
f 25/463/126 21/464/127 11/465/127 7/466/126 

vt -4.35173 0.11811
vt -4.3209 0.11811
vn -0.707107 0 -0.707107
vt -4.3209 0.314961
vt -4.35173 0.314961
f 21/467/127 18/468/128 12/469/128 11/470/127 

vt -4.6986 0.11811
vt -4.66777 0.11811
vt -4.66777 0.314961
vt -4.6986 0.314961
f 18/471/128 15/472/4 13/473/4 12/474/128 

vt -1.73032 0.11811
vn 0.258819 0 -0.965926
vt -1.69948 0.11811
vt -1.69948 0.314961
v 42.3626 5 -98.2086
vt -1.73032 0.314961
f 247/475/129 248/476/125 5/477/125 249/478/129 

v 41.7415 5 -95.8903
vt 2.28295 4.17876
f 5/5/3 250/479/3 249/458/3

v 41.5862 5 -95.9108
vt 2.27684 4.17957
f 5/5/3 251/480/3 250/479/3

v 41.4309 5 -95.8903
vt 2.27073 4.17876
f 5/5/3 252/481/3 251/480/3

v 41.2862 5 -95.8304
vt 2.26503 4.1764
f 5/5/3 253/482/3 252/481/3

f 5/5/3 1/7/3 253/482/3

vt 4.3394 0.314961
vn 0.5 0 0.866025
vt 4.33323 0.314961
vt 4.33323 0.11811
v 41.2862 5.77316e-15 -95.8304
vt 4.3394 0.11811
f 253/483/130 1/484/1 4/485/1 254/486/130 

v 41.8862 5.77316e-15 -94.7912
vt 2.28865 4.13549
v 42.0105 5.77316e-15 -94.8865
vt 2.29354 4.13924
v 42.1058 5.77316e-15 -95.0108
vt 2.2973 4.14414
v 42.1657 5.77316e-15 -95.1555
vt 2.29966 4.14983
v 42.1862 5.77316e-15 -95.3108
vt 2.30046 4.15595
v 42.1657 5.77316e-15 -95.4661
vt 2.29966 4.16206
v 42.1058 5.77316e-15 -95.6108
vt 2.2973 4.16776
v 42.0105 5.77316e-15 -95.735
vt 2.29354 4.17265
v 41.8862 5.77316e-15 -95.8304
vt 2.28865 4.1764
v 41.7415 5.77316e-15 -95.8903
v 41.5862 5.77316e-15 -95.9108
v 41.4309 5.77316e-15 -95.8903
v 41.0066 5.77316e-15 -95.4661
v 40.9862 5.77316e-15 -95.3108
v 41.0066 5.77316e-15 -95.1555
vt 2.25402 4.14983
v 41.0666 5.77316e-15 -95.0108
vt 2.25638 4.14414
v 41.1619 5.77316e-15 -94.8865
vt 2.26014 4.13924
v 41.2862 5.77316e-15 -94.7912
vt 2.26503 4.13549
v 41.4309 5.77316e-15 -94.7312
vt 2.27073 4.13313
v 41.5862 5.77316e-15 -94.7108
vt 2.27684 4.13232
v 41.7415 5.77316e-15 -94.7312
vt 2.28295 4.13313
f 255/487/3 256/488/3 257/489/3 258/490/3 259/491/3 260/492/3 261/493/3 262/494/3 263/495/3 264/479/3 265/480/3 266/481/3 254/482/3 4/7/3 3/6/3 267/8/3 268/10/3 269/496/3 270/497/3 271/498/3 272/499/3 273/500/3 274/501/3 275/502/3 

v 41.8862 5 -94.7912
vt -4.33323 0.314961
v 42.0105 5 -94.8865
vt -4.3394 0.314961
vt -4.3394 0.11811
vt -4.33323 0.11811
f 276/503/127 277/504/128 256/505/128 255/506/127 

v 42.3626 5 -92.413
vt 2.30741 4.04186
f 276/487/3 278/507/3 277/488/3

v 41.7415 5 -94.7312
f 279/502/3 278/507/3 276/487/3

v 41.5862 5 -94.7108
f 280/501/3 278/507/3 279/502/3

v 41.5862 5 -92.3108
vt 2.27684 4.03784
f 280/501/3 281/508/3 278/507/3

v 41.4309 5 -94.7312
f 282/500/3 281/508/3 280/501/3

v 41.2862 5 -94.7912
f 283/499/3 281/508/3 282/500/3

v 41.1619 5 -94.8865
f 284/498/3 281/508/3 283/499/3

v 41.0666 5 -95.0108
f 285/497/3 281/508/3 284/498/3

v 41.0066 5 -95.1555
f 286/496/3 281/508/3 285/497/3

f 286/496/3 9/11/3 281/508/3

f 8/10/3 9/11/3 286/496/3

vt 3.82629 0.314961
vt 3.82012 0.314961
vn 0.965926 0 -0.258819
vt 3.82012 0.11811
vt 3.82629 0.11811
f 8/509/7 286/510/131 269/511/131 268/512/7 

vt 2.97137 0.314961
vt 2.9652 0.314961
vn 0.866025 0 -0.5
vt 2.9652 0.11811
vt 2.97137 0.11811
f 286/513/131 285/514/132 270/515/132 269/516/131 

vt 1.91417 0.314961
vt 1.908 0.314961
vn 0.707107 0 -0.707107
vt 1.908 0.11811
vt 1.91417 0.11811
f 285/517/132 284/518/133 271/519/133 270/520/132 

vt 0.726725 0.314961
vt 0.720559 0.314961
vn 0.5 0 -0.866025
vt 0.720559 0.11811
vt 0.726725 0.11811
f 284/521/133 283/522/134 272/523/134 271/524/133 

vt -0.51003 0.314961
vt -0.516197 0.314961
vt -0.516197 0.11811
vt -0.51003 0.11811
f 283/525/134 282/526/129 273/527/129 272/528/134 

vt -1.71182 0.314961
vt -1.71798 0.314961
vt -1.71798 0.11811
vt -1.71182 0.11811
f 282/529/129 280/530/125 274/531/125 273/532/129 

vt -2.79674 0.314961
vt -2.8029 0.314961
vt -2.8029 0.11811
vt -2.79674 0.11811
f 280/533/125 279/534/126 275/535/126 274/536/125 

vt -3.69085 0.314961
vt -3.69702 0.314961
vt -3.69702 0.11811
vt -3.69085 0.11811
f 279/537/126 276/538/127 255/539/127 275/540/126 

vt 4.42066 0.314961
vn 0.965926 0 0.258819
vt 4.4145 0.314961
vt 4.4145 0.11811
vt 4.42066 0.11811
f 6/541/135 8/542/7 268/543/7 267/544/135 

vt 4.71399 0.314961
vt 4.70782 0.314961
vt 4.70782 0.11811
vt 4.71399 0.11811
f 2/545/2 6/546/135 267/547/135 3/548/2 

v 40.8097 0 -92.413
vt 1.69948 0.11811
vn -0.258819 0 0.965926
v 41.5862 0 -92.3108
vt 1.73032 0.11811
vn 0 0 1
vt 1.73032 0.314961
vt 1.69948 0.314961
f 287/549/136 288/550/137 281/551/137 9/552/136 

v 41.1053 0 -16.5634
vt 2.25791 1.05566
f 287/11/3 289/553/3 288/508/3

v 40.3288 0 -16.4612
vt 2.22734 1.05163
f 287/11/3 290/554/3 289/553/3

v 40.0862 0 -92.7127
f 291/12/3 290/554/3 287/11/3

v 39.6053 0 -16.1615
vt 2.19885 1.03983
f 291/12/3 292/555/3 290/554/3

v 39.1518 0 -73.9089
vt 2.181 3.31335
f 291/12/3 293/556/3 292/555/3

v 39.1462 0 -93.1525
vt 2.18078 4.07098
f 291/12/3 294/557/3 293/556/3

v 39.0573 0 -93.8277
vt 2.17728 4.09756
f 291/12/3 295/558/3 294/557/3

v 38.7967 0 -94.4568
vt 2.16702 4.12233
f 291/12/3 296/559/3 295/558/3

f 16/16/3 296/559/3 291/12/3

v 38.3822 0 -94.9971
vt 2.1507 4.1436
f 296/559/3 16/16/3 297/560/3

f 16/16/3 17/21/3 297/560/3

vt -0.816199 3.3338
vn -0.430459 0.707107 0.560986
vt -0.843178 3.3338
v 37.3376 -1 -94.5381
vt -0.837827 3.27812
v 37.669 -1 -94.2839
vt -0.821383 3.27812
f 297/561/138 17/562/138 298/563/138 299/564/138 

vt 0.37524 3.37913
vn -0.270449 0.707497 0.652921
vt 0.348753 3.37913
v 36.9517 -1 -94.698
vt 0.353774 3.32343
vt 0.370219 3.32343
f 17/565/139 19/566/139 300/567/139 298/568/139 

vt 1.5425 3.2013
vn -0.092296 0.707107 0.701057
vt 1.51552 3.2013
v 36.5376 -1 -94.7525
vt 1.52071 3.14562
vt 1.53715 3.14562
f 19/569/140 20/570/140 301/571/140 300/572/140 

vt 2.60507 2.81771
vn 0.092296 0.707107 0.701057
vt 2.57826 2.81771
v 36.1235 -1 -94.698
vt 2.58344 2.76203
vt 2.59989 2.76203
f 20/573/141 22/574/141 302/575/141 301/576/141 

vt 3.49119 2.25269
vn 0.270598 0.707107 0.653281
vt 3.46438 2.25269
v 35.7376 -1 -94.5381
vt 3.46956 2.19701
vt 3.48601 2.19701
f 22/577/142 23/578/142 303/579/142 302/580/142 

vt 4.14031 1.54475
vn 0.430459 0.707107 0.560986
v 34.693 0 -94.9971
vt 4.1135 1.54475
v 35.4062 -1 -94.2839
vt 4.11868 1.48907
vt 4.13512 1.48907
f 23/581/143 304/582/143 305/583/143 303/584/143 

vt 2.00545 4.1436
f 23/25/3 24/26/3 304/585/3

v 34.2784 0 -94.4568
vt 1.98913 4.12233
f 304/585/3 24/26/3 306/586/3

v 34.0178 0 -93.8277
vt 1.97887 4.09756
f 306/586/3 24/26/3 307/587/3

v 33.929 0 -93.1525
vt 1.97537 4.07098
f 307/587/3 24/26/3 308/588/3

v 33.929 0 -21.8855
vt 1.97537 1.26519
f 308/588/3 24/26/3 309/589/3

v 34.0178 0 -21.2103
vt 1.97887 1.23861
f 24/26/3 310/590/3 309/589/3

v 7.65536 0 -104.054
vt 0.94098 4.50018
f 311/591/3 310/590/3 24/26/3

v 7.35589 0 -103.331
vt 0.92919 4.47169
f 312/592/3 310/590/3 311/591/3

v 7.18419 0 -4.96025
vt 0.92243 0.59884
f 313/593/3 310/590/3 312/592/3

v 34.284 0 -20.5677
vt 1.98935 1.21331
f 313/593/3 314/594/3 310/590/3

v 38.5072 0 -12.0634
vt 2.15562 0.878492
f 313/593/3 315/595/3 314/594/3

v 38.984 0 -11.4421
vt 2.17439 0.85403
f 313/593/3 316/596/3 315/595/3

v 50.4985 0 -0.851064
vt 2.62772 0.43706
f 313/593/3 317/597/3 316/596/3

v 51.13 0 -0.508479
vt 2.65258 0.423573
f 313/593/3 318/598/3 317/597/3

v 51.8287 0 -0.341015
vt 2.68009 0.41698
f 313/593/3 319/599/3 318/598/3

v 7.08196 0 -4.1838
vt 0.918405 0.56827
f 320/600/3 319/599/3 313/593/3

v 6.78226 0 -3.46025
vt 0.906606 0.539784
f 321/601/3 319/599/3 320/600/3

f 321/601/3 204/415/3 319/599/3

v 6.30551 0 -2.83893
vt 0.887836 0.515323
f 322/602/3 204/415/3 321/601/3

v 5.68419 0 -2.36218
vt 0.863375 0.496553
f 323/603/3 204/415/3 322/602/3

v 4.96064 0 -2.06248
vt 0.834889 0.484754
f 324/604/3 204/415/3 323/603/3

v 4.18419 0 -1.96025
vt 0.80432 0.480729
f 325/605/3 204/415/3 324/604/3

f 203/414/3 204/415/3 325/605/3

v 3.40773 0 -2.06248
vt 0.77375 0.484754
f 203/414/3 325/605/3 326/606/3

vt 0.703858 0.11811
vt 0.734691 0.11811
vn 1.53973e-16 0 1
v 4.18419 5 -1.96025
vt 0.734691 0.314961
v 3.40773 5 -2.06248
vt 0.703858 0.314961
f 326/607/136 325/608/144 327/609/144 328/610/136 

vt 0.860186 0.11811
vt 0.891019 0.11811
vn 0.258819 0 0.965926
v 4.96064 5 -2.06248
vt 0.891019 0.314961
vt 0.860186 0.314961
f 325/611/144 324/612/145 329/613/145 327/614/144 

vt 0.956844 0.11811
vt 0.987677 0.11811
v 5.68419 5 -2.36218
vt 0.987677 0.314961
vt 0.956844 0.314961
f 324/615/145 323/616/130 330/617/130 329/618/145 

vt 0.987244 0.11811
vt 1.01808 0.11811
v 6.30551 5 -2.83893
vt 1.01808 0.314961
vt 0.987244 0.314961
f 323/619/130 322/620/1 331/621/1 330/622/130 

vt 0.949314 0.11811
vt 0.980147 0.11811
v 6.78226 5 -3.46025
vt 0.980147 0.314961
vt 0.949314 0.314961
f 322/623/1 321/624/2 332/625/2 331/626/1 

vt 0.845639 0.11811
vt 0.876472 0.11811
v 7.08196 5 -4.1838
vt 0.876472 0.314961
vt 0.845639 0.314961
f 321/627/2 320/628/135 333/629/135 332/630/2 

vt 0.683285 0.11811
vt 0.714118 0.11811
vn 1 0 2.37958e-16
v 7.18419 5 -4.96025
vt 0.714118 0.314961
vt 0.683285 0.314961
f 320/631/135 313/632/146 334/633/146 333/634/135 

vt 0.473315 0.11811
v 7.08196 0 -5.73671
vt 0.504148 0.11811
v 7.08196 5 -5.73671
vt 0.504148 0.314961
vt 0.473315 0.314961
f 313/635/146 335/636/131 336/637/131 334/638/146 

vt 0.918405 0.629409
f 312/592/3 335/639/3 313/593/3

v 6.87933 0 -102.709
vt 0.910428 4.44722
f 337/640/3 335/639/3 312/592/3

v 6.78226 0 -6.46025
vt 0.906606 0.657895
f 337/640/3 338/641/3 335/639/3

v 6.30551 0 -7.08157
vt 0.887836 0.682356
f 337/640/3 339/642/3 338/641/3

v 6.25816 0 -102.232
vt 0.885972 4.42844
f 340/643/3 339/642/3 337/640/3

v 5.68419 0 -7.55833
vt 0.863375 0.701126
f 340/643/3 341/644/3 339/642/3

v 5.53471 0 -101.932
vt 0.85749 4.41663
f 342/645/3 341/644/3 340/643/3

v 4.96064 0 -7.85803
vt 0.834889 0.712925
f 342/645/3 343/646/3 341/644/3

v 4.75829 0 -101.83
vt 0.826922 4.4126
f 344/647/3 343/646/3 342/645/3

v 4.36834 0 -93.1127
vt 0.81157 4.06941
f 345/648/3 343/646/3 344/647/3

v 4.3631 0 -54.9511
vt 0.811363 2.56698
f 346/649/3 343/646/3 345/648/3

v 4.3631 0 -38.4067
vt 0.811363 1.91563
f 347/650/3 343/646/3 346/649/3

v 4.36144 0 -21.8729
vt 0.811298 1.26469
f 348/651/3 343/646/3 347/650/3

v 4.27421 0 -21.2103
vt 0.807864 1.23861
f 349/652/3 343/646/3 348/651/3

v 4.18419 0 -7.96025
vt 0.80432 0.71695
f 349/652/3 350/653/3 343/646/3

v 4.01361 0 -20.5812
vt 0.797604 1.21384
f 351/654/3 350/653/3 349/652/3

v 3.59905 0 -20.0409
vt 0.781283 1.19257
f 352/655/3 350/653/3 351/654/3

v 3.40773 0 -7.85803
vt 0.77375 0.712925
f 352/655/3 353/656/3 350/653/3

v 3.05878 0 -19.6264
vt 0.760012 1.17625
f 354/657/3 353/656/3 352/655/3

v 2.68419 0 -7.55833
vt 0.745264 0.701126
f 354/657/3 355/658/3 353/656/3

v 2.43013 0 -19.366
vt 0.735262 1.16599
f 356/659/3 355/658/3 354/657/3

v 2.06286 0 -7.08157
vt 0.720803 0.682356
f 356/659/3 357/660/3 355/658/3

v 1.75393 0 -19.2769
vt 0.70864 1.16249
f 358/661/3 357/660/3 356/659/3

v 1.58611 0 -6.46025
vt 0.702033 0.657895
f 358/661/3 359/662/3 357/660/3

v 1.28641 0 -5.73671
vt 0.690234 0.629409
f 358/661/3 360/663/3 359/662/3

v 1.18419 0 -4.96025
vt 0.686209 0.59884
f 358/661/3 361/664/3 360/663/3

v 1.0793 0 -19.3658
vt 0.68208 1.16599
f 361/664/3 358/661/3 362/665/3

vt -0.524053 -0.79686
vn 0.092296 0.707107 -0.701057
vt -0.550842 -0.79686
v 1.75447 -1 -20.2855
vt -0.545681 -0.852537
v 1.34036 -1 -20.34
vt -0.529236 -0.852537
f 362/666/147 358/667/147 363/668/147 364/669/147 

vt -0.854313 -0.665992
vn -0.0923024 0.707057 -0.701107
vt -0.881165 -0.665992
v 2.16858 -1 -20.34
vt -0.875961 -0.721666
vt -0.859517 -0.721666
f 358/670/148 356/671/148 365/672/148 363/673/148 

vt -1.1255 -0.479245
vn -0.270598 0.707107 -0.653281
vt -1.15229 -0.479245
v 2.55447 -1 -20.4999
vt -1.14711 -0.534923
vt -1.13066 -0.534923
f 356/674/149 354/675/149 366/676/149 365/677/149 

vt -1.31901 -0.249186
vn -0.430459 0.707107 -0.560986
vt -1.34582 -0.249186
v 2.88584 -1 -20.7541
vt -1.34064 -0.304863
vt -1.32419 -0.304863
f 354/678/150 352/679/150 367/680/150 366/681/150 

vt -1.42174 0.00845329
vn -0.560986 0.707107 -0.430459
vt -1.44855 0.00845329
v 3.14011 -1 -21.0855
vt -1.44337 -0.0472244
vt -1.42692 -0.0472244
f 352/682/151 351/683/151 368/684/151 367/685/151 

vt -1.42667 0.276114
vn -0.653281 0.707107 -0.270598
vt -1.45348 0.276114
v 3.29995 -1 -21.4714
vt -1.4483 0.220437
vt -1.43185 0.220437
f 351/686/152 349/687/152 369/688/152 368/689/152 

vt -1.33346 0.535557
vn -0.701057 0.707107 -0.092296
vt -1.35977 0.535557
v 3.35447 -1 -21.8855
vt -1.35509 0.479879
vt -1.33864 0.479879
f 349/690/153 348/691/153 370/692/153 369/693/153 

vt -1.15384 0.712265
vn -0.702188 0.705975 0.0923676
vt -1.14819 0.767852
vn -0.702219 0.705953 0.0922945
v 4.26958 0 -22.5719
vt -1.17594 0.767852
f 370/694/154 348/695/155 371/696/154

v 4.27421 0 -37.7316
vt 0.807864 1.88905
vt 0.807681 1.29221
f 372/697/3 371/698/3 348/651/3

v 4.01361 0 -37.1024
vt 0.797604 1.86428
f 373/699/3 371/698/3 372/697/3

v 4.01361 0 -23.1898
vt 0.797604 1.31654
f 373/699/3 374/700/3 371/698/3

v 3.59905 0 -23.7301
vt 0.781283 1.33781
f 373/699/3 375/701/3 374/700/3

v 3.59905 0 -36.5622
vt 0.781283 1.84301
f 376/702/3 375/701/3 373/699/3

v 3.05878 0 -24.1446
vt 0.760012 1.35413
f 376/702/3 377/703/3 375/701/3

v 3.05878 0 -36.1476
vt 0.760012 1.82669
f 378/704/3 377/703/3 376/702/3

v 2.43617 0 -35.8897
vt 0.7355 1.81653
f 379/705/3 377/703/3 378/704/3

v 2.42963 0 -24.4052
vt 0.735243 1.36439
f 379/705/3 380/706/3 377/703/3

v 1.75447 0 -24.4941
vt 0.708661 1.36789
f 379/705/3 381/707/3 380/706/3

v 1.74745 0 -35.799
vt 0.708385 1.81297
f 382/708/3 381/707/3 379/705/3

v 1.09696 0 -24.4076
vt 0.682775 1.36448
f 382/708/3 383/709/3 381/707/3

v 1.09696 0 -35.8847
vt 0.682775 1.81634
f 384/710/3 383/709/3 382/708/3

v 0.437025 0 -24.1346
vt 0.656794 1.35373
f 384/710/3 385/711/3 383/709/3

v 0.436027 0 -36.1584
vt 0.656754 1.82711
f 386/712/3 385/711/3 384/710/3

v -0.0901122 0 -36.5622
vt 0.63604 1.84301
f 387/713/3 385/711/3 386/712/3

v -0.0901122 0 -23.7301
vt 0.63604 1.33781
f 387/713/3 388/714/3 385/711/3

v -0.504672 0 -23.1898
vt 0.619719 1.31654
f 387/713/3 389/715/3 388/714/3

v -0.504672 0 -37.1024
vt 0.619719 1.86428
f 390/716/3 389/715/3 387/713/3

v -0.765275 0 -37.7316
vt 0.609459 1.88905
f 391/717/3 389/715/3 390/716/3

v -0.765275 0 -22.5607
vt 0.609459 1.29177
f 391/717/3 392/718/3 389/715/3

v -0.848444 0 -21.9289
vt 0.606185 1.2669
f 391/717/3 393/719/3 392/718/3

v -0.854162 0 -38.4067
vt 0.605959 1.91563
f 393/719/3 391/717/3 394/720/3

vt 1.82015 -0.518101
vn 0.701057 0.707107 -0.092296
vt 1.79334 -0.518101
v 0.208986 -1 -37.9926
vt 1.79852 -0.573778
v 0.154467 -1 -38.4067
vt 1.81497 -0.573778
f 394/721/156 391/722/156 395/723/156 396/724/156 

vt 1.51202 -0.825805
vn 0.653281 0.707107 -0.270598
vt 1.48521 -0.825805
v 0.368826 -1 -37.6067
vt 1.4904 -0.881483
vt 1.50684 -0.881483
f 391/725/157 390/726/157 397/727/157 395/728/157 

vt 1.10177 -1.06663
vn 0.560986 0.707107 -0.430459
vt 1.07496 -1.06663
v 0.623096 -1 -37.2754
vt 1.08014 -1.12231
vt 1.09659 -1.12231
f 390/729/158 387/730/158 398/731/158 397/732/158 

vt 0.617348 -1.22417
vn 0.430459 0.707107 -0.560986
vt 0.591239 -1.22417
v 0.954467 -1 -37.0211
vt 0.595721 -1.27985
vt 0.612165 -1.27985
f 387/733/159 386/734/159 399/735/159 398/736/159 

vt 0.0924447 -1.28446
vn 0.271222 0.705472 -0.654788
vt 0.06428 -1.28446
v 1.34036 -1 -36.8613
vt 0.0701402 -1.34001
vt 0.0865845 -1.34001
f 386/737/160 384/738/160 400/739/160 399/740/160 

vt -0.439854 -1.25286
vt -0.465685 -1.25286
v 1.75447 -1 -36.8067
vt -0.460781 -1.30853
vt -0.444337 -1.30853
f 384/741/147 382/742/147 401/743/147 400/744/147 

vt -0.938964 -1.12091
vn -0.0923805 0.706458 -0.7017
vt -0.966313 -1.12091
v 2.16858 -1 -36.8613
vt -0.960861 -1.17654
vt -0.944417 -1.17654
f 382/745/161 379/746/161 402/747/161 401/748/161 

vt -1.37467 -0.904167
vt -1.4012 -0.904167
v 2.55447 -1 -37.0211
vt -1.39602 -0.959845
vt -1.37958 -0.959845
f 379/749/149 378/750/149 403/751/149 402/752/149 

vt -1.71498 -0.614075
vt -1.74179 -0.614075
v 2.88584 -1 -37.2754
vt -1.7366 -0.669752
vt -1.72016 -0.669752
f 378/753/150 376/754/150 404/755/150 403/756/150 

vt -1.93777 -0.271536
vt -1.96458 -0.271536
v 3.14011 -1 -37.6067
vt -1.9594 -0.327214
vt -1.94296 -0.327214
f 376/757/151 373/758/151 405/759/151 404/760/151 

vt -2.0276 0.100106
vt -2.05441 0.100106
v 3.29995 -1 -37.9926
vt -2.04923 0.0444282
vt -2.03278 0.0444282
f 373/761/152 372/762/152 406/763/152 405/764/152 

vt -1.97834 0.475524
vt -2.00515 0.475524
v 3.35447 -1 -38.4067
vt -1.99996 0.419846
vt -1.98352 0.419846
f 372/765/153 347/766/153 407/767/153 406/768/153 

f 372/697/3 348/651/3 347/650/3

vt -1.79334 0.829134
vn -0.701057 0.707107 0.092296
v 4.27421 0 -39.0819
vt -1.82015 0.829134
v 3.29995 -1 -38.8209
vt -1.81497 0.773456
vt -1.79852 0.773456
f 347/769/162 408/770/162 409/771/162 407/772/162 

v 4.27421 0 -54.276
vt 0.807864 2.5404
vt 0.807864 1.94221
f 410/773/3 408/774/3 347/650/3

v 4.01361 0 -39.7111
vt 0.797604 1.96698
f 410/773/3 411/775/3 408/774/3

v 4.01361 0 -53.6468
vt 0.797604 2.51563
f 412/776/3 411/775/3 410/773/3

v 3.59905 0 -53.1065
vt 0.781283 2.49436
f 413/777/3 411/775/3 412/776/3

v 3.59905 0 -40.2513
vt 0.781283 1.98825
f 413/777/3 414/778/3 411/775/3

v 3.05878 0 -40.6659
vt 0.760012 2.00457
f 413/777/3 415/779/3 414/778/3

v 3.05878 0 -52.692
vt 0.760012 2.47804
f 416/780/3 415/779/3 413/777/3

v 2.42963 0 -40.9265
vt 0.735243 2.01483
f 416/780/3 417/781/3 415/779/3

v 2.42963 0 -52.4314
vt 0.735243 2.46778
f 418/782/3 417/781/3 416/780/3

v 1.75447 0 -52.3425
vt 0.708661 2.46428
f 419/783/3 417/781/3 418/782/3

v 1.75447 0 -41.0154
vt 0.708661 2.01833
f 419/783/3 420/784/3 417/781/3

v 1.07925 0 -40.9265
vt 0.682078 2.01483
f 419/783/3 421/785/3 420/784/3

v 1.07925 0 -52.4314
vt 0.682078 2.46778
f 422/786/3 421/785/3 419/783/3

v 0.450193 0 -52.6919
vt 0.657312 2.47804
f 423/787/3 421/785/3 422/786/3

v 0.450191 0 -40.6659
vt 0.657312 2.00457
f 423/787/3 424/788/3 421/785/3

v -0.0901122 0 -40.2513
vt 0.63604 1.98825
f 423/787/3 425/789/3 424/788/3

v -0.0901122 0 -53.1065
vt 0.63604 2.49436
f 426/790/3 425/789/3 423/787/3

v -0.504672 0 -39.7111
vt 0.619719 1.96698
f 426/790/3 427/791/3 425/789/3

v -0.504672 0 -53.6468
vt 0.619719 2.51563
f 428/792/3 427/791/3 426/790/3

v -0.765275 0 -54.276
vt 0.609459 2.5404
f 429/793/3 427/791/3 428/792/3

v -0.765275 0 -39.0819
vt 0.609459 1.94221
f 429/793/3 430/794/3 427/791/3

f 429/793/3 394/720/3 430/794/3

v -0.854162 0 -54.9511
vt 0.605959 2.56698
f 394/720/3 429/793/3 431/795/3

vt 2.46593 -0.578218
vt 2.43912 -0.578218
v 0.208986 -1 -54.537
vt 2.4443 -0.633896
v 0.154467 -1 -54.9511
vt 2.46075 -0.633896
f 431/796/156 429/797/156 432/798/156 433/799/156 

vt 2.1138 -1.00206
vt 2.08699 -1.00206
v 0.368826 -1 -54.1511
vt 2.09217 -1.05774
vt 2.10861 -1.05774
f 429/800/157 428/801/157 434/802/157 432/803/157 

vt 1.61852 -1.34701
vt 1.59171 -1.34701
v 0.623096 -1 -53.8197
vt 1.5969 -1.40269
vt 1.61334 -1.40269
f 428/804/158 426/805/158 435/806/158 434/807/158 

vt 1.01387 -1.58957
vt 0.987054 -1.58957
v 0.954467 -1 -53.5655
vt 0.99224 -1.64525
vt 1.00868 -1.64525
f 426/808/159 423/809/159 436/810/159 435/811/159 

vt 0.341028 -1.71322
vn 0.270596 0.707111 -0.653277
vt 0.314221 -1.71322
v 1.34036 -1 -53.4056
vt 0.319402 -1.7689
vt 0.335846 -1.7689
f 423/812/163 422/813/163 437/814/163 436/815/163 

vt -0.354133 -1.70949
vt -0.380945 -1.70949
v 1.75447 -1 -53.3511
vt -0.375762 -1.76517
vt -0.359318 -1.76517
f 422/816/147 419/817/147 438/818/147 437/819/147 

vt -1.02425 -1.57868
vn -0.092296 0.707107 -0.701057
vt -1.05106 -1.57868
v 2.16858 -1 -53.4056
vt -1.04588 -1.63436
vt -1.02944 -1.63436
f 419/820/164 418/821/164 439/822/164 438/823/164 

vt -1.62365 -1.32968
vt -1.65047 -1.32968
v 2.55447 -1 -53.5655
vt -1.64528 -1.38536
vt -1.62884 -1.38536
f 418/824/149 416/825/149 440/826/149 439/827/149 

vt -2.11149 -0.979474
vt -2.1383 -0.979474
v 2.88584 -1 -53.8197
vt -2.13312 -1.03515
vt -2.11668 -1.03515
f 416/828/150 413/829/150 441/830/150 440/831/150 

vt -2.45453 -0.551917
vt -2.48134 -0.551917
v 3.14011 -1 -54.1511
vt -2.47615 -0.607595
vt -2.45971 -0.607595
f 413/832/151 412/833/151 442/834/151 441/835/151 

vt -2.62937 -0.0761489
vt -2.65618 -0.0761489
v 3.29995 -1 -54.537
vt -2.651 -0.131827
vt -2.63455 -0.131827
f 412/836/152 410/837/152 443/838/152 442/839/152 

vt -2.62412 0.415407
vt -2.65093 0.415407
v 3.35447 -1 -54.9511
vt -2.64574 0.359729
vt -2.6293 0.359729
f 410/840/153 346/841/153 444/842/153 443/843/153 

f 410/773/3 347/650/3 346/649/3

vt -2.43912 0.889251
v 4.27421 0 -55.6263
vt -2.46593 0.889251
v 3.29995 -1 -55.3652
vt -2.46075 0.833573
vt -2.4443 0.833573
f 346/844/162 445/845/162 446/846/162 444/847/162 

v 4.3631 0 -73.9511
vt 0.811363 3.31502
vt 0.807864 2.59356
f 447/848/3 445/849/3 346/649/3

v 4.27421 0 -73.276
vt 0.807864 3.28843
f 448/850/3 445/849/3 447/848/3

v 4.01361 0 -56.2554
vt 0.797604 2.61833
f 448/850/3 449/851/3 445/849/3

v 4.01361 0 -72.6468
vt 0.797604 3.26366
f 450/852/3 449/851/3 448/850/3

v 3.59905 0 -56.7957
vt 0.781283 2.6396
f 450/852/3 451/853/3 449/851/3

v 3.59905 0 -72.1065
vt 0.781283 3.24239
f 452/854/3 451/853/3 450/852/3

v 3.05878 0 -71.692
vt 0.760012 3.22607
f 453/855/3 451/853/3 452/854/3

v 3.05878 0 -57.2103
vt 0.760012 2.65593
f 453/855/3 454/856/3 451/853/3

v 2.43617 0 -57.4681
vt 0.7355 2.66608
f 453/855/3 455/857/3 454/856/3

v 2.42963 0 -71.4314
vt 0.735243 3.21581
f 456/858/3 455/857/3 453/855/3

v 1.75447 0 -71.3425
vt 0.708661 3.21231
f 457/859/3 455/857/3 456/858/3

v 1.7479 0 -57.5589
vt 0.708403 2.66965
f 457/859/3 458/860/3 455/857/3

v 1.0793 0 -57.4709
vt 0.68208 2.66619
f 457/859/3 459/861/3 458/860/3

v 1.07559 0 -71.4319
vt 0.681934 3.21583
f 460/862/3 459/861/3 457/859/3

v 0.455161 0 -57.2123
vt 0.657508 2.65601
f 460/862/3 461/863/3 459/861/3

v 0.453125 0 -71.6897
vt 0.657427 3.22598
f 462/864/3 461/863/3 460/862/3

v -0.0901122 0 -72.1065
vt 0.63604 3.24239
f 463/865/3 461/863/3 462/864/3

v -0.0932044 0 -56.7917
vt 0.635918 2.63945
f 463/865/3 464/866/3 461/863/3

v -0.504672 0 -56.2554
vt 0.619719 2.61833
f 463/865/3 465/867/3 464/866/3

v -0.504672 0 -72.6468
vt 0.619719 3.26366
f 466/868/3 465/867/3 463/865/3

v -0.765275 0 -73.276
vt 0.609459 3.28843
f 467/869/3 465/867/3 466/868/3

v -0.765275 0 -55.6263
vt 0.609459 2.59356
f 467/869/3 468/870/3 465/867/3

v -0.854162 0 -73.9511
vt 0.605959 3.31502
f 469/871/3 468/870/3 467/869/3

f 468/870/3 469/871/3 431/795/3

f 469/871/3 33/34/3 431/795/3

v -0.850804 0 -93.178
vt 0.606092 4.07198
f 470/872/3 33/34/3 469/871/3

v -0.765275 0 -93.8277
vt 0.609459 4.09756
f 471/873/3 33/34/3 470/872/3

v 1.85931 0 -105.605
vt 0.712789 4.56124
f 472/874/3 33/34/3 471/873/3

v 2.15878 0 -106.329
vt 0.724579 4.58973
f 473/875/3 33/34/3 472/874/3

v 2.63534 0 -106.95
vt 0.743341 4.6142
f 474/876/3 33/34/3 473/875/3

v 3.25651 0 -107.427
vt 0.767797 4.63298
f 475/877/3 33/34/3 474/876/3

v 3.97996 0 -107.727
vt 0.796279 4.64479
f 476/878/3 33/34/3 475/877/3

f 32/33/3 33/34/3 476/878/3

vt -1.428 0.11811
vn -0.000317979 0 -1
vt -1.39716 0.11811
vn -0.259126 0 -0.965843
v 3.97996 5 -107.727
vt -1.39716 0.314961
v 4.75638 5 -107.83
vt -1.428 0.314961
f 32/879/165 476/880/166 477/881/166 478/882/165 

vt -2.51442 0.11811
vt -2.48358 0.11811
vn -0.500275 0 -0.865866
v 3.25651 5 -107.427
vt -2.48358 0.314961
vt -2.51442 0.314961
f 476/883/166 475/884/167 479/885/167 477/886/166 

vt -3.43053 0.11811
vt -3.3997 0.11811
vn -0.707332 0 -0.706882
v 2.63534 5 -106.95
vt -3.3997 0.314961
vt -3.43053 0.314961
f 475/887/167 474/888/168 480/889/168 479/890/167 

vt -4.11391 0.11811
vt -4.08308 0.11811
vn -0.866184 0 -0.499725
v 2.15878 5 -106.329
vt -4.08308 0.314961
vt -4.11391 0.314961
f 474/891/168 473/892/169 481/893/169 480/894/168 

vt -4.51799 0.11811
vt -4.48716 0.11811
vn -0.966008 0 -0.258512
v 1.85931 5 -105.605
vt -4.48716 0.314961
vt -4.51799 0.314961
f 473/895/169 472/896/170 482/897/170 481/898/169 

vt -4.61522 0.11811
v 1.75734 0 -104.829
vt -4.58439 0.11811
vn -1 0 0.000317979
v 1.75734 5 -104.829
vt -4.58439 0.314961
vt -4.61522 0.314961
f 472/899/170 483/900/171 484/901/171 482/902/170 

v 0.450153 0 -95.4116
vt 0.65731 4.15992
vt 0.708774 4.53067
f 472/874/3 485/903/3 483/904/3

v -0.0901122 0 -94.9971
vt 0.63604 4.1436
f 472/874/3 486/905/3 485/903/3

v -0.504672 0 -94.4568
vt 0.619719 4.12233
f 472/874/3 487/906/3 486/905/3

f 472/874/3 471/873/3 487/906/3

vt 4.04569 0.794159
vn 0.653281 0.707107 0.270598
vt 4.01888 0.794159
v 0.208986 -1 -93.5666
vt 4.02406 0.738481
v 0.368826 -1 -93.9525
vt 4.04051 0.738481
f 487/907/172 471/908/172 488/909/172 489/910/172 

vt 4.14205 0.0344387
vn 0.701057 0.707107 0.092296
vt 4.11625 0.0344387
v 0.154467 -1 -93.1525
vt 4.12042 -0.021239
vt 4.13687 -0.021239
f 471/911/173 470/912/173 490/913/173 488/914/173 

vt 3.95231 -0.768736
vn 0.703354 0.7048 -0.0924646
vt 3.95846 -0.713242
vn 0.703409 0.704762 -0.0923382
v -0.755834 0 -92.4545
vt 3.92973 -0.713242
f 490/915/174 470/916/175 491/917/174

v -0.765275 0 -74.6263
vt 0.609459 3.3416
vt 0.609831 4.0435
f 470/872/3 492/918/3 491/919/3

f 492/918/3 470/872/3 469/871/3

vt 3.39256 -0.0353333
vt 3.36575 -0.0353333
v 0.154467 -1 -73.9511
vt 3.37093 -0.091011
v 0.208986 -1 -74.3652
vt 3.38738 -0.091011
f 492/920/173 469/921/173 493/922/173 494/923/173 

vt 3.20756 -0.647258
vt 3.18075 -0.647258
v 0.208986 -1 -73.537
vt 3.18593 -0.702936
vt 3.20238 -0.702936
f 469/924/156 467/925/156 495/926/156 493/927/156 

vt 2.80489 -1.20448
vt 2.77808 -1.20448
v 0.368826 -1 -73.1511
vt 2.78326 -1.26015
vt 2.7997 -1.26015
f 467/928/157 466/929/157 496/930/157 495/931/157 

vt 2.21198 -1.66901
vt 2.18517 -1.66901
v 0.623096 -1 -72.8197
vt 2.19035 -1.72469
vt 2.20679 -1.72469
f 466/932/158 463/933/158 497/934/158 496/935/158 

vt 1.46924 -2.00921
vt 1.44228 -2.00921
v 0.954467 -1 -72.5655
vt 1.44761 -2.06489
vt 1.46406 -2.06489
f 463/936/159 462/937/159 498/938/159 497/939/159 

vt 0.627146 -2.203
vn 0.270467 0.707449 -0.652965
vt 0.600621 -2.203
v 1.34036 -1 -72.4056
vt 0.605661 -2.25871
vt 0.622106 -2.25871
f 462/940/176 460/941/176 499/942/176 498/943/176 

vt -0.25635 -2.23391
vt -0.283308 -2.23391
v 1.75447 -1 -72.3511
vt -0.278125 -2.28958
vt -0.26168 -2.28958
f 460/944/147 457/945/147 500/946/147 499/947/147 

vt -1.12189 -2.10309
vt -1.1487 -2.10309
v 2.16858 -1 -72.4056
vt -1.14352 -2.15877
vt -1.12707 -2.15877
f 457/948/164 456/949/164 501/950/164 500/951/164 

vt -1.90991 -1.81836
vt -1.93672 -1.81836
v 2.55447 -1 -72.5655
vt -1.93154 -1.87404
vt -1.9151 -1.87404
f 456/952/149 453/953/149 502/954/149 501/955/149 

vt -2.56687 -1.39911
vt -2.59368 -1.39911
v 2.88584 -1 -72.8197
vt -2.58849 -1.45479
vt -2.57205 -1.45479
f 453/956/150 452/957/150 503/958/150 502/959/150 

vt -3.04798 -0.873914
vt -3.07479 -0.873914
v 3.14011 -1 -73.1511
vt -3.06961 -0.929592
vt -3.05316 -0.929592
f 452/960/151 450/961/151 504/962/151 503/963/151 

vt -3.32046 -0.278565
vt -3.34727 -0.278565
v 3.29995 -1 -73.537
vt -3.34209 -0.334242
vt -3.32565 -0.334242
f 450/964/152 448/965/152 505/966/152 504/967/152 

vt -3.36575 0.346366
vt -3.39256 0.346366
v 3.35447 -1 -73.9511
vt -3.38738 0.290689
vt -3.37093 0.290689
f 448/968/153 447/969/153 506/970/153 505/971/153 

vt -3.18075 0.958291
v 4.27421 0 -74.6263
vt -3.20756 0.958291
v 3.29995 -1 -74.3652
vt -3.20238 0.902614
vt -3.18593 0.902614
f 447/972/162 507/973/162 508/974/162 506/975/162 

v 4.28959 0 -92.5145
vt 0.808469 4.04586
vt 0.807864 3.3416
f 509/976/3 507/977/3 447/848/3

v 4.01361 0 -75.2554
vt 0.797604 3.36637
f 509/976/3 510/978/3 507/977/3

v 4.01361 0 -91.8482
vt 0.797604 4.01962
f 511/979/3 510/978/3 509/976/3

v 3.59905 0 -91.3079
vt 0.781283 3.99835
f 512/980/3 510/978/3 511/979/3

v 3.59905 0 -75.7957
vt 0.781283 3.38764
f 512/980/3 513/981/3 510/978/3

v 3.05878 0 -90.8934
vt 0.760012 3.98203
f 514/982/3 513/981/3 512/980/3

v 3.05878 0 -76.2103
vt 0.760012 3.40396
f 514/982/3 515/983/3 513/981/3

v 2.42963 0 -76.4709
vt 0.735243 3.41422
f 514/982/3 516/984/3 515/983/3

v 2.42963 0 -90.6328
vt 0.735243 3.97177
f 517/985/3 516/984/3 514/982/3

v 1.75447 0 -76.5597
vt 0.708661 3.41772
f 517/985/3 518/986/3 516/984/3

v 1.75447 0 -90.5439
vt 0.708661 3.96827
f 519/987/3 518/986/3 517/985/3

v 1.0793 0 -90.6328
vt 0.68208 3.97177
f 520/988/3 518/986/3 519/987/3

v 1.0793 0 -76.4709
vt 0.68208 3.41422
f 520/988/3 521/989/3 518/986/3

v 0.450153 0 -76.2103
vt 0.65731 3.40396
f 520/988/3 522/990/3 521/989/3

v 0.450153 0 -90.8934
vt 0.65731 3.98203
f 523/991/3 522/990/3 520/988/3

v -0.0901122 0 -75.7957
vt 0.63604 3.38764
f 523/991/3 524/992/3 522/990/3

v -0.0901122 0 -91.3079
vt 0.63604 3.99835
f 525/993/3 524/992/3 523/991/3

v -0.504672 0 -75.2554
vt 0.619719 3.36637
f 525/993/3 526/994/3 524/992/3

v -0.504672 0 -91.8482
vt 0.619719 4.01962
f 527/995/3 526/994/3 525/993/3

f 491/919/3 526/994/3 527/995/3

f 491/919/3 492/918/3 526/994/3

vt 3.34727 0.589598
vt 3.32046 0.589598
vt 3.32565 0.53392
v 0.368826 -1 -74.7511
vt 3.34209 0.53392
f 526/996/172 492/997/172 494/998/172 528/999/172 

vt 3.32565 0.0787402
vn 0.965926 -2.03692e-18 0.258819
v 0.208986 -3 -74.3652
vt 3.32565 9.2708e-16
v 0.368826 -3 -74.7511
vt 3.34209 9.2708e-16
vn 0.866025 -2.03692e-18 0.5
vt 3.34209 0.0787402
f 494/1000/177 529/1001/177 530/1002/178 528/1003/178 

vt 3.37093 0.0787402
vn 1 -6.64038e-32 -3.87732e-15
v 0.154467 -3 -73.9511
vt 3.37093 9.29812e-16
vt 3.38738 9.29812e-16
vt 3.38738 0.0787402
f 493/1004/179 531/1005/179 529/1006/177 494/1007/177 

vt 3.18593 0.0787402
vn 0.965926 3.72436e-18 -0.258819
v 0.208986 -3 -73.537
vt 3.18593 9.29812e-16
vt 3.20238 9.29812e-16
vt 3.20238 0.0787402
f 495/1008/180 532/1009/180 531/1010/179 493/1011/179 

vt 2.78326 0.0787402
vn 0.866025 3.72436e-18 -0.5
v 0.368826 -3 -73.1511
vt 2.78326 9.16069e-16
vt 2.7997 9.16069e-16
vt 2.7997 0.0787402
f 496/1012/181 533/1013/181 532/1014/180 495/1015/180 

vt 2.19035 0.0787402
vn 0.707107 -2.74564e-33 -0.707107
v 0.623096 -3 -72.8197
vt 2.19035 9.29812e-16
vt 2.20679 9.29812e-16
vt 2.20679 0.0787402
f 497/1016/182 534/1017/182 533/1018/181 496/1019/181 

vt 1.44761 0.0787402
vn 0.5 2.31878e-31 -0.866025
v 0.954467 -3 -72.5655
vt 1.44761 9.29812e-16
vt 1.46406 9.29812e-16
vt 1.46406 0.0787402
f 498/1020/183 535/1021/183 534/1022/182 497/1023/182 

vt 0.605661 0.0787402
vn 0.258819 -1.6459e-32 -0.965926
v 1.34036 -3 -72.4056
vt 0.605661 9.29812e-16
vt 0.622106 9.29812e-16
vt 0.622106 0.0787402
f 499/1024/184 536/1025/184 535/1026/183 498/1027/183 

vt -0.278125 0.0787402
vn 0 -4.97013e-31 -1
v 1.75447 -3 -72.3511
vt -0.278125 9.29812e-16
vt -0.26168 9.29812e-16
vt -0.26168 0.0787402
f 500/1028/185 537/1029/185 536/1030/184 499/1031/184 

vt -1.14352 0.0787402
vn -0.258819 -1.59129e-32 -0.965926
v 2.16858 -3 -72.4056
vt -1.14352 9.29812e-16
vt -1.12707 9.29812e-16
vt -1.12707 0.0787402
f 501/1032/186 538/1033/186 537/1034/185 500/1035/185 

vt -1.93154 0.0787402
vn -0.5 2.31571e-31 -0.866025
v 2.55447 -3 -72.5655
vt -1.93154 9.29812e-16
vt -1.9151 9.29812e-16
vt -1.9151 0.0787402
f 502/1036/187 539/1037/187 538/1038/186 501/1039/186 

vt -2.58849 0.0787402
vn -0.707107 6.21421e-33 -0.707107
v 2.88584 -3 -72.8197
vt -2.58849 9.29812e-16
vt -2.57205 9.29812e-16
vt -2.57205 0.0787402
f 503/1040/188 540/1041/188 539/1042/187 502/1043/187 

vt -3.06961 0.0787402
vn -0.866025 -1.68744e-18 -0.5
v 3.14011 -3 -73.1511
vt -3.06961 9.29812e-16
vt -3.05316 9.29812e-16
vt -3.05316 0.0787402
f 504/1044/189 541/1045/189 540/1046/188 503/1047/188 

vt -3.34209 0.0787402
vn -0.965926 -1.68744e-18 -0.258819
v 3.29995 -3 -73.537
vt -3.34209 9.31657e-16
vt -3.32565 9.31657e-16
vt -3.32565 0.0787402
f 505/1048/190 542/1049/190 541/1050/189 504/1051/189 

vt -3.38738 0.0787402
vn -1 9.64964e-32 -3.51338e-15
v 3.35447 -3 -73.9511
vt -3.38738 9.29812e-16
vt -3.37093 9.29812e-16
vt -3.37093 0.0787402
f 506/1052/191 543/1053/191 542/1054/190 505/1055/190 

vt -3.20238 0.0787402
vn -0.965926 -2.03692e-18 0.258819
v 3.29995 -3 -74.3652
vt -3.20238 9.29812e-16
vt -3.18593 9.29812e-16
vt -3.18593 0.0787402
f 508/1056/192 544/1057/192 543/1058/191 506/1059/191 

v 3.14011 -1 -74.7511
vt -2.7997 0.0787402
vn -0.866025 -2.03692e-18 0.5
v 3.14011 -3 -74.7511
vt -2.7997 9.21791e-16
vt -2.78326 9.21791e-16
vt -2.78326 0.0787402
f 545/1060/193 546/1061/193 544/1062/192 508/1063/192 

v 2.88584 -1 -75.0825
vt -2.20679 0.0787402
vn -0.707107 -1.09825e-32 0.707107
v 2.88584 -3 -75.0825
vt -2.20679 9.29812e-16
vt -2.19035 9.29812e-16
vt -2.19035 0.0787402
f 547/1064/194 548/1065/194 546/1066/193 545/1067/193 

v 2.55447 -1 -75.3368
vt -1.46406 0.0787402
vn -0.5 -2.33342e-31 0.866025
v 2.55447 -3 -75.3368
vt -1.46406 9.29812e-16
vt -1.44761 9.29812e-16
vt -1.44761 0.0787402
f 549/1068/195 550/1069/195 548/1070/194 547/1071/194 

v 2.16858 -1 -75.4966
vt -0.622106 0.0787402
vn -0.258819 2.67417e-31 0.965926
v 2.16858 -3 -75.4966
vt -0.622106 9.29812e-16
vt -0.605661 9.29812e-16
vt -0.605661 0.0787402
f 551/1072/196 552/1073/196 550/1074/195 549/1075/195 

v 1.75447 -1 -75.5511
vt 0.26168 0.0787402
vn -1.6797e-16 4.9548e-31 1
v 1.75447 -3 -75.5511
vt 0.26168 9.29812e-16
vt 0.278125 9.29812e-16
vt 0.278125 0.0787402
f 553/1076/197 554/1077/197 552/1078/196 551/1079/196 

v 1.34036 -1 -75.4966
vt 1.12707 0.0787402
vn 0.258819 2.32559e-31 0.965926
v 1.34036 -3 -75.4966
vt 1.12707 9.29812e-16
vt 1.14352 9.29812e-16
vt 1.14352 0.0787402
f 555/1080/198 556/1081/198 554/1082/197 553/1083/197 

v 0.954467 -1 -75.3368
vt 1.9151 0.0787402
vn 0.5 2.3307e-31 0.866025
v 0.954467 -3 -75.3368
vt 1.9151 9.29812e-16
vt 1.93154 9.29812e-16
vt 1.93154 0.0787402
f 557/1084/199 558/1085/199 556/1086/198 555/1087/198 

v 0.623096 -1 -75.0825
vt 2.57205 0.0787402
vn 0.707107 -7.76776e-34 0.707107
v 0.623096 -3 -75.0825
vt 2.57205 9.29812e-16
vt 2.58849 9.29812e-16
vt 2.58849 0.0787402
f 559/1088/200 560/1089/200 558/1090/199 557/1091/199 

vt 3.05316 0.0787402
vt 3.05316 9.29812e-16
vt 3.06961 9.29812e-16
vt 3.06961 0.0787402
f 528/1092/178 530/1093/178 560/1094/200 559/1095/200 

vt -0.654109 3.34651
v 0.623096 -3 -92.0211
vt -0.664119 4.02643
vt -0.664119 3.35956
f 530/1096/75 561/1097/75 560/1098/75

v 0.368826 -3 -92.3525
vt -0.654109 4.03948
f 530/1096/75 562/1099/75 561/1097/75

vt -0.647816 3.33132
f 529/1100/75 562/1099/75 530/1096/75

v 0.208986 -3 -92.7384
vt -0.647816 4.05467
f 529/1100/75 563/1101/75 562/1099/75

vt -0.645669 3.31502
f 531/1102/75 563/1101/75 529/1100/75

v 0.154467 -3 -93.1525
vt -0.645669 4.07098
f 563/1101/75 531/1102/75 564/1103/75

v 0.154467 -3 -21.8855
vt -0.645669 1.26519
f 565/1104/75 564/1103/75 531/1102/75

v -2.24553 -3 3.25027
vt -0.551181 0.275591
f 565/1104/75 566/1105/75 564/1103/75

v 0.208986 -3 -21.4714
vt -0.647816 1.24888
f 567/1106/75 566/1105/75 565/1104/75

v 0.368826 -3 -21.0855
vt -0.654109 1.23369
f 568/1107/75 566/1105/75 567/1106/75

v 0.623096 -3 -20.7541
vt -0.664119 1.22065
f 569/1108/75 566/1105/75 568/1107/75

v 0.954467 -3 -20.4999
vt -0.677165 1.21064
f 570/1109/75 566/1105/75 569/1108/75

v 1.34036 -3 -20.34
vt -0.692358 1.20434
f 571/1110/75 566/1105/75 570/1109/75

v 149.321 -3 10.2503
vt -6.51836 2.22045e-16
f 572/1111/75 566/1105/75 571/1110/75

v -2.31368 -3 3.76791
vt -0.548498 0.255211
f 572/1111/75 573/1112/75 566/1105/75

v -2.51348 -3 4.25027
vt -0.540632 0.23622
f 572/1111/75 574/1113/75 573/1112/75

v -2.83132 -3 4.66449
vt -0.528119 0.219913
f 572/1111/75 575/1114/75 574/1113/75

v -3.24553 -3 4.98232
vt -0.511811 0.2074
f 572/1111/75 576/1115/75 575/1114/75

v -3.72789 -3 5.18212
vt -0.49282 0.199533
f 572/1111/75 577/1116/75 576/1115/75

v -4.24553 -3 5.25027
vt -0.472441 0.19685
f 572/1111/75 578/1117/75 577/1116/75

v -10.2455 -3 10.2503
vt -0.23622 8.45141e-34
f 579/1118/75 578/1117/75 572/1111/75

v -4.76317 -3 5.18212
vt -0.452061 0.199533
f 578/1117/75 579/1118/75 580/1119/75

v -5.24553 -3 4.98232
vt -0.433071 0.2074
f 580/1119/75 579/1118/75 581/1120/75

v -5.65975 -3 4.66449
vt -0.416763 0.219913
f 581/1120/75 579/1118/75 582/1121/75

v -5.97758 -3 4.25027
vt -0.40425 0.23622
f 582/1121/75 579/1118/75 583/1122/75

v -6.17738 -3 3.76791
vt -0.396384 0.255211
f 583/1122/75 579/1118/75 584/1123/75

v -6.24553 -3 3.25027
vt -0.393701 0.275591
f 584/1123/75 579/1118/75 585/1124/75

v -6.24553 -3 -113.153
vt -0.393701 4.85838
f 585/1124/75 579/1118/75 586/1125/75

v -10.2455 -3 -120.153
vt -0.23622 5.13397
f 579/1118/75 587/1126/75 586/1125/75

v -11.0864 -3 10.0912
vt -0.203114 0.00626389
f 588/1127/75 587/1126/75 579/1118/75

vt -0.203114 5.1277
f 588/1127/75 150/1128/75 587/1126/75

v -11.2455 -3 9.25027
vt -0.19685 0.0393701
f 589/1129/75 150/1128/75 588/1127/75

f 139/249/75 150/1128/75 589/1129/75

f 141/248/75 150/1128/75 139/249/75

vt -0.19685 5.0946
f 150/1128/75 141/248/75 148/1130/75

vt -0.617834 6.78636e-16
vn -1 -6.98873e-18 4.01068e-17
vt -0.0393701 6.78636e-16
vn -0.995632 -3.5097e-18 0.0933626
vt -0.0393701 0.56362
vt -0.617834 0.56362
vt -0.617834 0.329656
f 139/1131/201 589/1132/202 170/1133/108 173/1134/107 140/1135/201 

vt -0.00208734 0.56362
vt -0.00208734 6.80012e-16
vt 0.0316062 6.80012e-16
vn -0.707106 0 0.707107
vt 0.0316062 0.56362
f 170/1136/108 589/1137/202 588/1138/203 171/1139/203 

vt 0.198409 0.56362
vt 0.198409 6.80012e-16
vt 0.232102 6.80012e-16
vn -0.0933618 0 0.995632
v -10.2455 11.316 10.2503
vt 0.232102 0.56362
vn -0.062453 0.062453 0.996092
f 171/1140/203 588/1141/203 579/1142/204 590/1143/205 

v 149.321 11.316 10.2503
vt 6.51836 0.56362
vn 0.062453 0.062453 0.996092
vt 0.23622 0.56362
vt 0.23622 6.80012e-16
vt 6.51836 6.80012e-16
vn 0.0933618 0 0.995632
f 591/1144/206 590/1145/205 579/1146/204 572/1147/207 

vt 6.51836 0.587488
vt 0.23622 0.587488
vt 0.23622 0.553795
vt 6.51836 0.553795
f 167/1148/101 166/1149/101 590/1150/205 591/1151/206 

vt 0.198409 0.562153
vt 0.232102 0.562153
vt 0.230938 0.595826
vt 0.202029 0.591204
f 171/1152/105 590/1153/55 166/1154/102 169/1155/53 

vt 6.40589 0.366307
vn 0.219518 0.689859 0.689859
vt 6.40472 0.332633
vn 0.182777 0.182777 0.966015
v 150.162 11.316 10.0912
vt 6.43841 0.332633
vn 0.689859 0.219518 0.68986
v 150.046 12.0414 9.97574
vt 6.43479 0.361684
vn 0.57735 0.57735 0.577351
f 167/1156/208 591/1157/209 592/1158/210 593/1159/211 

v 150.162 -3 10.0912
vt 6.43842 6.80012e-16
vn 0.707106 0 0.707107
vt 6.43842 0.56362
vt 6.40472 0.56362
vt 6.40472 6.80012e-16
f 594/1160/212 592/1161/212 591/1162/206 572/1163/207 

v 150.321 -3 9.25027
vt 1.25783 6.80012e-16
vn 0.995632 0 0.0933626
v 150.321 11.316 9.25027
vt 1.25783 0.56362
vn 0.996092 0.062453 0.0624535
vt 1.22413 0.56362
vt 1.22413 6.80012e-16
f 595/1164/213 596/1165/214 592/1166/212 594/1167/212 

v 150.321 11.316 -119.153
vt 5.0946 0.56362
vn 0.996092 0.062453 -0.0624535
vt 0.0393701 0.56362
vt 0.0393701 6.80012e-16
v 150.321 -3 -119.153
vt 5.0946 6.80012e-16
vn 0.995632 0 -0.0933626
f 597/1168/215 596/1169/214 595/1170/213 598/1171/216 

v 150.162 12.1569 -119.153
vt 5.0946 -0.631645
vn 0.707107 0.707106 5.62742e-20
v 150.162 12.1569 9.25027
vt 0.0393701 -0.631645
vt 0.0393701 -0.665338
vt 5.0946 -0.665338
f 599/1172/217 600/1173/217 596/1174/214 597/1175/215 

vt 5.0946 -6.29262
vt 0.0393701 -6.29262
vt 0.0393701 -6.32631
vt 5.0946 -6.32631
f 158/1176/100 157/1177/99 600/1178/217 599/1179/217 

vt 4.6136 -4.29401
vt 4.63701 -4.31159
vt 4.66042 -4.29401
vn 0.689859 0.689859 0.219519
vt 4.63701 -4.26977
vn 0.182777 0.966015 0.182777
f 167/1180/208 593/1181/211 600/1182/218 157/1183/219 

vt 1.22413 -0.622237
vt 1.25783 -0.622237
vn 0.966015 0.182776 0.182778
vt 1.25666 -0.588564
vt 1.22775 -0.593186
f 592/1184/210 596/1185/220 600/1186/218 593/1187/211 

vt -1.03016 -7.8009
vn 0.689859 0.689859 -0.219519
v 150.046 12.0414 -119.878
vt -1.00675 -7.81848
vn 0.57735 0.57735 -0.577351
v 149.321 12.1569 -119.993
vt -0.983339 -7.8009
vn 0.219518 0.689859 -0.689859
vt -1.00675 -7.77666
vn 0.182777 0.966015 -0.182777
f 599/1188/221 601/1189/222 602/1190/223 158/1191/224 

vt 3.7878 -0.763015
vt 3.78664 -0.796689
vn 0.966015 0.182776 -0.182778
v 150.162 11.316 -119.993
vt 3.82033 -0.796689
vn 0.689859 0.219518 -0.68986
vt 3.81671 -0.767637
f 599/1192/221 597/1193/225 603/1194/226 601/1195/222 

vt 3.78664 0.56362
vt 3.78664 6.80012e-16
v 150.162 -3 -119.993
vt 3.82033 6.80012e-16
vn 0.707106 0 -0.707107
vt 3.82033 0.56362
f 597/1196/215 598/1197/216 604/1198/227 603/1199/227 

vt -6.55146 0.00626389
vt -6.55146 5.1277
vt -6.55773 5.0946
f 594/1200/75 604/1201/75 598/1202/75

f 572/1111/75 604/1201/75 594/1200/75

v 149.321 -3 -120.153
vt -6.51836 5.13397
f 572/1111/75 605/1203/75 604/1201/75

v 145.321 -3 3.25027
vt -6.36088 0.275591
f 572/1111/75 606/1204/75 605/1203/75

v 145.253 -3 3.76791
vt -6.35819 0.255211
f 572/1111/75 607/1205/75 606/1204/75

v 145.053 -3 4.25027
vt -6.35033 0.23622
f 572/1111/75 608/1206/75 607/1205/75

v 144.735 -3 4.66449
vt -6.33781 0.219913
f 572/1111/75 609/1207/75 608/1206/75

v 144.321 -3 4.98232
vt -6.3215 0.2074
f 572/1111/75 610/1208/75 609/1207/75

v 143.838 -3 5.18212
vt -6.30251 0.199533
f 572/1111/75 611/1209/75 610/1208/75

v 143.321 -3 5.25027
vt -6.28213 0.19685
f 572/1111/75 612/1210/75 611/1209/75

v 142.803 -3 5.18212
vt -6.26176 0.199533
f 572/1111/75 613/1211/75 612/1210/75

v 142.321 -3 4.98232
vt -6.24276 0.2074
f 572/1111/75 614/1212/75 613/1211/75

v 115.161 -3 -13.2076
vt -5.17347 0.923537
f 572/1111/75 615/1213/75 614/1212/75

v 115.14 -3 -13.0523
vt -5.17267 0.917423
f 572/1111/75 616/1214/75 615/1213/75

v 115.08 -3 -12.9076
vt -5.17031 0.911726
f 572/1111/75 617/1215/75 616/1214/75

v 114.985 -3 -12.7833
vt -5.16655 0.906834
f 572/1111/75 618/1216/75 617/1215/75

v 114.861 -3 -12.688
vt -5.16166 0.90308
f 572/1111/75 619/1217/75 618/1216/75

v 114.716 -3 -12.628
vt -5.15596 0.90072
f 572/1111/75 620/1218/75 619/1217/75

v 114.561 -3 -12.6076
vt -5.14985 0.899915
f 572/1111/75 621/1219/75 620/1218/75

v 114.405 -3 -12.628
vt -5.14374 0.90072
f 572/1111/75 622/1220/75 621/1219/75

v 114.261 -3 -12.688
vt -5.13804 0.90308
f 572/1111/75 623/1221/75 622/1220/75

v 102.538 -3 -20.2855
vt -4.6765 1.2022
f 572/1111/75 624/1222/75 623/1221/75

v 102.123 -3 -20.34
vt -4.6602 1.20434
f 572/1111/75 625/1223/75 624/1222/75

v 101.738 -3 -20.4999
vt -4.645 1.21064
f 572/1111/75 626/1224/75 625/1223/75

v 71.1376 -3 -21.8855
vt -3.44028 1.26519
f 572/1111/75 627/1225/75 626/1224/75

v 71.0831 -3 -21.4714
vt -3.43813 1.24888
f 572/1111/75 628/1226/75 627/1225/75

v 70.9232 -3 -21.0855
vt -3.43184 1.23369
f 572/1111/75 629/1227/75 628/1226/75

v 70.669 -3 -20.7541
vt -3.42183 1.22065
f 572/1111/75 630/1228/75 629/1227/75

v 70.3376 -3 -20.4999
vt -3.40878 1.21064
f 572/1111/75 631/1229/75 630/1228/75

v 69.9517 -3 -20.34
vt -3.39359 1.20434
f 572/1111/75 632/1230/75 631/1229/75

v 69.5376 -3 -20.2855
vt -3.37729 1.2022
f 572/1111/75 633/1231/75 632/1230/75

v 69.1235 -3 -20.34
vt -3.36098 1.20434
f 572/1111/75 634/1232/75 633/1231/75

v 38.1376 -3 -21.8855
vt -2.14107 1.26519
f 572/1111/75 635/1233/75 634/1232/75

v 38.0831 -3 -21.4714
vt -2.13892 1.24888
f 572/1111/75 636/1234/75 635/1233/75

v 37.9232 -3 -21.0855
vt -2.13263 1.23369
f 572/1111/75 637/1235/75 636/1234/75

v 37.669 -3 -20.7541
vt -2.12262 1.22065
f 572/1111/75 638/1236/75 637/1235/75

v 37.3376 -3 -20.4999
vt -2.10957 1.21064
f 572/1111/75 639/1237/75 638/1236/75

v 36.9517 -3 -20.34
vt -2.09438 1.20434
f 572/1111/75 640/1238/75 639/1237/75

v 36.5376 -3 -20.2855
vt -2.07808 1.2022
f 572/1111/75 641/1239/75 640/1238/75

v 36.1235 -3 -20.34
vt -2.06177 1.20434
f 572/1111/75 642/1240/75 641/1239/75

v 3.35447 -3 -21.8855
vt -0.771654 1.26519
f 572/1111/75 643/1241/75 642/1240/75

v 3.29995 -3 -21.4714
vt -0.769507 1.24888
f 572/1111/75 644/1242/75 643/1241/75

v 3.14011 -3 -21.0855
vt -0.763214 1.23369
f 572/1111/75 645/1243/75 644/1242/75

v 2.88584 -3 -20.7541
vt -0.753204 1.22065
f 572/1111/75 646/1244/75 645/1243/75

v 2.55447 -3 -20.4999
vt -0.740157 1.21064
f 572/1111/75 647/1245/75 646/1244/75

v 2.16858 -3 -20.34
vt -0.724965 1.20434
f 572/1111/75 648/1246/75 647/1245/75

v 1.75447 -3 -20.2855
vt -0.708661 1.2022
f 572/1111/75 649/1247/75 648/1246/75

f 572/1111/75 571/1110/75 649/1247/75

vt -0.545681 0.0787402
vn 8.39852e-17 -1.23742e-31 -1
vt -0.545681 8.88178e-16
vt -0.529236 8.88178e-16
vn 0.258819 -2.03692e-18 -0.965926
vt -0.529236 0.0787402
f 363/1248/228 649/1249/228 571/1250/229 364/1251/229 

vt -0.875961 0.0787402
vn -0.258819 2.03692e-18 -0.965926
vt -0.875961 8.88178e-16
vt -0.859517 8.88178e-16
vt -0.859517 0.0787402
f 365/1252/230 648/1253/230 649/1254/228 363/1255/228 

vt -1.14711 0.0787402
vn -0.5 2.03692e-18 -0.866025
vt -1.14711 8.84805e-16
vt -1.13066 8.84805e-16
vt -1.13066 0.0787402
f 366/1256/231 647/1257/231 648/1258/230 365/1259/230 

vt -1.34064 0.0787402
vn -0.707107 -1.1567e-32 -0.707107
vt -1.34064 8.88178e-16
vt -1.32419 8.88178e-16
vt -1.32419 0.0787402
f 367/1260/232 646/1261/232 647/1262/231 366/1263/231 

vt -1.44337 0.0787402
vn -0.866025 -2.03692e-18 -0.5
vt -1.44337 8.88178e-16
vt -1.42692 8.88178e-16
vt -1.42692 0.0787402
f 368/1264/233 645/1265/233 646/1266/232 367/1267/232 

vt -1.4483 0.0787402
vn -0.965926 -2.03692e-18 -0.258819
vt -1.4483 8.87237e-16
vt -1.43185 8.87237e-16
vt -1.43185 0.0787402
f 369/1268/234 644/1269/234 645/1270/233 368/1271/233 

vt -1.35509 0.0787402
vn -1 5.52106e-48 -8.81845e-16
vt -1.35509 8.88178e-16
vt -1.33864 8.88178e-16
vt -1.33864 0.0787402
f 370/1272/235 643/1273/235 644/1274/234 369/1275/234 

v 3.29995 -1 -22.2996
vt -1.17009 0.0787402
vn -0.965926 -8.44833e-33 0.258819
v 3.29995 -3 -22.2996
vt -1.17009 8.88178e-16
vt -1.15364 8.88178e-16
vt -1.15364 0.0787402
f 650/1276/236 651/1277/236 643/1278/235 370/1279/235 

v 3.14011 -1 -22.6855
vt -0.90591 0.0787402
vn -0.866025 -1.77658e-32 0.5
v 3.14011 -3 -22.6855
vt -0.90591 8.88178e-16
vt -0.889466 8.88178e-16
vt -0.889466 0.0787402
f 652/1280/237 653/1281/237 651/1282/236 650/1283/236 

v 2.88584 -1 -23.0169
vt -0.580558 0.0787402
vn -0.707107 1.44588e-33 0.707107
v 2.88584 -3 -23.0169
vt -0.580558 8.88178e-16
vt -0.564113 8.88178e-16
vt -0.564113 0.0787402
f 654/1284/238 655/1285/238 653/1286/237 652/1287/237 

v 2.55447 -1 -23.2711
vt -0.216201 0.0787402
vn -0.5 -4.76833e-33 0.866025
v 2.55447 -3 -23.2711
vt -0.216201 8.88178e-16
vt -0.199757 8.88178e-16
vt -0.199757 0.0787402
f 656/1288/239 657/1289/239 655/1290/238 654/1291/238 

v 2.16858 -1 -23.431
vt 0.162329 0.0787402
vn -0.258819 -6.11043e-32 0.965926
v 2.16858 -3 -23.431
vt 0.162329 8.88178e-16
vt 0.178773 8.88178e-16
vt 0.178773 0.0787402
f 658/1292/240 659/1293/240 657/1294/239 656/1295/239 

v 1.75447 -1 -23.4855
vt 0.529236 0.0787402
vn -2.23961e-16 2.20842e-47 1
v 1.75447 -3 -23.4855
vt 0.529236 8.88178e-16
vt 0.545681 8.88178e-16
vt 0.545681 0.0787402
f 660/1296/241 661/1297/241 659/1298/240 658/1299/240 

v 1.34036 -1 -23.431
vt 0.859517 0.0787402
vn 0.258819 2.03692e-18 0.965926
v 1.34036 -3 -23.431
vt 0.859517 8.88178e-16
vt 0.875961 8.88178e-16
vt 0.875961 0.0787402
f 662/1300/242 663/1301/242 661/1302/241 660/1303/241 

v 0.954467 -1 -23.2711
vt 1.13066 0.0787402
vn 0.5 2.03692e-18 0.866025
v 0.954467 -3 -23.2711
vt 1.13066 8.92056e-16
vt 1.14711 8.92056e-16
vt 1.14711 0.0787402
f 664/1304/243 665/1305/243 663/1306/242 662/1307/242 

v 0.623096 -1 -23.0169
vt 1.32419 0.0787402
vn 0.707107 4.97137e-32 0.707107
v 0.623096 -3 -23.0169
vt 1.32419 8.88178e-16
vt 1.34064 8.88178e-16
vt 1.34064 0.0787402
f 666/1308/244 667/1309/244 665/1310/243 664/1311/243 

v 0.368826 -1 -22.6855
vt 1.42692 0.0787402
vn 0.866025 2.03692e-18 0.5
v 0.368826 -3 -22.6855
vt 1.42692 8.88178e-16
vt 1.44337 8.88178e-16
vt 1.44337 0.0787402
f 668/1312/245 669/1313/245 667/1314/244 666/1315/244 

v 0.208986 -1 -22.2996
vt 1.43185 0.0787402
vn 0.965926 2.06601e-18 0.258819
v 0.208986 -3 -22.2996
vt 1.43185 8.87742e-16
vt 1.4483 8.87742e-16
vt 1.4483 0.0787402
f 670/1316/246 671/1317/246 669/1318/245 668/1319/245 

v 0.154467 -1 -21.8855
vt 1.33864 0.0787402
vn 1 2.90832e-20 -9.0984e-16
vt 1.33864 8.88151e-16
vt 1.35509 8.88151e-16
vt 1.35509 0.0787402
f 672/1320/247 565/1321/247 671/1322/246 670/1323/246 

v 0.208986 -1 -21.4714
vt 1.15364 0.0787402
vn 0.965926 1.68744e-18 -0.258819
vt 1.15364 8.88178e-16
vt 1.17009 8.88178e-16
vt 1.17009 0.0787402
f 673/1324/248 567/1325/248 565/1326/247 672/1327/247 

v 0.368826 -1 -21.0855
vt 0.889466 0.0787402
vn 0.866025 -6.17032e-20 -0.5
vt 0.889466 8.84577e-16
vt 0.90591 8.84577e-16
vt 0.90591 0.0787402
f 674/1328/249 568/1329/249 567/1330/248 673/1331/248 

v 0.623096 -1 -20.7541
vt 0.564113 0.0787402
vn 0.707107 -1.74915e-18 -0.707107
vt 0.564113 8.92583e-16
vt 0.580558 8.92583e-16
vt 0.580558 0.0787402
f 675/1332/250 569/1333/250 568/1334/249 674/1335/249 

v 0.954467 -1 -20.4999
vt 0.199757 0.0787402
vn 0.5 -2.03692e-18 -0.866025
vt 0.199757 8.88178e-16
vt 0.216201 8.88178e-16
vt 0.216201 0.0787402
f 676/1336/251 570/1337/251 569/1338/250 675/1339/250 

vt -0.178773 0.0787402
vt -0.178773 8.93743e-16
vt -0.162329 8.93743e-16
vt -0.162329 0.0787402
f 364/1340/229 571/1341/229 570/1342/251 676/1343/251 

v 0.450153 0 -19.6264
vt -0.157146 -0.86277
vn 0.270598 0.707107 -0.653281
vt -0.183957 -0.86277
vt -0.178773 -0.918448
vt -0.162329 -0.918448
f 677/1344/252 362/1345/252 364/1346/252 676/1347/252 

vt 0.65731 1.17625
f 677/1348/3 361/664/3 362/665/3

v -0.0901122 0 -20.0409
vt 0.63604 1.19257
f 678/1349/3 361/664/3 677/1348/3

v -0.504672 0 -20.5812
vt 0.619719 1.21384
f 679/1350/3 361/664/3 678/1349/3

v -0.74851 0 -21.1699
vt 0.610119 1.23701
f 680/1351/3 361/664/3 679/1350/3

f 393/719/3 361/664/3 680/1351/3

f 203/414/3 361/664/3 393/719/3

v 1.28641 0 -4.1838
vt 0.690234 0.56827
f 203/414/3 681/1352/3 361/664/3

v 1.58611 0 -3.46025
vt 0.702033 0.539784
f 203/414/3 682/1353/3 681/1352/3

v 2.06286 0 -2.83893
vt 0.720803 0.515323
f 203/414/3 683/1354/3 682/1353/3

v 2.68419 0 -2.36218
vt 0.745264 0.496553
f 203/414/3 684/1355/3 683/1354/3

f 203/414/3 326/606/3 684/1355/3

vt 0.498512 0.11811
vn -0.5 0 0.866025
vt 0.529345 0.11811
vt 0.529345 0.314961
v 2.68419 5 -2.36218
vt 0.498512 0.314961
f 684/1356/253 326/1357/136 328/1358/136 685/1359/253 

v 3.40773 5 -7.85803
f 686/656/3 685/1355/3 328/606/3

v 2.68419 5 -7.55833
f 687/658/3 685/1355/3 686/656/3

v 2.06286 5 -7.08157
f 688/660/3 685/1355/3 687/658/3

v 2.06286 5 -2.83893
f 688/660/3 689/1354/3 685/1355/3

v 1.58611 5 -6.46025
f 690/662/3 689/1354/3 688/660/3

v 1.58611 5 -3.46025
f 690/662/3 691/1353/3 689/1354/3

v 1.28641 5 -4.1838
f 690/662/3 692/1352/3 691/1353/3

v 1.28641 5 -5.73671
f 693/663/3 692/1352/3 690/662/3

v 1.18419 5 -4.96025
f 692/1352/3 693/663/3 694/664/3

vt -0.714118 0.11811
vn -0.965926 0 -0.258819
vt -0.683285 0.11811
vn -1 0 4.61919e-16
vt -0.683285 0.314961
vt -0.714118 0.314961
f 360/1360/254 361/1361/255 694/1362/255 693/1363/254 

vt -0.504148 0.11811
vt -0.473315 0.11811
vn -0.965926 0 0.258819
vt -0.473315 0.314961
vt -0.504148 0.314961
f 361/1364/255 681/1365/256 692/1366/256 694/1367/255 

vt -0.260872 0.11811
vt -0.230039 0.11811
vn -0.866025 0 0.5
vt -0.230039 0.314961
vt -0.260872 0.314961
f 681/1368/256 682/1369/257 691/1370/257 692/1371/256 

vt -0.000869092 0.11811
vt 0.0299639 0.11811
vn -0.707107 0 0.707107
vt 0.0299639 0.314961
vt -0.000869092 0.314961
f 682/1372/257 683/1373/258 689/1374/258 691/1375/257 

vt 0.258143 0.11811
vt 0.288976 0.11811
vt 0.288976 0.314961
vt 0.258143 0.314961
f 683/1376/258 684/1377/253 685/1378/253 689/1379/258 

vt -0.876472 0.11811
vt -0.845639 0.11811
vt -0.845639 0.314961
vt -0.876472 0.314961
f 359/1380/4 360/1381/254 693/1382/254 690/1383/4 

vt -0.980147 0.11811
vt -0.949314 0.11811
vt -0.949314 0.314961
vt -0.980147 0.314961
f 357/1384/128 359/1385/4 690/1386/4 688/1387/128 

vt -1.01808 0.11811
vt -0.987244 0.11811
vt -0.987244 0.314961
vt -1.01808 0.314961
f 355/1388/127 357/1389/128 688/1390/128 687/1391/127 

vt -0.987677 0.11811
vt -0.956844 0.11811
vt -0.956844 0.314961
vt -0.987677 0.314961
f 353/1392/126 355/1393/127 687/1394/127 686/1395/126 

vt -0.891019 0.11811
vn -6.43887e-16 0 -1
vt -0.860186 0.11811
vt -0.860186 0.314961
v 4.18419 5 -7.96025
vt -0.891019 0.314961
f 350/1396/259 353/1397/126 686/1398/126 695/1399/259 

v 3.60463 5 -5.11554
vt 0.781502 0.604953
f 686/656/3 696/1400/3 695/653/3

v 3.58419 5 -4.96025
vt 0.780698 0.59884
f 686/656/3 697/1401/3 696/1400/3

f 686/656/3 328/606/3 697/1401/3

v 3.60463 5 -4.80496
vt 0.781502 0.592726
f 328/606/3 698/1402/3 697/1401/3

f 698/1402/3 328/606/3 327/605/3

v 3.66457 5 -4.66025
vt 0.783862 0.587029
f 698/1402/3 327/605/3 699/1403/3

v 3.75992 5 -4.53599
vt 0.787616 0.582136
f 699/1403/3 327/605/3 700/1404/3

v 3.88419 5 -4.44064
vt 0.792509 0.578382
f 700/1404/3 327/605/3 701/1405/3

v 4.02889 5 -4.3807
vt 0.798206 0.576022
f 701/1405/3 327/605/3 702/1406/3

v 4.18419 5 -4.36025
vt 0.80432 0.575218
f 702/1406/3 327/605/3 703/1407/3

f 703/1407/3 327/605/3 329/604/3

v 4.33948 5 -4.3807
vt 0.810433 0.576022
f 703/1407/3 329/604/3 704/1408/3

v 4.48419 5 -4.44064
vt 0.816131 0.578382
f 704/1408/3 329/604/3 705/1409/3

v 4.60845 5 -4.53599
vt 0.821023 0.582136
f 705/1409/3 329/604/3 706/1410/3

v 4.7038 5 -4.66025
vt 0.824777 0.587029
f 706/1410/3 329/604/3 707/1411/3

v 4.76374 5 -4.80496
vt 0.827137 0.592726
f 707/1411/3 329/604/3 708/1412/3

v 4.78419 5 -4.96025
vt 0.827942 0.59884
f 708/1412/3 329/604/3 709/1413/3

v 4.96064 5 -7.85803
f 709/1413/3 329/604/3 710/646/3

v 5.68419 5 -7.55833
f 710/646/3 329/604/3 711/644/3

f 711/644/3 329/604/3 330/603/3

f 711/644/3 330/603/3 331/602/3

v 6.30551 5 -7.08157
f 711/644/3 331/602/3 712/642/3

f 712/642/3 331/602/3 332/601/3

v 6.78226 5 -6.46025
f 712/642/3 332/601/3 713/641/3

f 713/641/3 332/601/3 333/600/3

f 713/641/3 333/600/3 336/639/3

f 336/639/3 333/600/3 334/593/3

vt 0.230039 0.11811
vt 0.260872 0.11811
vt 0.260872 0.314961
vt 0.230039 0.314961
f 335/1414/131 338/1415/132 713/1416/132 336/1417/131 

vt -0.0299639 0.11811
vt 0.000869092 0.11811
vt 0.000869092 0.314961
vt -0.0299639 0.314961
f 338/1418/132 339/1419/133 712/1420/133 713/1421/132 

vt -0.288976 0.11811
vt -0.258143 0.11811
vt -0.258143 0.314961
vt -0.288976 0.314961
f 339/1422/133 341/1423/134 711/1424/134 712/1425/133 

vt -0.529345 0.11811
vt -0.498512 0.11811
vt -0.498512 0.314961
vt -0.529345 0.314961
f 341/1426/134 343/1427/129 710/1428/129 711/1429/134 

vt -0.734691 0.11811
vt -0.703858 0.11811
vt -0.703858 0.314961
vt -0.734691 0.314961
f 343/1430/129 350/1431/259 695/1432/259 710/1433/129 

v 4.33948 5 -5.53981
vt 0.810433 0.621657
f 695/653/3 714/1434/3 710/646/3

v 4.18419 5 -5.56025
vt 0.80432 0.622462
f 695/653/3 715/1435/3 714/1434/3

v 4.02889 5 -5.53981
vt 0.798206 0.621657
f 695/653/3 716/1436/3 715/1435/3

v 3.88419 5 -5.47987
vt 0.792509 0.619297
f 695/653/3 717/1437/3 716/1436/3

v 3.75992 5 -5.38452
vt 0.787616 0.615543
f 695/653/3 718/1438/3 717/1437/3

v 3.66457 5 -5.26025
vt 0.783862 0.610651
f 695/653/3 719/1439/3 718/1438/3

f 695/653/3 696/1400/3 719/1439/3

vt 0.864139 0.314961
vt 0.857972 0.314961
v 3.60463 -2.66454e-15 -5.11554
vt 0.857972 0.11811
v 3.66457 -2.66454e-15 -5.26025
vt 0.864139 0.11811
f 719/1440/2 696/1441/135 720/1442/135 721/1443/2 

vt 0.701784 0.314961
vt 0.695618 0.314961
vn 1 0 -1.93166e-15
v 3.58419 -2.66454e-15 -4.96025
vt 0.695618 0.11811
vt 0.701784 0.11811
f 696/1444/135 697/1445/260 722/1446/260 720/1447/135 

vt 0.491815 0.314961
vt 0.485648 0.314961
v 3.60463 -2.66454e-15 -4.80496
vt 0.485648 0.11811
vt 0.491815 0.11811
f 697/1448/260 698/1449/131 723/1450/131 722/1451/260 

vt 0.248539 0.314961
vt 0.242373 0.314961
v 3.66457 -2.66454e-15 -4.66025
vt 0.242373 0.11811
vt 0.248539 0.11811
f 698/1452/131 699/1453/132 724/1454/132 723/1455/131 

vt -0.0114641 0.314961
vt -0.0176307 0.314961
v 3.75992 -2.66454e-15 -4.53599
vt -0.0176307 0.11811
vt -0.0114641 0.11811
f 699/1456/132 700/1457/133 725/1458/133 724/1459/132 

vt -0.270476 0.314961
vt -0.276643 0.314961
v 3.88419 -2.66454e-15 -4.44064
vt -0.276643 0.11811
vt -0.270476 0.11811
f 700/1460/133 701/1461/134 726/1462/134 725/1463/133 

vt -0.510845 0.314961
vt -0.517012 0.314961
v 4.02889 -2.66454e-15 -4.3807
vt -0.517012 0.11811
vt -0.510845 0.11811
f 701/1464/134 702/1465/129 727/1466/129 726/1467/134 

vt -0.716191 0.314961
vt -0.722358 0.314961
vn -1.93166e-15 0 -1
v 4.18419 -2.66454e-15 -4.36025
vt -0.722358 0.11811
vt -0.716191 0.11811
f 702/1468/129 703/1469/261 728/1470/261 727/1471/129 

vt -0.872519 0.314961
vt -0.878686 0.314961
v 4.33948 -2.66454e-15 -4.3807
vt -0.878686 0.11811
vt -0.872519 0.11811
f 703/1472/261 704/1473/126 729/1474/126 728/1475/261 

vt -0.969177 0.314961
vt -0.975344 0.314961
v 4.48419 -2.66454e-15 -4.44064
vt -0.975344 0.11811
vt -0.969177 0.11811
f 704/1476/126 705/1477/127 730/1478/127 729/1479/126 

vt -0.999577 0.314961
vt -1.00574 0.314961
v 4.60845 -2.66454e-15 -4.53599
vt -1.00574 0.11811
vt -0.999577 0.11811
f 705/1480/127 706/1481/128 731/1482/128 730/1483/127 

vt -0.961647 0.314961
vt -0.967813 0.314961
v 4.7038 -2.66454e-15 -4.66025
vt -0.967813 0.11811
vt -0.961647 0.11811
f 706/1484/128 707/1485/4 732/1486/4 731/1487/128 

vt -0.857972 0.314961
vt -0.864139 0.314961
v 4.76374 -2.66454e-15 -4.80496
vt -0.864139 0.11811
vt -0.857972 0.11811
f 707/1488/4 708/1489/254 733/1490/254 732/1491/4 

vt -0.695618 0.314961
vt -0.701784 0.314961
v 4.78419 -2.66454e-15 -4.96025
vt -0.701784 0.11811
vt -0.695618 0.11811
f 708/1492/254 709/1493/118 734/1494/118 733/1495/254 

vt -0.485648 0.314961
v 4.76374 5 -5.11554
vt -0.491815 0.314961
v 4.76374 -2.66454e-15 -5.11554
vt -0.491815 0.11811
vt -0.485648 0.11811
f 709/1496/118 735/1497/256 736/1498/256 734/1499/118 

vt 0.827137 0.604953
f 710/646/3 735/1500/3 709/1413/3

v 4.7038 5 -5.26025
vt 0.824777 0.610651
f 710/646/3 737/1501/3 735/1500/3

v 4.60845 5 -5.38452
vt 0.821023 0.615543
f 710/646/3 738/1502/3 737/1501/3

v 4.48419 5 -5.47987
vt 0.816131 0.619297
f 710/646/3 739/1503/3 738/1502/3

f 710/646/3 714/1434/3 739/1503/3

vt 0.517012 0.314961
vt 0.510845 0.314961
v 4.33948 -2.66454e-15 -5.53981
vt 0.510845 0.11811
v 4.48419 -2.66454e-15 -5.47987
vt 0.517012 0.11811
f 739/1504/253 714/1505/136 740/1506/136 741/1507/253 

vt 0.722358 0.314961
vt 0.716191 0.314961
vn 1.93166e-15 0 1
v 4.18419 -2.66454e-15 -5.56025
vt 0.716191 0.11811
vt 0.722358 0.11811
f 714/1508/136 715/1509/262 742/1510/262 740/1511/136 

vt 0.878686 0.314961
vt 0.872519 0.314961
v 4.02889 -2.66454e-15 -5.53981
vt 0.872519 0.11811
vt 0.878686 0.11811
f 715/1512/262 716/1513/145 743/1514/145 742/1515/262 

vt 0.975344 0.314961
vt 0.969177 0.314961
v 3.88419 -2.66454e-15 -5.47987
vt 0.969177 0.11811
vt 0.975344 0.11811
f 716/1516/145 717/1517/130 744/1518/130 743/1519/145 

vt 1.00574 0.314961
vt 0.999577 0.314961
v 3.75992 -2.66454e-15 -5.38452
vt 0.999577 0.11811
vt 1.00574 0.11811
f 717/1520/130 718/1521/1 745/1522/1 744/1523/130 

vt 0.967813 0.314961
vt 0.961647 0.314961
vt 0.961647 0.11811
vt 0.967813 0.11811
f 718/1524/1 719/1525/2 721/1526/2 745/1527/1 

v 4.7038 -2.66454e-15 -5.26025
v 4.60845 -2.66454e-15 -5.38452
f 724/1403/3 725/1404/3 726/1405/3 727/1406/3 728/1407/3 729/1408/3 730/1409/3 731/1410/3 732/1411/3 733/1412/3 734/1413/3 736/1500/3 746/1501/3 747/1502/3 741/1503/3 740/1434/3 742/1435/3 743/1436/3 744/1437/3 745/1438/3 721/1439/3 720/1400/3 722/1401/3 723/1402/3 

vt -0.242373 0.314961
vt -0.248539 0.314961
vt -0.248539 0.11811
vt -0.242373 0.11811
f 735/1528/256 737/1529/257 746/1530/257 736/1531/256 

vt 0.0176307 0.314961
vt 0.0114641 0.314961
vt 0.0114641 0.11811
vt 0.0176307 0.11811
f 737/1532/257 738/1533/258 747/1534/258 746/1535/257 

vt 0.276643 0.314961
vt 0.270476 0.314961
vt 0.270476 0.11811
vt 0.276643 0.11811
f 738/1536/258 739/1537/253 741/1538/253 747/1539/258 

f 203/414/3 393/719/3 33/34/3

f 33/34/3 393/719/3 394/720/3

f 33/34/3 394/720/3 431/795/3

v -2.31368 0 -112.635
vt 0.548498 4.838
f 748/1540/3 203/414/3 33/34/3

v -2.31368 0 2.73263
vt 0.548498 0.29597
f 748/1540/3 749/1541/3 203/414/3

v -2.51348 0 -112.153
vt 0.540632 4.81901
f 750/1542/3 749/1541/3 748/1540/3

v -2.51348 0 2.25027
vt 0.540632 0.314961
f 750/1542/3 751/1543/3 749/1541/3

v -2.83132 0 -111.738
vt 0.528119 4.8027
f 752/1544/3 751/1543/3 750/1542/3

v -2.83132 0 1.83606
vt 0.528119 0.331268
f 752/1544/3 753/1545/3 751/1543/3

v -3.24553 0 -111.42
vt 0.511811 4.79019
f 754/1546/3 753/1545/3 752/1544/3

v -3.24553 0 1.51822
vt 0.511811 0.343782
f 754/1546/3 755/1547/3 753/1545/3

v -3.72789 0 -111.221
vt 0.49282 4.78232
f 756/1548/3 755/1547/3 754/1546/3

v -3.72789 0 1.31842
vt 0.49282 0.351648
f 756/1548/3 757/1549/3 755/1547/3

v -4.24553 0 -111.153
vt 0.472441 4.77964
f 758/1550/3 757/1549/3 756/1548/3

f 48/49/3 757/1549/3 758/1550/3

v -4.24553 0 1.25027
vt 0.472441 0.354331
f 48/49/3 759/1551/3 757/1549/3

f 188/399/3 759/1551/3 48/49/3

v -4.76317 0 1.31842
vt 0.452061 0.351648
f 188/399/3 760/1552/3 759/1551/3

v -5.24553 0 1.51822
vt 0.433071 0.343782
f 188/399/3 761/1553/3 760/1552/3

v -5.65975 0 1.83606
vt 0.416763 0.331268
f 188/399/3 762/1554/3 761/1553/3

v -5.97758 0 2.25027
vt 0.40425 0.314961
f 188/399/3 763/1555/3 762/1554/3

f 188/399/3 190/401/3 763/1555/3

vt 0.445685 0.11811
vt 0.42513 0.11811
v -6.17738 -3 2.73263
vt 0.42513 6.38378e-16
v -5.97758 -3 2.25027
vt 0.445685 6.38378e-16
f 763/1556/2 190/1557/135 764/1558/135 765/1559/2 

vt 0.345176 0.11811
vt 0.324621 0.11811
vn 1 0 1.6797e-16
vt 0.324621 6.38378e-16
vt 0.345176 6.38378e-16
f 190/1560/135 191/1561/263 585/1562/263 764/1563/135 

vt 0.221845 0.11811
vt 0.201289 0.11811
vt 0.201289 6.38378e-16
vt 0.221845 6.38378e-16
f 191/1564/263 192/1565/131 584/1566/131 585/1567/263 

vt 0.0840948 0.11811
vt 0.0635395 0.11811
vt 0.0635395 6.38378e-16
vt 0.0840948 6.38378e-16
f 192/1568/131 193/1569/132 583/1570/132 584/1571/131 

vt -0.0586855 0.11811
vt -0.0792408 0.11811
vt -0.0792408 6.38378e-16
vt -0.0586855 6.38378e-16
f 193/1572/132 194/1573/133 582/1574/133 583/1575/132 

vt -0.196766 0.11811
vt -0.217321 0.11811
vt -0.217321 6.38378e-16
vt -0.196766 6.38378e-16
f 194/1576/133 195/1577/134 581/1578/134 582/1579/133 

vt -0.320737 0.11811
vt -0.341292 0.11811
vt -0.341292 6.38378e-16
vt -0.320737 6.38378e-16
f 195/1580/134 196/1581/129 580/1582/129 581/1583/134 

vt -0.42215 0.11811
vt -0.442705 0.11811
vn -1.25978e-15 0 -1
vt -0.442705 6.38378e-16
vt -0.42215 6.38378e-16
f 196/1584/129 197/1585/264 578/1586/264 580/1587/129 

vt -0.494093 0.11811
vt -0.514649 0.11811
vt -0.514649 6.38378e-16
vt -0.494093 6.38378e-16
f 197/1588/264 198/1589/126 577/1590/126 578/1591/264 

vt -0.531665 0.11811
vt -0.55222 0.11811
vt -0.55222 6.38378e-16
vt -0.531665 6.38378e-16
f 198/1592/126 199/1593/127 576/1594/127 577/1595/126 

vt -0.532304 0.11811
vt -0.552859 0.11811
vt -0.552859 6.38378e-16
vt -0.532304 6.38378e-16
f 199/1596/127 200/1597/128 575/1598/128 576/1599/127 

vt -0.495967 0.11811
vt -0.516522 0.11811
vt -0.516522 6.38378e-16
vt -0.495967 6.38378e-16
f 200/1600/128 201/1601/4 574/1602/4 575/1603/128 

vt -0.42513 0.11811
vt -0.445685 0.11811
vt -0.445685 6.38378e-16
vt -0.42513 6.38378e-16
f 201/1604/4 202/1605/254 573/1606/254 574/1607/4 

vt -0.324621 0.11811
vt -0.345176 0.11811
vn -1 0 1.53973e-16
vt -0.345176 6.38378e-16
vt -0.324621 6.38378e-16
f 202/1608/254 203/1609/265 566/1610/265 573/1611/254 

vt -0.201289 0.11811
vt -0.221845 0.11811
v -2.31368 -3 2.73263
vt -0.221845 6.38378e-16
vt -0.201289 6.38378e-16
f 203/1612/265 749/1613/256 766/1614/256 566/1615/265 

vt -0.0635395 0.11811
vt -0.0840948 0.11811
v -2.51348 -3 2.25027
vt -0.0840948 6.38378e-16
vt -0.0635395 6.38378e-16
f 749/1616/256 751/1617/257 767/1618/257 766/1619/256 

vt 0.0792408 0.11811
vt 0.0586855 0.11811
v -2.83132 -3 1.83606
vt 0.0586855 6.38378e-16
vt 0.0792408 6.38378e-16
f 751/1620/257 753/1621/258 768/1622/258 767/1623/257 

vt 0.217321 0.11811
vt 0.196766 0.11811
v -3.24553 -3 1.51822
vt 0.196766 6.38378e-16
vt 0.217321 6.38378e-16
f 753/1624/258 755/1625/253 769/1626/253 768/1627/258 

vt 0.341292 0.11811
vt 0.320737 0.11811
v -3.72789 -3 1.31842
vt 0.320737 6.38378e-16
vt 0.341292 6.38378e-16
f 755/1628/253 757/1629/136 770/1630/136 769/1631/253 

vt 0.442705 0.11811
vt 0.42215 0.11811
vn -9.79828e-17 0 1
v -4.24553 -3 1.25027
vt 0.42215 6.38378e-16
vt 0.442705 6.38378e-16
f 757/1632/136 759/1633/266 771/1634/266 770/1635/136 

vt 0.514649 0.11811
vt 0.494093 0.11811
v -4.76317 -3 1.31842
vt 0.494093 6.38378e-16
vt 0.514649 6.38378e-16
f 759/1636/266 760/1637/145 772/1638/145 771/1639/266 

vt 0.55222 0.11811
vt 0.531665 0.11811
v -5.24553 -3 1.51822
vt 0.531665 6.38378e-16
vt 0.55222 6.38378e-16
f 760/1640/145 761/1641/130 773/1642/130 772/1643/145 

vt 0.552859 0.11811
vt 0.532304 0.11811
v -5.65975 -3 1.83606
vt 0.532304 6.38378e-16
vt 0.552859 6.38378e-16
f 761/1644/130 762/1645/1 774/1646/1 773/1647/130 

vt 0.516522 0.11811
vt 0.495967 0.11811
vt 0.495967 6.38378e-16
vt 0.516522 6.38378e-16
f 762/1648/1 763/1649/2 765/1650/2 774/1651/1 

vt -0.40425 0.314961
v -5.65975 -3 -111.738
vt -0.416763 4.8027
vt -0.416763 0.331268
f 765/1652/75 775/1653/75 774/1654/75

v -5.97758 -3 -112.153
vt -0.40425 4.81901
f 765/1652/75 776/1655/75 775/1653/75

vt -0.396384 0.29597
f 764/1656/75 776/1655/75 765/1652/75

v -6.17738 -3 -112.635
vt -0.396384 4.838
f 764/1656/75 777/1657/75 776/1655/75

f 585/1124/75 777/1657/75 764/1656/75

f 777/1657/75 585/1124/75 586/1125/75

vt 4.76542 0.11811
vn 1 0 -6.85879e-16
vt 4.74487 0.11811
vt 4.74487 1.11022e-15
vt 4.76542 1.11022e-15
f 46/1658/267 47/1659/131 777/1660/131 586/1661/267 

vt 4.31804 0.11811
v -5.97758 0 -112.153
vt 4.29748 0.11811
vt 4.29748 1.11022e-15
vt 4.31804 1.11022e-15
f 47/1662/131 778/1663/132 776/1664/132 777/1665/131 

vt 0.40425 4.81901
f 47/48/3 48/49/3 778/1666/3

v -5.65975 0 -111.738
vt 0.416763 4.8027
f 778/1666/3 48/49/3 779/1667/3

v -5.24553 0 -111.42
vt 0.433071 4.79019
f 779/1667/3 48/49/3 780/1668/3

v -4.76317 0 -111.221
vt 0.452061 4.78232
f 780/1668/3 48/49/3 781/1669/3

f 781/1669/3 48/49/3 758/1550/3

vt 0.176024 0.11811
vt 0.155469 0.11811
vn 6.99877e-17 0 -1
v -4.24553 -3 -111.153
vt 0.155469 1.11022e-15
v -4.76317 -3 -111.221
vt 0.176024 1.11022e-15
f 781/1670/129 758/1671/268 782/1672/268 783/1673/129 

vt -1.09227 0.11811
vt -1.11282 0.11811
v -3.72789 -3 -111.221
vt -1.11282 1.11022e-15
vt -1.09227 1.11022e-15
f 758/1674/268 756/1675/126 784/1676/126 782/1677/268 

vt -2.28542 0.11811
vt -2.30598 0.11811
v -3.24553 -3 -111.42
vt -2.30598 1.11022e-15
vt -2.28542 1.11022e-15
f 756/1678/126 754/1679/127 785/1680/127 784/1681/126 

vt -3.32213 0.11811
vt -3.34268 0.11811
v -2.83132 -3 -111.738
vt -3.34268 1.11022e-15
vt -3.32213 1.11022e-15
f 754/1682/127 752/1683/128 786/1684/128 785/1685/127 

vt -4.13174 0.11811
vt -4.15229 0.11811
v -2.51348 -3 -112.153
vt -4.15229 1.11022e-15
vt -4.13174 1.11022e-15
f 752/1686/128 750/1687/4 787/1688/4 786/1689/128 

vt -4.65907 0.11811
vt -4.67963 0.11811
v -2.31368 -3 -112.635
vt -4.67963 1.11022e-15
vt -4.65907 1.11022e-15
f 750/1690/4 748/1691/254 788/1692/254 787/1693/4 

vt -4.8682 0.11811
vt -4.88876 0.11811
vn -1 0 3.49938e-16
v -2.24553 -3 -113.153
vt -4.88876 1.11022e-15
vt -4.8682 1.11022e-15
f 748/1694/254 33/1695/269 789/1696/269 788/1697/254 

vt -4.74487 0.11811
vt -4.76542 0.11811
v -2.31368 -3 -113.67
vt -4.76542 1.11022e-15
vt -4.74487 1.11022e-15
f 33/1698/269 34/1699/256 790/1700/256 789/1701/269 

vt -4.29748 0.11811
vt -4.31804 0.11811
v -2.51348 -3 -114.153
vt -4.31804 1.11022e-15
vt -4.29748 1.11022e-15
f 34/1702/256 35/1703/257 791/1704/257 790/1705/256 

vt -3.55653 0.11811
vt -3.57708 0.11811
v -2.83132 -3 -114.567
vt -3.57708 1.11022e-15
vt -3.55653 1.11022e-15
f 35/1706/257 36/1707/258 792/1708/258 791/1709/257 

vt -2.5725 0.11811
vt -2.59306 0.11811
v -3.24553 -3 -114.885
vt -2.59306 1.11022e-15
vt -2.5725 1.11022e-15
f 36/1710/258 37/1711/253 793/1712/253 792/1713/258 

vt -1.41246 0.11811
vt -1.43302 0.11811
v -3.72789 -3 -115.084
vt -1.43302 1.11022e-15
vt -1.41246 1.11022e-15
f 37/1714/253 38/1715/136 794/1716/136 793/1717/253 

vt -0.155469 0.11811
vt -0.176024 0.11811
vn -6.99877e-17 0 1
v -4.24553 -3 -115.153
vt -0.176024 1.11022e-15
vt -0.155469 1.11022e-15
f 38/1718/136 39/1719/270 795/1720/270 794/1721/136 

vt 1.11282 0.11811
vt 1.09227 0.11811
v -4.76317 -3 -115.084
vt 1.09227 1.11022e-15
vt 1.11282 1.11022e-15
f 39/1722/270 41/1723/145 796/1724/145 795/1725/270 

vt 2.30598 0.11811
vt 2.28542 0.11811
v -5.24553 -3 -114.885
vt 2.28542 1.11022e-15
vt 2.30598 1.11022e-15
f 41/1726/145 42/1727/130 797/1728/130 796/1729/145 

vt 3.34268 0.11811
vt 3.32213 0.11811
v -5.65975 -3 -114.567
vt 3.32213 1.11022e-15
vt 3.34268 1.11022e-15
f 42/1730/130 43/1731/1 798/1732/1 797/1733/130 

vt 4.15229 0.11811
vt 4.13174 0.11811
v -5.97758 -3 -114.153
vt 4.13174 1.11022e-15
vt 4.15229 1.11022e-15
f 43/1734/1 44/1735/2 799/1736/2 798/1737/1 

vt 4.67963 0.11811
vt 4.65907 0.11811
v -6.17738 -3 -113.67
vt 4.65907 1.11022e-15
vt 4.67963 1.11022e-15
f 44/1738/2 45/1739/135 800/1740/135 799/1741/2 

vt 4.88876 0.11811
vt 4.8682 0.11811
vt 4.8682 1.11022e-15
vt 4.88876 1.11022e-15
f 45/1742/135 46/1743/267 586/1744/267 800/1745/135 

vt -0.396384 4.87876
f 586/1125/75 587/1126/75 800/1746/75

vt -0.40425 4.89775
f 800/1746/75 587/1126/75 799/1747/75

vt -0.416763 4.91405
f 799/1747/75 587/1126/75 798/1748/75

vt -0.433071 4.92657
f 798/1748/75 587/1126/75 797/1749/75

vt -0.452061 4.93443
f 797/1749/75 587/1126/75 796/1750/75

vt -0.472441 4.93712
f 796/1750/75 587/1126/75 795/1751/75

f 795/1751/75 587/1126/75 605/1203/75

v -10.2455 11.316 -120.153
vt -0.23622 0.56362
vn -0.062453 0.062453 -0.996092
v 149.321 11.316 -120.153
vt -6.51836 0.56362
vn 0.062453 0.062453 -0.996092
vt -6.51836 6.80012e-16
vn 0.0933618 0 -0.995632
vt -0.23622 6.80012e-16
vn -0.0933618 -1.373e-19 -0.995632
f 801/1752/271 802/1753/272 605/1754/273 587/1755/274 

v -10.2455 12.1569 -119.993
vt -0.23622 -0.366957
vn 0 0.707106 -0.707107
vt -6.51836 -0.366957
vt -6.51836 -0.400651
vt -0.23622 -0.400651
f 803/1756/275 602/1757/275 802/1758/272 801/1759/271 

vt -0.23622 -4.89368
vt -6.51836 -4.89368
vt -6.51836 -4.92737
vt -0.23622 -4.92737
f 155/1760/98 158/1761/100 602/1762/275 803/1763/275 

vt -3.79287 -3.18701
vn -0.219518 0.689859 -0.689859
vt -3.76946 -3.20459
vt -3.74605 -3.18701
vt -3.76946 -3.16278
f 803/1764/276 152/1765/45 151/1766/44 155/1767/28 

vt -1.18539 -0.326187
vt -1.18655 -0.35986
vn -0.182777 0.182777 -0.966015
vt -1.15286 -0.35986
vt -1.15648 -0.330809
f 803/1768/276 801/1769/277 149/1770/94 152/1771/45 

vt -1.15285 6.81379e-16
vt -1.15285 0.56362
vt -1.18655 0.56362
vt -1.18655 6.81379e-16
f 150/1772/93 149/1773/93 801/1774/271 587/1775/274 

vt -5.48397 -0.589379
vt -5.45027 -0.589379
vn 0.182777 0.182777 -0.966015
vt -5.45144 -0.555706
vt -5.48034 -0.560328
f 603/1776/226 802/1777/278 602/1778/223 601/1779/222 

vt -5.48397 0.56362
vt -5.48397 6.80012e-16
vt -5.45028 6.80012e-16
vt -5.45028 0.56362
f 603/1780/227 604/1781/227 605/1782/273 802/1783/272 

vt -0.49282 4.93443
f 795/1751/75 605/1203/75 794/1784/75

vt -0.511811 4.92657
f 794/1784/75 605/1203/75 793/1785/75

vt -0.528119 4.91405
f 793/1785/75 605/1203/75 792/1786/75

vt -0.540632 4.89775
f 792/1786/75 605/1203/75 791/1787/75

vt -0.548498 4.87876
f 791/1787/75 605/1203/75 790/1788/75

vt -0.551181 4.85838
f 790/1788/75 605/1203/75 789/1789/75

v 1.34036 -3 -94.698
vt -0.692358 4.13182
f 789/1789/75 605/1203/75 804/1790/75

v 1.75447 -3 -94.7525
vt -0.708661 4.13397
f 804/1790/75 605/1203/75 805/1791/75

v 2.16858 -3 -94.698
vt -0.724965 4.13182
f 805/1791/75 605/1203/75 806/1792/75

v 2.55447 -3 -94.5381
vt -0.740157 4.12553
f 806/1792/75 605/1203/75 807/1793/75

v 2.88584 -3 -94.2839
vt -0.753204 4.11552
f 807/1793/75 605/1203/75 808/1794/75

v 3.14011 -3 -93.9525
vt -0.763214 4.10247
f 808/1794/75 605/1203/75 809/1795/75

v 3.29995 -3 -93.5666
vt -0.769507 4.08728
f 809/1795/75 605/1203/75 810/1796/75

v 3.35447 -3 -93.1525
vt -0.771654 4.07098
f 810/1796/75 605/1203/75 811/1797/75

v 36.1235 -3 -94.698
vt -2.06177 4.13182
f 811/1797/75 605/1203/75 812/1798/75

v 36.5376 -3 -94.7525
vt -2.07808 4.13397
f 812/1798/75 605/1203/75 813/1799/75

v 36.9517 -3 -94.698
vt -2.09438 4.13182
f 813/1799/75 605/1203/75 814/1800/75

v 37.3376 -3 -94.5381
vt -2.10957 4.12553
f 814/1800/75 605/1203/75 815/1801/75

v 37.669 -3 -94.2839
vt -2.12262 4.11552
f 815/1801/75 605/1203/75 816/1802/75

v 37.9232 -3 -93.9525
vt -2.13263 4.10247
f 816/1802/75 605/1203/75 817/1803/75

v 38.0831 -3 -93.5666
vt -2.13892 4.08728
f 817/1803/75 605/1203/75 818/1804/75

v 38.1376 -3 -93.1525
vt -2.14107 4.07098
f 818/1804/75 605/1203/75 819/1805/75

v 69.1235 -3 -94.698
vt -3.36098 4.13182
f 819/1805/75 605/1203/75 820/1806/75

v 69.5376 -3 -94.7525
vt -3.37729 4.13397
f 820/1806/75 605/1203/75 821/1807/75

v 69.9517 -3 -94.698
vt -3.39359 4.13182
f 821/1807/75 605/1203/75 822/1808/75

v 70.3376 -3 -94.5381
vt -3.40878 4.12553
f 822/1808/75 605/1203/75 823/1809/75

v 70.669 -3 -94.2839
vt -3.42183 4.11552
f 823/1809/75 605/1203/75 824/1810/75

v 70.9232 -3 -93.9525
vt -3.43184 4.10247
f 824/1810/75 605/1203/75 825/1811/75

v 71.0831 -3 -93.5666
vt -3.43813 4.08728
f 825/1811/75 605/1203/75 826/1812/75

v 71.1376 -3 -93.1525
vt -3.44028 4.07098
f 826/1812/75 605/1203/75 827/1813/75

v 101.738 -3 -94.5381
vt -4.645 4.12553
f 827/1813/75 605/1203/75 828/1814/75

v 102.123 -3 -94.698
vt -4.6602 4.13182
f 828/1814/75 605/1203/75 829/1815/75

v 102.538 -3 -94.7525
vt -4.6765 4.13397
f 829/1815/75 605/1203/75 830/1816/75

v 102.952 -3 -94.698
vt -4.6928 4.13182
f 830/1816/75 605/1203/75 831/1817/75

v 103.338 -3 -94.5381
vt -4.708 4.12553
f 831/1817/75 605/1203/75 832/1818/75

v 103.669 -3 -94.2839
vt -4.72104 4.11552
f 832/1818/75 605/1203/75 833/1819/75

v 103.923 -3 -93.9525
vt -4.73105 4.10247
f 833/1819/75 605/1203/75 834/1820/75

v 104.083 -3 -93.5666
vt -4.73735 4.08728
f 834/1820/75 605/1203/75 835/1821/75

v 104.138 -3 -93.1525
vt -4.73949 4.07098
f 835/1821/75 605/1203/75 836/1822/75

v 142.321 -3 -114.885
vt -6.24276 4.92657
f 836/1822/75 605/1203/75 837/1823/75

v 142.803 -3 -115.084
vt -6.26176 4.93443
f 837/1823/75 605/1203/75 838/1824/75

v 143.321 -3 -115.153
vt -6.28213 4.93712
f 838/1824/75 605/1203/75 839/1825/75

v 143.838 -3 -115.084
vt -6.30251 4.93443
f 839/1825/75 605/1203/75 840/1826/75

v 144.321 -3 -114.885
vt -6.3215 4.92657
f 840/1826/75 605/1203/75 841/1827/75

v 144.735 -3 -114.567
vt -6.33781 4.91405
f 841/1827/75 605/1203/75 842/1828/75

v 145.053 -3 -114.153
vt -6.35033 4.89775
f 842/1828/75 605/1203/75 843/1829/75

v 145.253 -3 -113.67
vt -6.35819 4.87876
f 843/1829/75 605/1203/75 844/1830/75

v 145.321 -3 -113.153
vt -6.36088 4.85838
f 844/1830/75 605/1203/75 845/1831/75

f 845/1831/75 605/1203/75 606/1204/75

v 145.253 -3 -112.635
vt -6.35819 4.838
f 606/1204/75 846/1832/75 845/1831/75

v 145.253 -3 2.73263
vt -6.35819 0.29597
f 847/1833/75 846/1832/75 606/1204/75

v 145.053 -3 2.25027
vt -6.35033 0.314961
f 848/1834/75 846/1832/75 847/1833/75

v 145.053 -3 -112.153
vt -6.35033 4.81901
f 848/1834/75 849/1835/75 846/1832/75

v 144.735 -3 1.83606
vt -6.33781 0.331268
f 850/1836/75 849/1835/75 848/1834/75

v 144.735 -3 -111.738
vt -6.33781 4.8027
f 850/1836/75 851/1837/75 849/1835/75

v 144.321 -3 1.51822
vt -6.3215 0.343782
f 852/1838/75 851/1837/75 850/1836/75

v 144.321 -3 -111.42
vt -6.3215 4.79019
f 852/1838/75 853/1839/75 851/1837/75

v 143.838 -3 -111.221
vt -6.30251 4.78232
f 852/1838/75 854/1840/75 853/1839/75

v 143.838 -3 1.31842
vt -6.30251 0.351648
f 855/1841/75 854/1840/75 852/1838/75

v 143.321 -3 1.25027
vt -6.28213 0.354331
f 856/1842/75 854/1840/75 855/1841/75

v 143.321 -3 -111.153
vt -6.28213 4.77964
f 856/1842/75 857/1843/75 854/1840/75

v 142.803 -3 -111.221
vt -6.26176 4.78232
f 856/1842/75 858/1844/75 857/1843/75

v 142.803 -3 1.31842
vt -6.26176 0.351648
f 859/1845/75 858/1844/75 856/1842/75

v 142.321 -3 1.51822
vt -6.24276 0.343782
f 860/1846/75 858/1844/75 859/1845/75

v 142.321 -3 -111.42
vt -6.24276 4.79019
f 860/1846/75 861/1847/75 858/1844/75

v 141.906 -3 1.83606
vt -6.22646 0.331268
f 862/1848/75 861/1847/75 860/1846/75

v 141.906 -3 -111.738
vt -6.22646 4.8027
f 862/1848/75 863/1849/75 861/1847/75

v 141.589 -3 2.25027
vt -6.21394 0.314961
f 864/1850/75 863/1849/75 862/1848/75

v 141.589 -3 -112.153
vt -6.21394 4.81901
f 864/1850/75 865/1851/75 863/1849/75

v 141.389 -3 -112.635
vt -6.20608 4.838
f 864/1850/75 866/1852/75 865/1851/75

v 141.389 -3 2.73263
vt -6.20608 0.29597
f 867/1853/75 866/1852/75 864/1850/75

v 141.321 -3 3.25027
vt -6.20339 0.275591
f 868/1854/75 866/1852/75 867/1853/75

v 141.321 -3 -113.153
vt -6.20339 4.85838
f 866/1852/75 868/1854/75 869/1855/75

v 138.921 -3 -21.8855
vt -6.10891 1.26519
f 868/1854/75 870/1856/75 869/1855/75

v 138.866 -3 -21.4714
vt -6.10676 1.24888
f 868/1854/75 871/1857/75 870/1856/75

v 138.706 -3 -21.0855
vt -6.10047 1.23369
f 868/1854/75 872/1858/75 871/1857/75

v 138.452 -3 -20.7541
vt -6.09046 1.22065
f 868/1854/75 873/1859/75 872/1858/75

v 138.121 -3 -20.4999
vt -6.07741 1.21064
f 868/1854/75 874/1860/75 873/1859/75

v 141.389 -3 3.76791
vt -6.20608 0.255211
f 875/1861/75 874/1860/75 868/1854/75

v 137.735 -3 -20.34
vt -6.06222 1.20434
f 875/1861/75 876/1862/75 874/1860/75

v 137.433 -3 -13.2076
vt -6.05032 0.923537
f 875/1861/75 877/1863/75 876/1862/75

v 137.412 -3 -13.0523
vt -6.04952 0.917423
f 875/1861/75 878/1864/75 877/1863/75

v 137.352 -3 -12.9076
vt -6.04716 0.911726
f 875/1861/75 879/1865/75 878/1864/75

v 137.257 -3 -12.7833
vt -6.0434 0.906834
f 875/1861/75 880/1866/75 879/1865/75

v 137.133 -3 -12.688
vt -6.03851 0.90308
f 875/1861/75 881/1867/75 880/1866/75

v 136.988 -3 -12.628
vt -6.03281 0.90072
f 875/1861/75 882/1868/75 881/1867/75

v 136.833 -3 -12.6076
vt -6.0267 0.899915
f 875/1861/75 883/1869/75 882/1868/75

v 136.677 -3 -12.628
vt -6.02059 0.90072
f 875/1861/75 884/1870/75 883/1869/75

v 136.533 -3 -12.688
vt -6.01489 0.90308
f 875/1861/75 885/1871/75 884/1870/75

v 136.408 -3 -12.7833
vt -6.01 0.906834
f 875/1861/75 886/1872/75 885/1871/75

v 136.313 -3 -12.9076
vt -6.00624 0.911726
f 875/1861/75 887/1873/75 886/1872/75

v 136.253 -3 -13.0523
vt -6.00388 0.917423
f 875/1861/75 888/1874/75 887/1873/75

f 875/1861/75 615/1213/75 888/1874/75

v 141.589 -3 4.25027
vt -6.21394 0.23622
f 889/1875/75 615/1213/75 875/1861/75

v 141.906 -3 4.66449
vt -6.22646 0.219913
f 890/1876/75 615/1213/75 889/1875/75

f 614/1212/75 615/1213/75 890/1876/75

v 141.906 0 4.66449
vt -4.80591 0.11811
vt -4.82646 0.11811
vt -4.82646 6.38378e-16
vt -4.80591 6.38378e-16
f 891/1877/133 209/1878/134 614/1879/134 890/1880/133 

v 136.064 0 1.99029
vt 5.99643 0.325196
vt 6.22646 0.219913
f 892/1881/3 209/420/3 891/1882/3

f 208/419/3 209/420/3 892/1881/3

vt 2.97144 0.11811
vn 0.821227 0 0.570602
vt 3.03853 0.11811
vn 0.940927 0 0.33861
v 136.064 6.37327 1.99029
vt 3.03853 0.369026
v 135.282 6.37327 3.50466
vt 2.97144 0.369026
f 208/1883/279 892/1884/280 893/1885/280 894/1886/279 

vt 1.59437 0.11811
v 136.427 0 0.325293
vt 1.66146 0.11811
vn 0.996504 0 0.0835425
v 136.427 6.37327 0.325293
vt 1.66146 0.369026
vt 1.59437 0.369026
f 892/1887/280 895/1888/281 896/1889/281 893/1890/280 

vt 6.01071 0.390747
f 892/1881/3 891/1882/3 895/1891/3

v 141.589 0 4.25027
vt 6.21394 0.23622
f 895/1891/3 891/1882/3 897/1892/3

vt -3.5954 0.11811
vt -3.61596 0.11811
vt -3.61596 6.38378e-16
vt -3.5954 6.38378e-16
f 897/1893/132 891/1894/133 890/1895/133 889/1896/132 

v 141.389 0 3.76791
vt -2.13918 0.11811
vt -2.15973 0.11811
vt -2.15973 6.38378e-16
vt -2.13918 6.38378e-16
f 898/1897/131 897/1898/132 889/1899/132 875/1900/131 

vt 6.20608 0.255211
f 895/1891/3 897/1892/3 898/1901/3

v 136.833 0 -10.2076
vt 6.0267 0.805427
f 895/1891/3 898/1901/3 899/1902/3

v 137.609 0 -10.3098
vt 6.05727 0.809451
f 899/1902/3 898/1901/3 900/1903/3

v 138.333 0 -10.6095
vt 6.08576 0.821251
f 900/1903/3 898/1901/3 901/1904/3

v 138.954 0 -11.0862
vt 6.11022 0.84002
f 901/1904/3 898/1901/3 902/1905/3

v 141.321 0 3.25027
vt 6.20339 0.275591
f 902/1905/3 898/1901/3 903/1906/3

vt -0.536473 0.11811
vn 1 0 6.99877e-17
vt -0.557028 0.11811
vt -0.557028 6.38378e-16
vt -0.536473 6.38378e-16
f 903/1907/282 898/1908/131 875/1909/131 868/1910/282 

v 141.389 0 2.73263
vt 1.10349 0.11811
vt 1.08294 0.11811
vt 1.08294 6.38378e-16
vt 1.10349 6.38378e-16
f 904/1911/135 903/1912/282 868/1913/282 867/1914/135 

v 141.405 2.35367e-14 -98.4905
vt 6.20671 4.28113
vt 6.20608 0.29597
f 905/1915/3 903/1906/3 904/1916/3

v 139.929 0 -54.9511
vt 6.14862 2.56698
f 905/1915/3 906/1917/3 903/1906/3

v 139.929 0 -73.9511
vt 6.14862 3.31502
f 905/1915/3 907/1918/3 906/1917/3

v 139.928 0 -93.1657
vt 6.14855 4.0715
f 905/1915/3 908/1919/3 907/1918/3

v 139.917 2.35367e-14 -97.8743
vt 6.14814 4.25687
f 909/1920/3 908/1919/3 905/1915/3

v 139.84 0 -93.8277
vt 6.14512 4.09756
f 909/1920/3 910/1921/3 908/1919/3

v 139.58 0 -94.4568
vt 6.13486 4.12233
f 909/1920/3 911/1922/3 910/1921/3

v 139.165 0 -94.9971
vt 6.11854 4.1436
f 909/1920/3 912/1923/3 911/1922/3

v 138.625 0 -95.4116
vt 6.09727 4.15992
f 909/1920/3 913/1924/3 912/1923/3

v 138.321 2.35367e-14 -97.6641
vt 6.08528 4.2486
f 914/1925/3 913/1924/3 909/1920/3

v 137.996 0 -95.6722
vt 6.0725 4.17018
f 914/1925/3 915/1926/3 913/1924/3

v 137.321 0 -95.7611
vt 6.04591 4.17368
f 914/1925/3 916/1927/3 915/1926/3

v 136.724 2.35367e-14 -97.8743
vt 6.02243 4.25687
f 917/1928/3 916/1927/3 914/1925/3

v 136.646 0 -95.6722
vt 6.01933 4.17018
f 917/1928/3 918/1929/3 916/1927/3

v 136.016 0 -95.4116
vt 5.99456 4.15992
f 917/1928/3 919/1930/3 918/1929/3

v 135.476 0 -94.9971
vt 5.97329 4.1436
f 917/1928/3 920/1931/3 919/1930/3

v 135.236 2.35367e-14 -98.4905
vt 5.96386 4.28113
f 921/1932/3 920/1931/3 917/1928/3

v 135.062 0 -94.4568
vt 5.95697 4.12233
f 921/1932/3 922/1933/3 920/1931/3

v 134.801 0 -93.8277
vt 5.94671 4.09756
f 921/1932/3 923/1934/3 922/1933/3

v 134.712 0 -93.1525
vt 5.94321 4.07098
f 921/1932/3 924/1935/3 923/1934/3

v 133.959 2.35367e-14 -99.4708
vt 5.91356 4.31973
f 925/1936/3 924/1935/3 921/1932/3

v 134.235 0 -86.4818
vt 5.92441 3.80835
f 925/1936/3 926/1937/3 924/1935/3

v 133.935 0 -85.7583
vt 5.91261 3.77986
f 925/1936/3 927/1938/3 926/1937/3

v 133.833 0 -84.9818
vt 5.90859 3.7493
f 925/1936/3 928/1939/3 927/1938/3

v 132.979 2.35367e-14 -100.748
vt 5.87497 4.37003
f 929/1940/3 928/1939/3 925/1936/3

v 133.646 0 -5.58075
vt 5.90126 0.623269
f 929/1940/3 930/1941/3 928/1939/3

v 132.362 2.35367e-14 -102.236
vt 5.8507 4.4286
f 931/1942/3 930/1941/3 929/1940/3

v 132.152 2.35367e-14 -103.833
vt 5.84243 4.49145
f 932/1943/3 930/1941/3 931/1942/3

v 132.132 0 -6.36211
vt 5.84164 0.654031
f 930/1941/3 932/1943/3 933/1944/3

v 130.467 0 -6.7249
vt 5.77609 0.668314
f 932/1943/3 934/1945/3 933/1944/3

v 128.765 0 -6.6444
vt 5.70907 0.665145
f 932/1943/3 935/1946/3 934/1945/3

v 127.142 0 -6.12609
vt 5.64516 0.644739
f 932/1943/3 936/1947/3 935/1946/3

v 125.858 0 -95.057
vt 5.59464 4.14596
f 932/1943/3 937/1948/3 936/1947/3

v 132.362 2.35367e-14 -105.429
vt 5.8507 4.55431
f 938/1949/3 937/1948/3 932/1943/3

v 132.979 2.35367e-14 -106.917
vt 5.87497 4.61288
f 939/1950/3 937/1948/3 938/1949/3

v 125.779 0 -95.7444
vt 5.59152 4.17302
f 939/1950/3 940/1951/3 937/1948/3

v 125.525 0 -96.3879
vt 5.58151 4.19835
f 939/1950/3 941/1952/3 940/1951/3

v 125.112 0 -96.9436
vt 5.56528 4.22023
f 939/1950/3 942/1953/3 941/1952/3

v 133.959 2.35367e-14 -108.194
vt 5.91356 4.66318
f 943/1954/3 942/1953/3 939/1950/3

v 124.57 0 -97.3737
vt 5.54394 4.23716
f 943/1954/3 944/1955/3 942/1953/3

v 123.936 0 -97.6488
vt 5.51894 4.248
f 943/1954/3 945/1956/3 944/1955/3

v 123.251 0 -97.7503
vt 5.49199 4.25199
f 943/1954/3 946/1957/3 945/1956/3

v 122.564 0 -97.6711
vt 5.46493 4.24887
f 943/1954/3 947/1958/3 946/1957/3

v 121.92 0 -97.4167
vt 5.4396 4.23886
f 943/1954/3 948/1959/3 947/1958/3

v 121.365 0 -97.0045
vt 5.41772 4.22263
f 943/1954/3 949/1960/3 948/1959/3

v 107.109 0 -84.9818
vt 4.85646 3.7493
f 943/1954/3 950/1961/3 949/1960/3

v 107.006 0 -85.7583
vt 4.85244 3.77986
f 943/1954/3 951/1962/3 950/1961/3

v 106.707 0 -86.4818
vt 4.84064 3.80835
f 943/1954/3 952/1963/3 951/1962/3

v 141.906 0 -114.567
vt 6.22646 4.91405
f 953/1964/3 952/1963/3 943/1954/3

v 106.23 0 -87.1032
vt 4.82187 3.83281
f 953/1964/3 954/1965/3 952/1963/3

v 105.609 0 -87.5799
vt 4.79741 3.85158
f 953/1964/3 955/1966/3 954/1965/3

f 226/437/3 955/1966/3 953/1964/3

v 105.146 0 -93.1525
vt 4.7792 4.07098
f 226/437/3 956/1967/3 955/1966/3

v 105.057 0 -93.8277
vt 4.7757 4.09756
f 226/437/3 957/1968/3 956/1967/3

v 104.797 0 -94.4568
vt 4.76544 4.12233
f 226/437/3 958/1969/3 957/1968/3

v 104.382 0 -94.9971
vt 4.74912 4.1436
f 226/437/3 959/1970/3 958/1969/3

v 103.814 0 -95.4334
vt 4.72674 4.16077
f 226/437/3 960/1971/3 959/1970/3

v 103.248 0 -95.6676
vt 4.70446 4.17
f 226/437/3 961/1972/3 960/1971/3

v 102.538 0 -95.7611
vt 4.6765 4.17368
f 226/437/3 962/1973/3 961/1972/3

v 101.799 0 -95.6639
vt 4.64743 4.16985
f 226/437/3 963/1974/3 962/1973/3

v 101.284 0 -95.4503
vt 4.62713 4.16144
f 226/437/3 964/1975/3 963/1974/3

f 226/437/3 227/438/3 964/1975/3

v 100.693 0 -94.9971
vt 4.60388 4.1436
f 964/1975/3 227/438/3 965/1976/3

v 100.269 0 -94.4441
vt 4.58717 4.12183
f 965/1976/3 227/438/3 966/1977/3

v 100.02 0 -93.8435
vt 4.57738 4.09818
f 966/1977/3 227/438/3 967/1978/3

v 99.929 0 -93.1525
vt 4.5738 4.07098
f 967/1978/3 227/438/3 968/1979/3

v 99.929 0 -21.8855
vt 4.5738 1.26519
f 968/1979/3 227/438/3 969/1980/3

v 101.151 0 -2.57728
vt 4.6219 0.505022
f 227/438/3 970/1981/3 969/1980/3

v 101.381 0 -1.82879
vt 4.63097 0.475554
f 227/438/3 971/1982/3 970/1981/3

v 72.1462 0 -54.9511
vt 3.47999 2.56698
f 972/1983/3 971/1982/3 227/438/3

v 72.1462 0 -38.4067
vt 3.47999 1.91563
f 973/1984/3 971/1982/3 972/1983/3

v 101.797 0 -1.16544
vt 4.64736 0.449437
f 973/1984/3 974/1985/3 971/1982/3

v 72.1462 0 -21.8855
vt 3.47999 1.26519
f 975/1986/3 974/1985/3 973/1984/3

v 102.371 0 -0.632439
vt 4.66995 0.428453
f 975/1986/3 976/1987/3 974/1985/3

v 72.0549 0 -21.192
vt 3.4764 1.23788
f 977/1988/3 976/1987/3 975/1986/3

v 71.808 0 -20.5959
vt 3.46667 1.21442
f 978/1989/3 976/1987/3 977/1988/3

v 71.3822 0 -20.0409
vt 3.44991 1.19257
f 979/1990/3 976/1987/3 978/1989/3

v 70.8419 0 -19.6264
vt 3.42864 1.17625
f 980/1991/3 976/1987/3 979/1990/3

v 70.2127 0 -19.3658
vt 3.40387 1.16599
f 981/1992/3 976/1987/3 980/1991/3

v 69.5376 0 -19.2769
vt 3.37729 1.16249
f 982/1993/3 976/1987/3 981/1992/3

v 68.8624 0 -19.3658
vt 3.35071 1.16599
f 983/1994/3 976/1987/3 982/1993/3

v 68.2333 0 -19.6264
vt 3.32594 1.17625
f 984/1995/3 976/1987/3 983/1994/3

v 54.8525 0 -2.79148
vt 2.79914 0.513455
f 985/1996/3 976/1987/3 984/1995/3

v 103.063 0 -0.266111
vt 4.6972 0.414031
f 985/1996/3 986/1997/3 976/1987/3

v 127.711 0 5.92202
vt 5.66759 0.170404
f 985/1996/3 987/1998/3 986/1997/3

f 985/1996/3 204/415/3 987/1998/3

v 54.6851 0 -2.09282
vt 2.79254 0.485949
f 988/1999/3 204/415/3 985/1996/3

v 54.3425 0 -1.46131
vt 2.77906 0.461086
f 989/2000/3 204/415/3 988/1999/3

v 53.8481 0 -0.93999
vt 2.75959 0.440562
f 990/2001/3 204/415/3 989/2000/3

v 53.2357 0 -0.564381
vt 2.73548 0.425774
f 991/2002/3 204/415/3 990/2001/3

v 52.5469 0 -0.360082
vt 2.70836 0.41773
f 992/2003/3 204/415/3 991/2002/3

f 319/599/3 204/415/3 992/2003/3

vt 2.69021 0.11811
vn -0.104168 0 0.99456
vt 2.7185 0.11811
vn 0.156792 0 0.987632
v 52.5469 5 -0.360082
vt 2.7185 0.314961
v 51.8287 5 -0.341015
vt 2.69021 0.314961
f 319/2004/283 992/2005/284 993/2006/284 994/2007/283 

vt 2.71534 0.11811
vt 2.74363 0.11811
vn 0.407068 0 0.913398
v 53.2357 5 -0.564381
vt 2.74363 0.314961
vt 2.71534 0.314961
f 992/2008/284 991/2009/285 995/2010/285 993/2011/284 

vt 2.55446 0.11811
vt 2.58275 0.11811
vn 0.629602 0 0.776918
v 53.8481 5 -0.93999
vt 2.58275 0.314961
vt 2.55446 0.314961
f 991/2012/285 990/2013/286 996/2014/286 995/2015/285 

vt 2.21853 0.11811
vt 2.24682 0.11811
vn 0.80923 0 0.587492
v 54.3425 5 -1.46131
vt 2.24682 0.314961
vt 2.21853 0.314961
f 990/2016/286 989/2017/287 997/2018/287 996/2019/286 

vt 1.73046 0.11811
vt 1.75874 0.11811
vn 0.93371 0 0.35803
v 54.6851 5 -2.09282
vt 1.75874 0.314961
vt 1.73046 0.314961
f 989/2020/287 988/2021/288 998/2022/288 997/2023/287 

vt 1.12348 0.11811
vt 1.15177 0.11811
vn 0.99456 0 0.104168
v 54.8525 5 -2.79148
vt 1.15177 0.314961
vt 1.12348 0.314961
f 988/2024/288 985/2025/289 999/2026/289 998/2027/288 

vt 0.438987 0.11811
v 54.8335 0 -3.50967
vt 0.467272 0.11811
vn 0.987632 0 -0.156792
v 54.8335 5 -3.50967
vt 0.467272 0.314961
vt 0.438987 0.314961
f 985/2028/289 1000/2029/290 1001/2030/290 999/2031/289 

v 55.0384 0 -84.3067
vt 2.80645 3.72271
vt 2.79839 0.54173
f 1002/2032/3 1000/2033/3 985/1996/3

v 54.7641 0 -83.5731
vt 2.79565 3.69383
f 1003/2034/3 1000/2033/3 1002/2032/3

v 54.6292 0 -4.19846
vt 2.79034 0.568848
f 1003/2034/3 1004/2035/3 1000/2033/3

v 54.3092 0 -82.9356
vt 2.77775 3.66874
f 1005/2036/3 1004/2035/3 1003/2034/3

v 54.2535 0 -4.8109
vt 2.77555 0.592959
f 1005/2036/3 1006/2037/3 1004/2035/3

v 53.7322 0 -5.30525
vt 2.75503 0.612422
f 1005/2036/3 1007/2038/3 1006/2037/3

v 53.7049 0 -82.4375
vt 2.75395 3.64913
f 1008/2039/3 1007/2038/3 1005/2036/3

v 53.1007 0 -5.64784
vt 2.73017 0.62591
f 1008/2039/3 1009/2040/3 1007/2038/3

v 52.9922 0 -82.1128
vt 2.72589 3.63634
f 1010/2041/3 1009/2040/3 1008/2039/3

v 52.4021 0 -5.8153
vt 2.70266 0.632503
f 1010/2041/3 1011/2042/3 1009/2040/3

v 52.2197 0 -81.9837
vt 2.69548 3.63126
f 1012/2043/3 1011/2042/3 1010/2041/3

v 51.6839 0 -5.79624
vt 2.67439 0.631752
f 1012/2043/3 1013/2044/3 1011/2042/3

v 51.4402 0 -82.0588
vt 2.66479 3.63422
f 1014/2045/3 1013/2044/3 1012/2043/3

v 50.9951 0 -5.59194
vt 2.64727 0.623709
f 1014/2045/3 1015/2046/3 1013/2044/3

v 50.7067 0 -82.3331
vt 2.63591 3.64502
f 1016/2047/3 1015/2046/3 1014/2045/3

v 50.3826 0 -5.21633
vt 2.62316 0.608921
f 1016/2047/3 1017/2048/3 1015/2046/3

v 50.0691 0 -82.788
vt 2.61081 3.66292
f 1018/2049/3 1017/2048/3 1016/2047/3

v 49.8883 0 -4.69501
vt 2.60369 0.588397
f 1018/2049/3 1019/2050/3 1017/2048/3

v 49.5711 0 -83.3924
vt 2.5912 3.68672
f 1020/2051/3 1019/2050/3 1018/2049/3

v 49.5457 0 -4.0635
vt 2.59021 0.563534
f 1020/2051/3 1021/2052/3 1019/2050/3

v 49.3782 0 -3.36484
vt 2.58361 0.536028
f 1020/2051/3 1022/2053/3 1021/2052/3

v 49.2464 0 -84.105
vt 2.57842 3.71478
f 1022/2053/3 1020/2051/3 1023/2054/3

vt -2.31147 0.11811
vn -0.956337 0 0.292267
vt -2.28064 0.11811
vn -0.848106 0 0.529827
v 49.5711 5 -83.3924
vt -2.28064 0.314961
v 49.2464 5 -84.105
vt -2.31147 0.314961
f 1023/2055/291 1020/2056/292 1024/2057/292 1025/2058/291 

vt -1.19703 0.11811
vt -1.16619 0.11811
vn -0.682078 0 0.731279
v 50.0691 5 -82.788
vt -1.16619 0.314961
vt -1.19703 0.314961
f 1020/2059/292 1018/2060/293 1026/2061/293 1024/2062/292 

vt -0.00205733 0.11811
vt 0.0287756 0.11811
vn -0.469568 0 0.882896
v 50.7067 5 -82.3331
vt 0.0287756 0.314961
vt -0.00205733 0.314961
f 1018/2063/293 1016/2064/294 1027/2065/294 1026/2066/293 

vt 1.192 0.11811
vt 1.22284 0.11811
vn -0.225057 0 0.974346
v 51.4402 5 -82.0588
vt 1.22284 0.314961
vt 1.192 0.314961
f 1016/2067/294 1014/2068/295 1028/2069/295 1027/2070/294 

vt 2.30378 0.11811
vt 2.33461 0.11811
vn 0.0347905 0 0.999395
v 52.2197 5 -81.9837
vt 2.33461 0.314961
vt 2.30378 0.314961
f 1014/2071/295 1012/2072/296 1029/2073/296 1028/2074/295 

vt 3.2575 0.11811
vt 3.28834 0.11811
vn 0.292267 0 0.956337
v 52.9922 5 -82.1128
vt 3.28834 0.314961
vt 3.2575 0.314961
f 1012/2075/296 1010/2076/297 1030/2077/297 1029/2078/296 

vt 3.98819 0.11811
vt 4.01902 0.11811
vn 0.529827 0 0.848106
v 53.7049 5 -82.4375
vt 4.01902 0.314961
vt 3.98819 0.314961
f 1010/2079/297 1008/2080/298 1031/2081/298 1030/2082/297 

vt 4.44603 0.11811
vt 4.47686 0.11811
vn 0.731279 0 0.682078
v 54.3092 5 -82.9356
vt 4.47686 0.314961
vt 4.44603 0.314961
f 1008/2083/298 1005/2084/299 1032/2085/299 1031/2086/298 

vt 4.59983 0.11811
vt 4.63067 0.11811
vn 0.882896 0 0.469568
v 54.7641 5 -83.5731
vt 4.63067 0.314961
vt 4.59983 0.314961
f 1005/2087/299 1003/2088/300 1033/2089/300 1032/2090/299 

vt 4.43912 0.11811
vt 4.46995 0.11811
vn 0.974346 0 0.225057
v 55.0384 5 -84.3067
vt 4.46995 0.314961
vt 4.43912 0.314961
f 1003/2091/300 1002/2092/301 1034/2093/301 1033/2094/300 

vt 3.97483 0.11811
v 55.1136 0 -85.0862
vt 4.00566 0.11811
vn 0.999395 0 -0.0347905
v 55.1136 5 -85.0862
vt 4.00566 0.314961
vt 3.97483 0.314961
f 1002/2095/301 1035/2096/302 1036/2097/302 1034/2098/301 

v 67.0203 0 -21.192
vt 3.27818 1.23788
vt 2.80941 3.7534
f 1002/2032/3 1037/2099/3 1035/2100/3

f 985/1996/3 1037/2099/3 1002/2032/3

v 67.2674 0 -20.5956
vt 3.28791 1.2144
f 985/1996/3 1038/2101/3 1037/2099/3

v 67.693 0 -20.0409
vt 3.30467 1.19257
f 985/1996/3 1039/2102/3 1038/2101/3

f 985/1996/3 984/1995/3 1039/2102/3

vt -1.89578 -2.00802
vt -1.92259 -2.00802
v 68.7376 -1 -20.4999
vt -1.91741 -2.0637
v 68.4062 -1 -20.7541
vt -1.90096 -2.0637
f 1039/2103/159 984/2104/159 1040/2105/159 1041/2106/159 

vt -2.62264 -1.58489
vt -2.64945 -1.58489
v 69.1235 -1 -20.34
vt -2.64426 -1.64057
vt -2.62782 -1.64057
f 984/2107/252 983/2108/252 1042/2109/252 1040/2110/252 

vt -3.16985 -1.04316
vt -3.19666 -1.04316
v 69.5376 -1 -20.2855
vt -3.19148 -1.09884
vt -3.17503 -1.09884
f 983/2111/147 982/2112/147 1043/2113/147 1042/2114/147 

vt -3.50013 -0.419743
vt -3.52694 -0.419743
v 69.9517 -1 -20.34
vt -3.52176 -0.475421
vt -3.50531 -0.475421
f 982/2115/164 981/2116/164 1044/2117/164 1043/2118/164 

vt -3.59097 0.24288
vt -3.61778 0.24288
v 70.3376 -1 -20.4999
vt -3.6126 0.187202
vt -3.59615 0.187202
f 981/2119/149 980/2120/149 1045/2121/149 1044/2122/149 

vt -3.43618 0.899549
vt -3.46299 0.899549
v 70.669 -1 -20.7541
vt -3.4578 0.843872
vt -3.44136 0.843872
f 980/2123/150 979/2124/150 1046/2125/150 1045/2126/150 

vt -3.0463 1.50551
vt -3.07384 1.50551
v 70.9232 -1 -21.0855
vt -3.06793 1.44984
vt -3.05148 1.44984
f 979/2127/151 978/2128/151 1047/2129/151 1046/2130/151 

vt -2.44861 2.02403
vn -0.651719 0.708794 -0.269951
vt -2.47401 2.02403
v 71.0831 -1 -21.4714
vt -2.46954 1.96822
vt -2.45309 1.96822
f 978/2131/303 977/2132/303 1048/2133/303 1047/2134/303 

vt -1.68105 2.40642
vt -1.70859 2.40642
v 71.1376 -1 -21.8855
vt -1.70341 2.35074
vt -1.68697 2.35074
f 977/2135/153 975/2136/153 1049/2137/153 1048/2138/153 

vt -0.800134 2.63996
v 72.0573 0 -22.5607
vt -0.826945 2.63996
v 71.0831 -1 -22.2996
vt -0.821762 2.58428
vt -0.805318 2.58428
f 975/2139/162 1050/2140/162 1051/2141/162 1049/2142/162 

v 72.0573 0 -37.7316
vt 3.47649 1.88905
vt 3.47649 1.29177
f 1052/2143/3 1050/2144/3 975/1986/3

v 71.7967 0 -23.1898
vt 3.46623 1.31654
f 1052/2143/3 1053/2145/3 1050/2144/3

v 71.7967 0 -37.1024
vt 3.46623 1.86428
f 1054/2146/3 1053/2145/3 1052/2143/3

v 71.3822 0 -36.5622
vt 3.44991 1.84301
f 1055/2147/3 1053/2145/3 1054/2146/3

v 71.3822 0 -23.7301
vt 3.44991 1.33781
f 1055/2147/3 1056/2148/3 1053/2145/3

v 70.8419 0 -24.1446
vt 3.42864 1.35413
f 1055/2147/3 1057/2149/3 1056/2148/3

v 70.8419 0 -36.1476
vt 3.42864 1.82669
f 1058/2150/3 1057/2149/3 1055/2147/3

v 70.2127 0 -35.887
vt 3.40387 1.81643
f 1059/2151/3 1057/2149/3 1058/2150/3

v 70.2127 0 -24.4052
vt 3.40387 1.36439
f 1059/2151/3 1060/2152/3 1057/2149/3

v 69.5376 0 -24.4941
vt 3.37729 1.36789
f 1059/2151/3 1061/2153/3 1060/2152/3

v 69.5376 0 -35.7981
vt 3.37729 1.81293
f 1062/2154/3 1061/2153/3 1059/2151/3

v 68.8624 0 -24.4052
vt 3.35071 1.36439
f 1062/2154/3 1063/2155/3 1061/2153/3

v 68.8624 0 -35.887
vt 3.35071 1.81643
f 1064/2156/3 1063/2155/3 1062/2154/3

v 68.2333 0 -36.1476
vt 3.32594 1.82669
f 1065/2157/3 1063/2155/3 1064/2156/3

v 68.2333 0 -24.1446
vt 3.32594 1.35413
f 1065/2157/3 1066/2158/3 1063/2155/3

v 67.693 0 -23.7301
vt 3.30467 1.33781
f 1065/2157/3 1067/2159/3 1066/2158/3

v 67.693 0 -36.5622
vt 3.30467 1.84301
f 1068/2160/3 1067/2159/3 1065/2157/3

v 67.2784 0 -23.1898
vt 3.28835 1.31654
f 1068/2160/3 1069/2161/3 1067/2159/3

v 67.2784 0 -37.1024
vt 3.28835 1.86428
f 1070/2162/3 1069/2161/3 1068/2160/3

v 67.0178 0 -37.7316
vt 3.27809 1.88905
f 1071/2163/3 1069/2161/3 1070/2162/3

v 67.0178 0 -22.5607
vt 3.27809 1.29177
f 1071/2163/3 1072/2164/3 1069/2161/3

v 66.929 0 -38.4067
vt 3.27459 1.91563
f 1073/2165/3 1072/2164/3 1071/2163/3

v 66.929 0 -21.8855
vt 3.27459 1.26519
f 1073/2165/3 1074/2166/3 1072/2164/3

v 66.929 0 -54.9511
vt 3.27459 2.56698
f 1074/2166/3 1073/2165/3 1075/2167/3

v 67.0178 0 -54.276
vt 3.27809 2.5404
f 1073/2165/3 1076/2168/3 1075/2167/3

v 67.0178 0 -39.0819
vt 3.27809 1.94221
f 1076/2168/3 1073/2165/3 1077/2169/3

vt 2.35347 -2.03535
vt 2.32666 -2.03535
v 67.9376 -1 -38.4067
vt 2.33184 -2.09103
v 67.9921 -1 -38.8209
vt 2.34829 -2.09103
f 1077/2170/173 1073/2171/173 1078/2172/173 1079/2173/173 

vt 1.47182 -2.38896
vt 1.44501 -2.38896
v 67.9921 -1 -37.9926
vt 1.4502 -2.44464
vt 1.46664 -2.44464
f 1073/2174/156 1071/2175/156 1080/2176/156 1078/2177/156 

vt 0.490785 -2.56917
vt 0.463975 -2.56917
v 68.1519 -1 -37.6067
vt 0.469158 -2.62485
vt 0.485602 -2.62485
f 1071/2178/157 1070/2179/157 1081/2180/157 1080/2181/157 

vt -0.522785 -2.56369
vt -0.549596 -2.56369
v 68.4062 -1 -37.2754
vt -0.544413 -2.61937
vt -0.527968 -2.61937
f 1070/2182/158 1068/2183/158 1082/2184/158 1081/2185/158 

vt -1.49982 -2.37291
vt -1.52663 -2.37291
v 68.7376 -1 -37.0211
vt -1.52144 -2.42859
vt -1.505 -2.42859
f 1068/2186/159 1065/2187/159 1083/2188/159 1082/2189/159 

vt -2.37372 -2.00982
vt -2.40053 -2.00982
v 69.1235 -1 -36.8613
vt -2.39535 -2.06549
vt -2.3789 -2.06549
f 1065/2190/252 1064/2191/252 1084/2192/252 1083/2193/252 

vt -3.08495 -1.49916
vt -3.11176 -1.49916
v 69.5376 -1 -36.8067
vt -3.10658 -1.55484
vt -3.09013 -1.55484
f 1064/2194/147 1062/2195/147 1085/2196/147 1084/2197/147 

vt -3.58503 -0.875741
vt -3.61184 -0.875741
v 69.9517 -1 -36.8613
vt -3.60666 -0.931418
vt -3.59021 -0.931418
f 1062/2198/164 1059/2199/164 1086/2200/164 1085/2201/164 

vt -3.83988 -0.182042
vt -3.86669 -0.182042
v 70.3376 -1 -37.0211
vt -3.86151 -0.23772
vt -3.84507 -0.23772
f 1059/2202/149 1058/2203/149 1087/2204/149 1086/2205/149 

vt -3.83214 0.534661
vt -3.85895 0.534661
v 70.669 -1 -37.2754
vt -3.85377 0.478983
vt -3.83732 0.478983
f 1058/2206/150 1055/2207/150 1088/2208/150 1087/2209/150 

vt -3.56233 1.22553
vt -3.58914 1.22553
v 70.9232 -1 -37.6067
vt -3.58396 1.16985
vt -3.56751 1.16985
f 1055/2210/151 1054/2211/151 1089/2212/151 1088/2213/151 

vt -3.04884 1.84347
vt -3.07565 1.84347
v 71.0831 -1 -37.9926
vt -3.07047 1.78779
vt -3.05402 1.78779
f 1054/2214/152 1052/2215/152 1090/2216/152 1089/2217/152 

vt -2.32666 2.34638
vt -2.35347 2.34638
v 71.1376 -1 -38.4067
vt -2.34829 2.29071
vt -2.33184 2.29071
f 1052/2218/153 973/2219/153 1091/2220/153 1090/2221/153 

f 1052/2143/3 975/1986/3 973/1984/3

vt -1.44501 2.69999
v 72.0573 0 -39.0819
vt -1.47182 2.69999
v 71.0831 -1 -38.8209
vt -1.46664 2.64432
vt -1.4502 2.64432
f 973/2222/162 1092/2223/162 1093/2224/162 1091/2225/162 

vt 3.47649 1.94221
f 972/1983/3 1092/2226/3 973/1984/3

v 72.0573 0 -54.276
vt 3.47649 2.5404
f 1094/2227/3 1092/2226/3 972/1983/3

v 71.7967 0 -53.6468
vt 3.46623 2.51563
f 1095/2228/3 1092/2226/3 1094/2227/3

v 71.7967 0 -39.7111
vt 3.46623 1.96698
f 1095/2228/3 1096/2229/3 1092/2226/3

v 71.3822 0 -40.2513
vt 3.44991 1.98825
f 1095/2228/3 1097/2230/3 1096/2229/3

v 71.3822 0 -53.1065
vt 3.44991 2.49436
f 1098/2231/3 1097/2230/3 1095/2228/3

v 70.8419 0 -52.692
vt 3.42864 2.47804
f 1099/2232/3 1097/2230/3 1098/2231/3

v 70.8419 0 -40.6659
vt 3.42864 2.00457
f 1099/2232/3 1100/2233/3 1097/2230/3

v 70.2127 0 -40.9265
vt 3.40387 2.01483
f 1099/2232/3 1101/2234/3 1100/2233/3

v 70.2127 0 -52.4314
vt 3.40387 2.46778
f 1102/2235/3 1101/2234/3 1099/2232/3

v 69.5376 0 -41.0154
vt 3.37729 2.01833
f 1102/2235/3 1103/2236/3 1101/2234/3

v 69.5376 0 -52.3425
vt 3.37729 2.46428
f 1104/2237/3 1103/2236/3 1102/2235/3

v 68.8624 0 -52.4314
vt 3.35071 2.46778
f 1105/2238/3 1103/2236/3 1104/2237/3

v 68.8624 0 -40.9265
vt 3.35071 2.01483
f 1105/2238/3 1106/2239/3 1103/2236/3

v 68.2333 0 -40.6659
vt 3.32594 2.00457
f 1105/2238/3 1107/2240/3 1106/2239/3

v 68.2333 0 -52.692
vt 3.32594 2.47804
f 1108/2241/3 1107/2240/3 1105/2238/3

v 67.693 0 -53.1065
vt 3.30467 2.49436
f 1109/2242/3 1107/2240/3 1108/2241/3

v 67.693 0 -40.2513
vt 3.30467 1.98825
f 1109/2242/3 1110/2243/3 1107/2240/3

v 67.2784 0 -39.7111
vt 3.28835 1.96698
f 1109/2242/3 1111/2244/3 1110/2243/3

v 67.2784 0 -53.6468
vt 3.28835 2.51563
f 1112/2245/3 1111/2244/3 1109/2242/3

f 1112/2245/3 1077/2169/3 1111/2244/3

f 1076/2168/3 1077/2169/3 1112/2245/3

vt 1.09256 -2.74542
vt 1.06575 -2.74542
v 68.1519 -1 -54.1511
vt 1.07093 -2.8011
v 67.9921 -1 -54.537
vt 1.08737 -2.8011
f 1076/2246/157 1112/2247/157 1113/2248/157 1114/2249/157 

vt -0.00603223 -2.84408
vt -0.0328428 -2.84408
v 68.4062 -1 -53.8197
vt -0.0276596 -2.89975
vt -0.0112154 -2.89975
f 1112/2250/158 1109/2251/158 1115/2252/158 1113/2253/158 

vt -1.1033 -2.73831
vt -1.13011 -2.73831
v 68.7376 -1 -53.5655
vt -1.12492 -2.79399
vt -1.10848 -2.79399
f 1109/2254/159 1108/2255/159 1116/2256/159 1115/2257/159 

vt -2.12446 -2.43533
vt -2.15127 -2.43533
v 69.1235 -1 -53.4056
vt -2.14609 -2.49101
vt -2.12964 -2.49101
f 1108/2258/252 1105/2259/252 1117/2260/252 1116/2261/252 

vt -2.99993 -1.9558
vt -3.02674 -1.9558
v 69.5376 -1 -53.3511
vt -3.02156 -2.01147
vt -3.00511 -2.01147
f 1105/2262/147 1104/2263/147 1118/2264/147 1117/2265/147 

vt -3.67005 -1.33238
vt -3.69686 -1.33238
v 69.9517 -1 -53.4056
vt -3.69168 -1.38805
vt -3.67523 -1.38805
f 1104/2266/164 1102/2267/164 1119/2268/164 1118/2269/164 

vt -4.08914 -0.607559
vt -4.11595 -0.607559
v 70.3376 -1 -53.5655
vt -4.11077 -0.663237
vt -4.09433 -0.663237
f 1102/2270/149 1099/2271/149 1120/2272/149 1119/2273/149 

vt -4.22866 0.169261
vt -4.25547 0.169261
v 70.669 -1 -53.8197
vt -4.25029 0.113583
vt -4.23384 0.113583
f 1099/2274/150 1098/2275/150 1121/2276/150 1120/2277/150 

vt -4.07908 0.945144
vt -4.10589 0.945144
v 70.9232 -1 -54.1511
vt -4.10071 0.889466
vt -4.08427 0.889466
f 1098/2278/151 1095/2279/151 1122/2280/151 1121/2281/151 

vt -3.65061 1.66722
vt -3.67742 1.66722
v 71.0831 -1 -54.537
vt -3.67224 1.61154
vt -3.65579 1.61154
f 1095/2282/152 1094/2283/152 1123/2284/152 1122/2285/152 

vt -2.97244 2.28627
vt -2.99925 2.28627
v 71.1376 -1 -54.9511
vt -2.99407 2.23059
vt -2.97763 2.23059
f 1094/2286/153 972/2287/153 1124/2288/153 1123/2289/153 

vt -2.09079 2.76011
v 72.0573 0 -55.6263
vt -2.1176 2.76011
v 71.0831 -1 -55.3652
vt -2.11242 2.70443
vt -2.09598 2.70443
f 972/2290/162 1125/2291/162 1126/2292/162 1124/2293/162 

v 72.1462 0 -73.9511
vt 3.47999 3.31502
vt 3.47649 2.59356
f 1127/2294/3 1125/2295/3 972/1983/3

v 72.0573 0 -73.276
vt 3.47649 3.28843
f 1128/2296/3 1125/2295/3 1127/2294/3

v 71.7967 0 -56.2554
vt 3.46623 2.61833
f 1128/2296/3 1129/2297/3 1125/2295/3

v 71.7967 0 -72.6468
vt 3.46623 3.26366
f 1130/2298/3 1129/2297/3 1128/2296/3

v 71.3822 0 -56.7957
vt 3.44991 2.6396
f 1130/2298/3 1131/2299/3 1129/2297/3

v 71.3822 0 -72.1065
vt 3.44991 3.24239
f 1132/2300/3 1131/2299/3 1130/2298/3

v 70.8419 0 -71.692
vt 3.42864 3.22607
f 1133/2301/3 1131/2299/3 1132/2300/3

v 70.8419 0 -57.2103
vt 3.42864 2.65593
f 1133/2301/3 1134/2302/3 1131/2299/3

v 70.2127 0 -57.4709
vt 3.40387 2.66619
f 1133/2301/3 1135/2303/3 1134/2302/3

v 70.2127 0 -71.4314
vt 3.40387 3.21581
f 1136/2304/3 1135/2303/3 1133/2301/3

v 69.5376 0 -57.5597
vt 3.37729 2.66969
f 1136/2304/3 1137/2305/3 1135/2303/3

v 69.5376 0 -71.3425
vt 3.37729 3.21231
f 1138/2306/3 1137/2305/3 1136/2304/3

v 68.8624 0 -71.4314
vt 3.35071 3.21581
f 1139/2307/3 1137/2305/3 1138/2306/3

v 68.8624 0 -57.4709
vt 3.35071 2.66619
f 1139/2307/3 1140/2308/3 1137/2305/3

v 68.2333 0 -57.2103
vt 3.32594 2.65593
f 1139/2307/3 1141/2309/3 1140/2308/3

v 68.2333 0 -71.692
vt 3.32594 3.22607
f 1142/2310/3 1141/2309/3 1139/2307/3

v 67.693 0 -72.1065
vt 3.30467 3.24239
f 1143/2311/3 1141/2309/3 1142/2310/3

v 67.693 0 -56.7957
vt 3.30467 2.6396
f 1143/2311/3 1144/2312/3 1141/2309/3

v 67.2784 0 -56.2554
vt 3.28835 2.61833
f 1143/2311/3 1145/2313/3 1144/2312/3

v 67.2784 0 -72.6468
vt 3.28835 3.26366
f 1146/2314/3 1145/2313/3 1143/2311/3

v 67.0178 0 -73.276
vt 3.27809 3.28843
f 1147/2315/3 1145/2313/3 1146/2314/3

v 67.0178 0 -55.6263
vt 3.27809 2.59356
f 1147/2315/3 1148/2316/3 1145/2313/3

v 66.929 0 -73.9511
vt 3.27459 3.31502
f 1149/2317/3 1148/2316/3 1147/2315/3

f 1149/2317/3 1075/2167/3 1148/2316/3

v 66.929 0 -93.1525
vt 3.27459 4.07098
f 1075/2167/3 1149/2317/3 1150/2318/3

v 67.0178 0 -92.4773
vt 3.27809 4.04439
f 1149/2317/3 1151/2319/3 1150/2318/3

v 67.0178 0 -74.6263
vt 3.27809 3.3416
f 1151/2319/3 1149/2317/3 1152/2320/3

vt 3.74088 -1.90619
vt 3.71407 -1.90619
v 67.9376 -1 -73.9511
vt 3.71926 -1.96187
v 67.9921 -1 -74.3652
vt 3.7357 -1.96187
f 1152/2321/173 1149/2322/173 1153/2323/173 1154/2324/173 

vt 2.85924 -2.51812
vt 2.83242 -2.51812
v 67.9921 -1 -73.537
vt 2.83761 -2.5738
vt 2.85405 -2.5738
f 1149/2325/156 1147/2326/156 1155/2327/156 1153/2328/156 

vt 1.78365 -2.94784
vt 1.75684 -2.94784
v 68.1519 -1 -73.1511
vt 1.76202 -3.00352
vt 1.77846 -3.00352
f 1147/2329/157 1146/2330/157 1156/2331/157 1155/2332/157 

vt 0.587421 -3.16607
vt 0.56061 -3.16607
v 68.4062 -1 -72.8197
vt 0.565794 -3.22175
vt 0.582238 -3.22175
f 1146/2333/158 1143/2334/158 1157/2335/158 1156/2336/158 

vt -0.647924 -3.15794
vt -0.674735 -3.15794
v 68.7376 -1 -72.5655
vt -0.669551 -3.21362
vt -0.653107 -3.21362
f 1143/2337/159 1142/2338/159 1158/2339/159 1157/2340/159 

vt -1.8382 -2.92401
vt -1.86501 -2.92401
v 69.1235 -1 -72.4056
vt -1.85983 -2.97969
vt -1.84338 -2.97969
f 1142/2341/252 1139/2342/252 1159/2343/252 1158/2344/252 

vt -2.90229 -2.48021
vt -2.9291 -2.48021
v 69.5376 -1 -72.3511
vt -2.92392 -2.53589
vt -2.90748 -2.53589
f 1139/2345/147 1138/2346/147 1160/2347/147 1159/2348/147 

vt -3.76769 -1.85679
vt -3.7945 -1.85679
v 69.9517 -1 -72.4056
vt -3.78931 -1.91247
vt -3.77287 -1.91247
f 1138/2349/164 1136/2350/164 1161/2351/164 1160/2352/164 

vt -4.3754 -1.09623
vt -4.40221 -1.09623
v 70.3376 -1 -72.5655
vt -4.39703 -1.15191
vt -4.38059 -1.15191
f 1136/2353/149 1133/2354/149 1162/2355/149 1161/2356/149 

vt -4.68403 -0.250374
vt -4.71084 -0.250374
v 70.669 -1 -72.8197
vt -4.70566 -0.306052
vt -4.68921 -0.306052
f 1133/2357/150 1132/2358/150 1163/2359/150 1162/2360/150 

vt -4.67254 0.623147
vt -4.69935 0.623147
v 70.9232 -1 -73.1511
vt -4.69416 0.567469
vt -4.67772 0.567469
f 1132/2361/151 1130/2362/151 1164/2363/151 1163/2364/151 

vt -4.3417 1.4648
vt -4.36851 1.4648
v 71.0831 -1 -73.537
vt -4.36333 1.40912
vt -4.34688 1.40912
f 1130/2365/152 1128/2366/152 1165/2367/152 1164/2368/152 

vt -3.71407 2.21723
vt -3.74088 2.21723
v 71.1376 -1 -73.9511
vt -3.7357 2.16155
vt -3.71926 2.16155
f 1128/2369/153 1127/2370/153 1166/2371/153 1165/2372/153 

vt -2.83242 2.82915
v 72.0573 0 -74.6263
vt -2.85924 2.82915
v 71.0831 -1 -74.3652
vt -2.85405 2.77347
vt -2.83761 2.77347
f 1127/2373/162 1167/2374/162 1168/2375/162 1166/2376/162 

v 72.0573 0 -92.4773
vt 3.47649 4.04439
vt 3.47649 3.3416
f 1169/2377/3 1167/2378/3 1127/2294/3

v 71.7967 0 -75.2554
vt 3.46623 3.36637
f 1169/2377/3 1170/2379/3 1167/2378/3

v 71.7967 0 -91.8482
vt 3.46623 4.01962
f 1171/2380/3 1170/2379/3 1169/2377/3

v 71.3822 0 -91.3079
vt 3.44991 3.99835
f 1172/2381/3 1170/2379/3 1171/2380/3

v 71.3822 0 -75.7957
vt 3.44991 3.38764
f 1172/2381/3 1173/2382/3 1170/2379/3

v 70.8419 0 -76.2103
vt 3.42864 3.40396
f 1172/2381/3 1174/2383/3 1173/2382/3

v 70.8419 0 -90.8934
vt 3.42864 3.98203
f 1175/2384/3 1174/2383/3 1172/2381/3

v 70.2127 0 -76.4709
vt 3.40387 3.41422
f 1175/2384/3 1176/2385/3 1174/2383/3

v 70.1627 0 -90.612
vt 3.4019 3.97096
f 1177/2386/3 1176/2385/3 1175/2384/3

v 69.5913 0 -90.5368
vt 3.3794 3.968
f 1178/2387/3 1176/2385/3 1177/2386/3

v 69.5376 0 -76.5597
vt 3.37729 3.41772
f 1178/2387/3 1179/2388/3 1176/2385/3

v 68.8624 0 -76.4709
vt 3.35071 3.41422
f 1178/2387/3 1180/2389/3 1179/2388/3

v 68.8624 0 -90.6328
vt 3.35071 3.97177
f 1181/2390/3 1180/2389/3 1178/2387/3

v 68.2333 0 -76.2103
vt 3.32594 3.40396
f 1181/2390/3 1182/2391/3 1180/2389/3

v 68.2333 0 -90.8934
vt 3.32594 3.98203
f 1183/2392/3 1182/2391/3 1181/2390/3

v 67.693 0 -91.3079
vt 3.30467 3.99835
f 1184/2393/3 1182/2391/3 1183/2392/3

v 67.693 0 -75.7957
vt 3.30467 3.38764
f 1184/2393/3 1185/2394/3 1182/2391/3

v 67.2784 0 -91.8482
vt 3.28835 4.01962
f 1186/2395/3 1185/2394/3 1184/2393/3

v 67.2784 0 -75.2554
vt 3.28835 3.36637
f 1186/2395/3 1187/2396/3 1185/2394/3

f 1186/2395/3 1152/2320/3 1187/2396/3

f 1151/2319/3 1152/2320/3 1186/2395/3

vt 2.48206 -3.1524
vt 2.45525 -3.1524
v 68.1519 -1 -92.3525
vt 2.46044 -3.20808
v 67.9921 -1 -92.7384
vt 2.47688 -3.20808
f 1151/2397/157 1186/2398/157 1188/2399/157 1189/2400/157 

vt 1.18716 -3.49148
vt 1.16035 -3.49148
v 68.4062 -1 -92.0211
vt 1.16554 -3.54716
vt 1.18198 -3.54716
f 1186/2401/158 1184/2402/158 1190/2403/158 1188/2404/158 

vt -0.187725 -3.58203
vt -0.214535 -3.58203
v 68.7376 -1 -91.7669
vt -0.209352 -3.6377
vt -0.192908 -3.6377
f 1184/2405/159 1183/2406/159 1191/2407/159 1190/2408/159 

vt -1.54891 -3.41786
vt -1.57572 -3.41786
v 69.1235 -1 -91.607
vt -1.57053 -3.47354
vt -1.55409 -3.47354
f 1183/2409/252 1181/2410/252 1192/2411/252 1191/2412/252 

vt -2.80362 -3.01018
vt -2.83256 -3.01018
v 69.5376 -1 -91.5525
vt -2.82525 -3.06586
vt -2.8088 -3.06586
f 1181/2413/147 1178/2414/147 1193/2415/147 1192/2416/147 

vt -3.86842 -2.40408
vn -0.0916514 0.71201 -0.696162
vt -3.89111 -2.40408
v 69.9517 -1 -91.607
vt -3.88799 -2.46015
vt -3.87154 -2.46015
f 1178/2417/304 1177/2418/304 1194/2419/304 1193/2420/304 

vt -4.66256 -1.59009
vt -4.69151 -1.59009
v 70.3376 -1 -91.7669
vt -4.68632 -1.64577
vt -4.66988 -1.64577
f 1177/2421/149 1175/2422/149 1195/2423/149 1194/2424/149 

vt -5.14423 -0.674457
vt -5.17104 -0.674457
v 70.669 -1 -92.0211
vt -5.16586 -0.730134
vt -5.14941 -0.730134
f 1175/2425/150 1172/2426/150 1196/2427/150 1195/2428/150 

vt -5.27228 0.297737
vt -5.29909 0.297737
v 70.9232 -1 -92.3525
vt -5.29391 0.242059
vt -5.27746 0.242059
f 1172/2429/151 1171/2430/151 1197/2431/151 1196/2432/151 

vt -5.04012 1.26024
vt -5.06693 1.26024
v 71.0831 -1 -92.7384
vt -5.06175 1.20456
vt -5.0453 1.20456
f 1171/2433/152 1169/2434/152 1198/2435/152 1197/2436/152 

vt -4.46357 2.14745
vt -4.49038 2.14745
v 71.1376 -1 -93.1525
vt -4.48519 2.09178
vt -4.46875 2.09178
f 1169/2437/153 227/2438/153 1199/2439/153 1198/2440/153 

f 1169/2377/3 1127/2294/3 227/438/3

f 227/438/3 1127/2294/3 972/1983/3

vt -3.58192 2.89892
vt -3.60936 2.89892
v 71.0831 -1 -93.5666
vt -3.60355 2.84325
vt -3.5871 2.84325
f 227/2441/162 228/2442/162 1200/2443/162 1199/2444/162 

vt -2.45966 3.41481
vn -0.651929 0.708544 0.2701
vt -2.45508 3.47061
vn -0.651892 0.708559 0.270148
vt -2.48069 3.47061
f 1200/2445/305 228/2446/306 229/2447/305

vt -2.48147 3.47017
v 70.9232 -1 -93.9525
vt -2.47688 3.41438
vn -0.651965 0.708529 0.270053
vt -2.46044 3.41438
f 229/2448/305 1201/2449/307 1200/2450/305

vt -1.15974 3.80252
vn -0.560986 0.707107 0.430459
vt -1.18716 3.80252
v 70.669 -1 -94.2839
vt -1.18198 3.74684
vt -1.16554 3.74684
f 229/2451/308 230/2452/308 1202/2453/308 1201/2454/308 

vt 0.214535 3.89306
vt 0.187725 3.89306
v 70.3376 -1 -94.5381
vt 0.192908 3.83738
vt 0.209352 3.83738
f 230/2455/138 231/2456/138 1203/2457/138 1202/2458/138 

vt 1.57572 3.7289
vn -0.270598 0.707107 0.653281
vt 1.54891 3.7289
v 69.9517 -1 -94.698
vt 1.55409 3.67322
vt 1.57053 3.67322
f 231/2459/309 232/2460/309 1204/2461/309 1203/2462/309 

vt 2.83043 3.32121
vt 2.80362 3.32121
v 69.5376 -1 -94.7525
vt 2.8088 3.26554
vt 2.82525 3.26554
f 232/2463/140 233/2464/140 1205/2465/140 1204/2466/140 

vt 3.89317 2.69779
vt 3.86636 2.69779
v 69.1235 -1 -94.698
vt 3.87154 2.64212
vt 3.88799 2.64212
f 233/2467/141 234/2468/141 1206/2469/141 1205/2470/141 

vt 4.69151 1.90112
v 68.2333 0 -95.4116
vt 4.6647 1.90112
v 68.7376 -1 -94.5381
vt 4.66988 1.84544
vt 4.68632 1.84544
f 234/2471/142 1207/2472/142 1208/2473/142 1206/2474/142 

vt 3.32594 4.15992
f 234/445/3 235/446/3 1207/2475/3

v 54.6597 0 -86.5713
vt 2.79154 3.81187
f 1207/2475/3 235/446/3 1209/2476/3

v 54.5313 0 -93.3947
vt 2.78649 4.08051
f 1210/2477/3 1209/2476/3 235/446/3

v 54.2316 0 -92.6711
vt 2.77469 4.05202
f 1211/2478/3 1209/2476/3 1210/2477/3

v 54.1616 0 -87.1757
vt 2.77193 3.83567
f 1211/2478/3 1212/2479/3 1209/2476/3

v 53.7549 0 -92.0498
vt 2.75592 4.02756
f 1213/2480/3 1212/2479/3 1211/2478/3

v 53.5241 0 -87.6305
vt 2.74684 3.85357
f 1213/2480/3 1214/2481/3 1212/2479/3

v 53.1336 0 -91.5731
vt 2.73146 4.00879
f 1215/2482/3 1214/2481/3 1213/2480/3

v 52.7905 0 -87.9049
vt 2.71796 3.86438
f 1215/2482/3 1216/2483/3 1214/2481/3

v 52.41 0 -91.2733
vt 2.70297 3.99699
f 1217/2484/3 1216/2483/3 1215/2482/3

v 52.011 0 -87.98
vt 2.68727 3.86733
f 1217/2484/3 1218/2485/3 1216/2483/3

v 51.6336 0 -91.1711
vt 2.67241 3.99297
f 1219/2486/3 1218/2485/3 1217/2484/3

v 51.2386 0 -87.8508
vt 2.65685 3.86225
f 1219/2486/3 1220/2487/3 1218/2485/3

v 50.8571 0 -91.2733
vt 2.64184 3.99699
f 1221/2488/3 1220/2487/3 1219/2486/3

v 50.5259 0 -87.5262
vt 2.6288 3.84947
f 1221/2488/3 1222/2489/3 1220/2487/3

v 50.1336 0 -91.5731
vt 2.61335 4.00879
f 1223/2490/3 1222/2489/3 1221/2488/3

v 49.9215 0 -87.0281
vt 2.605 3.82986
f 1223/2490/3 1224/2491/3 1222/2489/3

v 49.5122 0 -92.0498
vt 2.58889 4.02756
f 1225/2492/3 1224/2491/3 1223/2490/3

v 49.4667 0 -86.3905
vt 2.5871 3.80476
f 1225/2492/3 1226/2493/3 1224/2491/3

v 49.1923 0 -85.657
vt 2.57629 3.77588
f 1225/2492/3 1227/2494/3 1226/2493/3

v 49.1172 0 -84.8775
vt 2.57334 3.74519
f 1225/2492/3 1228/2495/3 1227/2494/3

v 49.0355 0 -92.6711
vt 2.57012 4.05202
f 1228/2495/3 1225/2492/3 1229/2496/3

vt -1.6501 0.11811
vt -1.61926 0.11811
v 49.5122 5 -92.0498
vt -1.61926 0.314961
v 49.0355 5 -92.6711
vt -1.6501 0.314961
f 1229/2497/257 1225/2498/258 1230/2499/258 1231/2500/257 

vt -0.397921 0.11811
vt -0.367088 0.11811
v 50.1336 5 -91.5731
vt -0.367088 0.314961
vt -0.397921 0.314961
f 1225/2501/258 1223/2502/253 1232/2503/253 1230/2504/258 

vt 0.880323 0.11811
vt 0.911156 0.11811
v 50.8571 5 -91.2733
vt 0.911156 0.314961
vt 0.880323 0.314961
f 1223/2505/253 1221/2506/136 1233/2507/136 1232/2508/253 

vt 2.09752 0.11811
vt 2.12836 0.11811
v 51.6336 5 -91.1711
vt 2.12836 0.314961
vt 2.09752 0.314961
f 1221/2509/136 1219/2510/137 1234/2511/137 1233/2512/136 

vt 3.17073 0.11811
vt 3.20156 0.11811
v 52.41 5 -91.2733
vt 3.20156 0.314961
vt 3.17073 0.314961
f 1219/2513/137 1217/2514/145 1235/2515/145 1234/2516/137 

vt 4.02681 0.11811
vt 4.05764 0.11811
v 53.1336 5 -91.5731
vt 4.05764 0.314961
vt 4.02681 0.314961
f 1217/2517/145 1215/2518/130 1236/2519/130 1235/2520/145 

vt 4.60741 0.11811
vt 4.63824 0.11811
v 53.7549 5 -92.0498
vt 4.63824 0.314961
vt 4.60741 0.314961
f 1215/2521/130 1213/2522/1 1237/2523/1 1236/2524/130 

vt 4.87298 0.11811
vt 4.90381 0.11811
v 54.2316 5 -92.6711
vt 4.90381 0.314961
vt 4.87298 0.314961
f 1213/2525/1 1211/2526/2 1238/2527/2 1237/2528/1 

vt 4.80541 0.11811
vt 4.83624 0.11811
v 54.5313 5 -93.3947
vt 4.83624 0.314961
vt 4.80541 0.314961
f 1211/2529/2 1210/2530/135 1239/2531/135 1238/2532/2 

vt 4.40931 0.11811
vt 4.44014 0.11811
v 54.6336 5 -94.1711
vt 4.44014 0.314961
vt 4.40931 0.314961
f 1210/2533/135 235/2534/7 1240/2535/7 1239/2536/135 

vt 3.71167 0.11811
vt 3.74251 0.11811
v 54.5313 5 -94.9476
vt 3.74251 0.314961
vt 3.71167 0.314961
f 235/2537/7 236/2538/131 1241/2539/131 1240/2540/7 

vt 2.76004 0.11811
vt 2.79087 0.11811
v 54.2316 5 -95.6711
vt 2.79087 0.314961
vt 2.76004 0.314961
f 236/2541/131 237/2542/132 1242/2543/132 1241/2544/131 

vt 1.61926 0.11811
vt 1.6501 0.11811
v 53.7549 5 -96.2924
vt 1.6501 0.314961
vt 1.61926 0.314961
f 237/2545/132 238/2546/133 1243/2547/133 1242/2548/132 

vt 0.367088 0.11811
vt 0.397921 0.11811
v 53.1336 5 -96.7692
vt 0.397921 0.314961
vt 0.367088 0.314961
f 238/2549/133 239/2550/134 1244/2551/134 1243/2552/133 

vt -0.911156 0.11811
vt -0.880323 0.11811
v 52.41 5 -97.0689
vt -0.880323 0.314961
vt -0.911156 0.314961
f 239/2553/134 240/2554/129 1245/2555/129 1244/2556/134 

vt -2.12836 0.11811
vt -2.09752 0.11811
vn -6.21491e-15 0 -1
v 51.6336 5 -97.1711
vt -2.09752 0.314961
vt -2.12836 0.314961
f 240/2557/129 241/2558/310 1246/2559/310 1245/2560/129 

vt -3.20156 0.11811
vt -3.17073 0.11811
v 50.8571 5 -97.0689
vt -3.17073 0.314961
vt -3.20156 0.314961
f 241/2561/310 242/2562/126 1247/2563/126 1246/2564/310 

vt -4.05764 0.11811
v 50.1336 0 -96.7692
vt -4.02681 0.11811
v 50.1336 5 -96.7692
vt -4.02681 0.314961
vt -4.05764 0.314961
f 242/2565/126 1248/2566/127 1249/2567/127 1247/2568/126 

v 44.5862 0 -95.3108
vt 2.39495 4.15595
vt 2.61335 4.21337
f 242/453/3 1250/2569/3 1248/2570/3

f 242/453/3 243/454/3 1250/2569/3

vt 3.80779 0.11811
vn 1 0 9.37835e-16
vt 3.83862 0.11811
v 44.484 5 -96.0872
vt 3.83862 0.314961
v 44.5862 5 -95.3108
vt 3.80779 0.314961
f 1250/2571/311 243/2572/131 1251/2573/131 1252/2574/311 

vt 2.95287 0.11811
vt 2.9837 0.11811
v 44.1843 5 -96.8108
vt 2.9837 0.314961
vt 2.95287 0.314961
f 243/2575/131 244/2576/132 1253/2577/132 1251/2578/131 

vt 1.89567 0.11811
vt 1.9265 0.11811
v 43.7075 5 -97.4321
vt 1.9265 0.314961
vt 1.89567 0.314961
f 244/2579/132 245/2580/133 1254/2581/133 1253/2582/132 

vt 0.708225 0.11811
vt 0.739058 0.11811
v 43.0862 5 -97.9089
vt 0.739058 0.314961
vt 0.708225 0.314961
f 245/2583/133 246/2584/134 1255/2585/134 1254/2586/133 

vt -0.52853 0.11811
vt -0.497697 0.11811
vt -0.497697 0.314961
vt -0.52853 0.314961
f 246/2587/134 247/2588/129 249/2589/129 1255/2590/134 

v 43.0862 5 -92.7127
vt 2.33589 4.05366
f 249/458/3 1256/2591/3 1255/457/3

f 249/458/3 278/507/3 1256/2591/3

v 42.1862 5 -95.3108
f 249/458/3 1257/491/3 278/507/3

v 42.1657 5 -95.4661
f 249/458/3 1258/492/3 1257/491/3

v 42.1058 5 -95.6108
f 249/458/3 1259/493/3 1258/492/3

v 42.0105 5 -95.735
f 249/458/3 1260/494/3 1259/493/3

v 41.8862 5 -95.8304
f 249/458/3 1261/495/3 1260/494/3

f 249/458/3 250/479/3 1261/495/3

vt 0.516197 0.314961
vt 0.51003 0.314961
vt 0.51003 0.11811
vt 0.516197 0.11811
f 1261/2592/253 250/2593/136 264/2594/136 263/2595/253 

vt 1.71798 0.314961
vt 1.71182 0.314961
vn -2.33759e-15 0 1
vt 1.71182 0.11811
vt 1.71798 0.11811
f 250/2596/136 251/2597/312 265/2598/312 264/2599/136 

vt 2.8029 0.314961
vt 2.79674 0.314961
vt 2.79674 0.11811
vt 2.8029 0.11811
f 251/2600/312 252/2601/145 266/2602/145 265/2603/312 

vt 3.69702 0.314961
vt 3.69085 0.314961
vt 3.69085 0.11811
vt 3.69702 0.11811
f 252/2604/145 253/2605/130 254/2606/130 266/2607/145 

vt -0.720559 0.314961
vt -0.726725 0.314961
vt -0.726725 0.11811
vt -0.720559 0.11811
f 1260/2608/258 1261/2609/253 263/2610/253 262/2611/258 

vt -1.908 0.314961
vt -1.91417 0.314961
vt -1.91417 0.11811
vt -1.908 0.11811
f 1259/2612/257 1260/2613/258 262/2614/258 261/2615/257 

vt -2.9652 0.314961
vt -2.97137 0.314961
vt -2.97137 0.11811
vt -2.9652 0.11811
f 1258/2616/256 1259/2617/257 261/2618/257 260/2619/256 

vt -3.82012 0.314961
vt -3.82629 0.314961
vt -3.82629 0.11811
vt -3.82012 0.11811
f 1257/2620/118 1258/2621/256 260/2622/256 259/2623/118 

v 42.1657 5 -95.1555
vt -4.4145 0.314961
vt -4.42066 0.314961
vt -4.42066 0.11811
vt -4.4145 0.11811
f 1262/2624/254 1257/2625/118 259/2626/118 258/2627/254 

f 1262/490/3 278/507/3 1257/491/3

v 42.1058 5 -95.0108
f 1263/489/3 278/507/3 1262/490/3

f 277/488/3 278/507/3 1263/489/3

vt -4.6801 0.314961
vt -4.68627 0.314961
vt -4.68627 0.11811
vt -4.6801 0.11811
f 277/2628/128 1263/2629/4 257/2630/4 256/2631/128 

vt -4.70782 0.314961
vt -4.71399 0.314961
vt -4.71399 0.11811
vt -4.70782 0.11811
f 1263/2632/4 1262/2633/254 258/2634/254 257/2635/4 

v 42.3626 0 -92.413
vt 3.67852 0.11811
v 43.0862 0 -92.7127
vt 3.70935 0.11811
vt 3.70935 0.314961
vt 3.67852 0.314961
f 1264/2636/145 1265/2637/130 1256/2638/130 278/2639/145 

v 42.6053 0 -16.1615
vt 2.31696 1.03983
f 1264/507/3 1266/2640/3 1265/2591/3

v 41.8817 0 -16.4612
vt 2.28848 1.05163
f 1264/507/3 1267/2641/3 1266/2640/3

f 288/508/3 1267/2641/3 1264/507/3

f 288/508/3 289/553/3 1267/2641/3

vt -2.13163 0.11811
vt -2.1008 0.11811
v 41.1053 5 -16.5634
vt -2.1008 0.314961
v 41.8817 5 -16.4612
vt -2.13163 0.314961
f 1267/2642/129 289/2643/125 1268/2644/125 1269/2645/129 

vt -2.37638 0.11811
vt -2.34555 0.11811
v 40.3288 5 -16.4612
vt -2.34555 0.314961
vt -2.37638 0.314961
f 289/2646/125 290/2647/126 1270/2648/126 1268/2649/125 

vt -2.46023 0.11811
vt -2.4294 0.11811
v 39.6053 5 -16.1615
vt -2.4294 0.314961
vt -2.46023 0.314961
f 290/2650/126 292/2651/127 1271/2652/127 1270/2653/126 

vt -2.37748 0.11811
v 38.984 0 -15.6847
vt -2.34664 0.11811
v 38.984 5 -15.6847
vt -2.34664 0.314961
vt -2.37748 0.314961
f 292/2654/127 1272/2655/128 1273/2656/128 1271/2657/127 

v 39.0549 0 -21.192
vt 2.17718 1.23788
vt 2.17439 1.02106
f 1274/2658/3 1272/2659/3 292/555/3

v 38.808 0 -20.5959
vt 2.16746 1.21442
f 1275/2660/3 1272/2659/3 1274/2658/3

v 38.5072 0 -15.0634
vt 2.15562 0.996602
f 1275/2660/3 1276/2661/3 1272/2659/3

v 38.3822 0 -20.0409
vt 2.1507 1.19257
f 1277/2662/3 1276/2661/3 1275/2660/3

v 38.2075 0 -14.3399
vt 2.14382 0.968116
f 1277/2662/3 1278/2663/3 1276/2661/3

v 38.1053 0 -13.5634
vt 2.1398 0.937547
f 1277/2662/3 1279/2664/3 1278/2663/3

v 37.8419 0 -19.6264
vt 2.12943 1.17625
f 1279/2664/3 1277/2662/3 1280/2665/3

vt -2.40544 0.340291
vt -2.43225 0.340291
v 37.669 -1 -20.7541
vt -2.42707 0.284614
v 37.3376 -1 -20.4999
vt -2.41062 0.284614
f 1280/2666/150 1277/2667/150 1281/2668/150 1282/2669/150 

vt -2.25539 0.776675
vt -2.28293 0.776675
v 37.9232 -1 -21.0855
vt -2.27702 0.720997
vt -2.26057 0.720997
f 1277/2670/151 1275/2671/151 1283/2672/151 1281/2673/151 

vt -1.95142 1.17326
vt -1.97683 1.17326
v 38.0831 -1 -21.4714
vt -1.97235 1.11744
vt -1.9559 1.11744
f 1275/2674/303 1274/2675/303 1284/2676/303 1283/2677/303 

vt -1.51147 1.49559
v 39.1462 0 -21.8855
vt -1.53901 1.49559
v 38.1376 -1 -21.8855
vt -1.53383 1.43992
vt -1.51739 1.43992
f 1274/2678/153 1285/2679/153 1286/2680/153 1284/2681/153 

vt 2.18078 1.26519
f 1274/2658/3 292/555/3 1285/2682/3

v 39.1462 0 -38.4067
vt 2.18078 1.91563
f 1285/2682/3 292/555/3 1287/2683/3

v 39.1462 0 -54.9511
vt 2.18078 2.56698
f 1287/2683/3 292/555/3 1288/2684/3

f 1288/2684/3 292/555/3 293/556/3

v 39.0736 0 -73.3153
vt 2.17792 3.28998
f 1289/2685/3 1288/2684/3 293/556/3

v 39.0573 0 -55.6263
vt 2.17728 2.59356
f 1289/2685/3 1290/2686/3 1288/2684/3

v 38.7967 0 -72.6468
vt 2.16702 3.26366
f 1291/2687/3 1290/2686/3 1289/2685/3

v 38.7967 0 -56.2554
vt 2.16702 2.61833
f 1291/2687/3 1292/2688/3 1290/2686/3

v 38.3822 0 -56.7957
vt 2.1507 2.6396
f 1291/2687/3 1293/2689/3 1292/2688/3

v 38.3822 0 -72.1065
vt 2.1507 3.24239
f 1294/2690/3 1293/2689/3 1291/2687/3

v 37.8419 0 -71.692
vt 2.12943 3.22607
f 1295/2691/3 1293/2689/3 1294/2690/3

v 37.8413 0 -57.2107
vt 2.1294 2.65594
f 1295/2691/3 1296/2692/3 1293/2689/3

v 37.2134 0 -57.4708
vt 2.10468 2.66618
f 1295/2691/3 1297/2693/3 1296/2692/3

v 37.2127 0 -71.4314
vt 2.10466 3.21581
f 1298/2694/3 1297/2693/3 1295/2691/3

v 36.5376 0 -57.5597
vt 2.07808 2.66969
f 1298/2694/3 1299/2695/3 1297/2693/3

v 36.5376 0 -71.3425
vt 2.07808 3.21231
f 1300/2696/3 1299/2695/3 1298/2694/3

v 35.8624 0 -57.4709
vt 2.05149 2.66619
f 1300/2696/3 1301/2697/3 1299/2695/3

v 35.8624 0 -71.4314
vt 2.05149 3.21581
f 1302/2698/3 1301/2697/3 1300/2696/3

v 35.2333 0 -57.2103
vt 2.02672 2.65593
f 1302/2698/3 1303/2699/3 1301/2697/3

v 35.2048 0 -71.7038
vt 2.0256 3.22654
f 1304/2700/3 1303/2699/3 1302/2698/3

v 34.7117 0 -72.0821
vt 2.00619 3.24143
f 1305/2701/3 1303/2699/3 1304/2700/3

v 34.693 0 -56.7957
vt 2.00545 2.6396
f 1305/2701/3 1306/2702/3 1303/2699/3

v 34.2784 0 -72.6468
vt 1.98913 3.26366
f 1307/2703/3 1306/2702/3 1305/2701/3

v 34.2784 0 -56.2554
vt 1.98913 2.61833
f 1307/2703/3 1308/2704/3 1306/2702/3

v 34.0178 0 -73.276
vt 1.97887 3.28843
f 1309/2705/3 1308/2704/3 1307/2703/3

v 34.0178 0 -55.6263
vt 1.97887 2.59356
f 1309/2705/3 1310/2706/3 1308/2704/3

v 33.929 0 -73.9511
vt 1.97537 3.31502
f 1311/2707/3 1310/2706/3 1309/2705/3

v 33.929 0 -54.9511
vt 1.97537 2.56698
f 1310/2706/3 1311/2707/3 1312/2708/3

f 308/588/3 1312/2708/3 1311/2707/3

f 308/588/3 309/589/3 1312/2708/3

v 33.929 0 -38.4067
vt 1.97537 1.91563
f 309/589/3 1313/2709/3 1312/2708/3

v 34.0178 0 -22.5607
vt 1.97887 1.29177
f 1313/2709/3 309/589/3 1314/2710/3

vt 1.53901 -1.18456
vt 1.5122 -1.18456
v 34.9376 -1 -21.8855
vt 1.51739 -1.24024
v 34.9921 -1 -22.2996
vt 1.53383 -1.24024
f 1314/2711/173 309/2712/173 1315/2713/173 1316/2714/173 

vt 0.996526 -1.41811
vt 0.969716 -1.41811
v 34.9921 -1 -21.4714
vt 0.974899 -1.47378
vt 0.991343 -1.47378
f 309/2715/156 310/2716/156 1317/2717/156 1315/2718/156 

vt 0.387042 -1.54441
vt 0.359657 -1.54441
v 35.1519 -1 -21.0855
vt 0.365414 -1.60009
vt 0.381858 -1.60009
f 310/2719/157 314/2720/157 1318/2721/157 1317/2722/157 

vt -0.24846 -1.558
vn 0.559929 0.708436 -0.429648
v 34.6814 0 -20.0498
vt -0.274162 -1.558
v 35.4062 -1 -20.7541
vt -0.269533 -1.61378
vt -0.253089 -1.61378
f 314/2723/313 1319/2724/313 1320/2725/313 1318/2726/313 

vt 2.005 1.19292
f 314/594/3 315/595/3 1319/2727/3

v 35.2333 0 -19.6264
vt 2.02672 1.17625
f 1319/2727/3 315/595/3 1321/2728/3

v 38.2075 0 -12.787
vt 2.14382 0.906978
f 1321/2728/3 315/595/3 1322/2729/3

vt -0.0175336 0.11811
vt 0.0132993 0.11811
v 38.5072 5 -12.0634
vt 0.0132993 0.314961
v 38.2075 5 -12.787
vt -0.0175336 0.314961
f 1322/2730/256 315/2731/257 1323/2732/257 1324/2733/256 

vt 0.615304 0.11811
vt 0.646137 0.11811
v 38.984 5 -11.4421
vt 0.646137 0.314961
vt 0.615304 0.314961
f 315/2734/257 316/2735/258 1325/2736/258 1323/2737/257 

vt 1.20516 0.11811
v 39.6053 0 -10.9653
vt 1.23599 0.11811
v 39.6053 5 -10.9653
vt 1.23599 0.314961
vt 1.20516 0.314961
f 316/2738/258 1326/2739/253 1327/2740/253 1325/2741/258 

vt 2.19885 0.83526
f 316/596/3 317/597/3 1326/2742/3

v 49.9772 0 -1.34542
vt 2.60719 0.456523
f 1326/2742/3 317/597/3 1328/2743/3

vt 1.57771 0.11811
vn -0.776918 0 0.629602
vt 1.606 0.11811
vn -0.587492 0 0.80923
v 50.4985 5 -0.851064
vt 1.606 0.314961
v 49.9772 5 -1.34542
vt 1.57771 0.314961
f 1328/2744/314 317/2745/315 1329/2746/315 1330/2747/314 

vt 2.10133 0.11811
vt 2.12962 0.11811
vn -0.35803 0 0.93371
v 51.13 5 -0.508479
vt 2.12962 0.314961
vt 2.10133 0.314961
f 317/2748/315 318/2749/316 1331/2750/316 1329/2751/315 

vt 2.48078 0.11811
vt 2.50907 0.11811
vt 2.50907 0.314961
vt 2.48078 0.314961
f 318/2752/316 319/2753/283 994/2754/283 1331/2755/316 

v 51.5154 5 -3.07816
vt 2.66775 0.524741
f 994/599/3 1332/2756/3 1331/598/3

v 51.5358 5 -2.92287
vt 2.66856 0.518628
f 1332/2756/3 994/599/3 1333/2757/3

v 51.5958 5 -2.77816
vt 2.67092 0.51293
f 1333/2757/3 994/599/3 1334/2758/3

v 51.6911 5 -2.6539
vt 2.67467 0.508038
f 1334/2758/3 994/599/3 1335/2759/3

v 51.8154 5 -2.55854
vt 2.67956 0.504284
f 1335/2759/3 994/599/3 1336/2760/3

v 51.9601 5 -2.4986
vt 2.68526 0.501924
f 1336/2760/3 994/599/3 1337/2761/3

f 1337/2761/3 994/599/3 993/2003/3

v 52.1154 5 -2.47816
vt 2.69137 0.501119
f 1337/2761/3 993/2003/3 1338/2762/3

v 52.2707 5 -2.4986
vt 2.69749 0.501924
f 1338/2762/3 993/2003/3 1339/2763/3

v 52.4154 5 -2.55854
vt 2.70319 0.504284
f 1339/2763/3 993/2003/3 1340/2764/3

v 52.5396 5 -2.6539
vt 2.70808 0.508038
f 1340/2764/3 993/2003/3 1341/2765/3

v 52.635 5 -2.77816
vt 2.71183 0.51293
f 1341/2765/3 993/2003/3 1342/2766/3

f 1342/2766/3 993/2003/3 995/2002/3

v 52.6949 5 -2.92287
vt 2.71419 0.518628
f 1342/2766/3 995/2002/3 1343/2767/3

v 52.7154 5 -3.07816
vt 2.715 0.524741
f 1343/2767/3 995/2002/3 1344/2768/3

v 53.1007 5 -5.64784
f 1344/2768/3 995/2002/3 1345/2040/3

v 53.7322 5 -5.30525
f 1345/2040/3 995/2002/3 1346/2038/3

f 1346/2038/3 995/2002/3 996/2001/3

v 54.2535 5 -4.8109
f 1346/2038/3 996/2001/3 1347/2037/3

f 1347/2037/3 996/2001/3 997/2000/3

v 54.6292 5 -4.19846
f 1347/2037/3 997/2000/3 1348/2035/3

f 1348/2035/3 997/2000/3 998/1999/3

f 1348/2035/3 998/1999/3 1001/2033/3

f 1001/2033/3 998/1999/3 999/1996/3

vt -0.276391 0.11811
vt -0.248106 0.11811
vn 0.913398 0 -0.407068
vt -0.248106 0.314961
vt -0.276391 0.314961
f 1000/2769/290 1004/2770/317 1348/2771/317 1001/2772/290 

vt -0.973897 0.11811
vt -0.945612 0.11811
vn 0.776918 0 -0.629602
vt -0.945612 0.314961
vt -0.973897 0.314961
f 1004/2773/317 1006/2774/318 1347/2775/318 1348/2776/317 

vt -1.606 0.11811
vt -1.57771 0.11811
vn 0.587492 0 -0.80923
vt -1.57771 0.314961
vt -1.606 0.314961
f 1006/2777/318 1007/2778/319 1346/2779/319 1347/2780/318 

vt -2.12962 0.11811
vt -2.10133 0.11811
vn 0.35803 0 -0.93371
vt -2.10133 0.314961
vt -2.12962 0.314961
f 1007/2781/319 1009/2782/320 1345/2783/320 1346/2784/319 

vt -2.50907 0.11811
vt -2.48078 0.11811
vn 0.104168 0 -0.99456
v 52.4021 5 -5.8153
vt -2.48078 0.314961
vt -2.50907 0.314961
f 1009/2785/320 1011/2786/321 1349/2787/321 1345/2788/320 

vt -2.7185 0.11811
vt -2.69021 0.11811
vn -0.156792 0 -0.987632
v 51.6839 5 -5.79624
vt -2.69021 0.314961
vt -2.7185 0.314961
f 1011/2789/321 1013/2790/322 1350/2791/322 1349/2792/321 

vt -2.74363 0.11811
vt -2.71534 0.11811
vn -0.407068 0 -0.913398
v 50.9951 5 -5.59194
vt -2.71534 0.314961
vt -2.74363 0.314961
f 1013/2793/322 1015/2794/323 1351/2795/323 1350/2796/322 

vt -2.58275 0.11811
vt -2.55446 0.11811
vn -0.629602 0 -0.776918
v 50.3826 5 -5.21633
vt -2.55446 0.314961
vt -2.58275 0.314961
f 1015/2797/323 1017/2798/324 1352/2799/324 1351/2800/323 

vt -2.24682 0.11811
vt -2.21853 0.11811
vn -0.80923 0 -0.587492
v 49.8883 5 -4.69501
vt -2.21853 0.314961
vt -2.24682 0.314961
f 1017/2801/324 1019/2802/325 1353/2803/325 1352/2804/324 

vt -1.75874 0.11811
vt -1.73046 0.11811
vn -0.93371 0 -0.35803
v 49.5457 5 -4.0635
vt -1.73046 0.314961
vt -1.75874 0.314961
f 1019/2805/325 1021/2806/326 1354/2807/326 1353/2808/325 

vt -1.15177 0.11811
vt -1.12348 0.11811
vn -0.99456 0 -0.104168
v 49.3782 5 -3.36484
vt -1.12348 0.314961
vt -1.15177 0.314961
f 1021/2809/326 1022/2810/327 1355/2811/327 1354/2812/326 

vt -0.467272 0.11811
v 49.3973 0 -2.64665
vt -0.438987 0.11811
vn -0.987632 0 0.156792
v 49.3973 5 -2.64665
vt -0.438987 0.314961
vt -0.467272 0.314961
f 1022/2813/327 1356/2814/328 1357/2815/328 1355/2816/327 

vt 2.58436 0.507753
f 1250/2569/3 1356/2817/3 1022/2053/3

v 44.484 0 -94.5343
vt 2.39093 4.12538
f 1358/2818/3 1356/2817/3 1250/2569/3

v 44.1843 0 -93.8108
vt 2.37913 4.09689
f 1359/2819/3 1356/2817/3 1358/2818/3

v 44.1053 0 -13.5634
vt 2.37602 0.937547
f 1360/2820/3 1356/2817/3 1359/2819/3

v 49.6016 0 -1.95786
vt 2.59241 0.480635
f 1360/2820/3 1361/2821/3 1356/2817/3

v 44.0031 0 -12.787
vt 2.37199 0.906978
f 1362/2822/3 1361/2821/3 1360/2820/3

v 43.7034 0 -12.0634
vt 2.36019 0.878492
f 1363/2823/3 1361/2821/3 1362/2822/3

v 43.2266 0 -11.4421
vt 2.34142 0.85403
f 1364/2824/3 1361/2821/3 1363/2823/3

f 1364/2824/3 1328/2743/3 1361/2821/3

v 42.6053 0 -10.9653
vt 2.31696 0.83526
f 1365/2825/3 1328/2743/3 1364/2824/3

v 41.8817 0 -10.6656
vt 2.28848 0.823461
f 1366/2826/3 1328/2743/3 1365/2825/3

v 41.1053 0 -10.5634
vt 2.25791 0.819437
f 1367/2827/3 1328/2743/3 1366/2826/3

v 40.3288 0 -10.6656
vt 2.22734 0.823461
f 1368/2828/3 1328/2743/3 1367/2827/3

f 1326/2742/3 1328/2743/3 1368/2828/3

vt 1.71183 0.11811
vt 1.74267 0.11811
v 40.3288 5 -10.6656
vt 1.74267 0.314961
vt 1.71183 0.314961
f 1326/2829/253 1368/2830/136 1369/2831/136 1327/2832/253 

vt 2.1008 0.11811
vt 2.13163 0.11811
v 41.1053 5 -10.5634
vt 2.13163 0.314961
vt 2.1008 0.314961
f 1368/2833/136 1367/2834/137 1370/2835/137 1369/2836/136 

vt 2.34555 0.11811
vt 2.37638 0.11811
v 41.8817 5 -10.6656
vt 2.37638 0.314961
vt 2.34555 0.314961
f 1367/2837/137 1366/2838/145 1371/2839/145 1370/2840/137 

vt 2.4294 0.11811
vt 2.46023 0.11811
v 42.6053 5 -10.9653
vt 2.46023 0.314961
vt 2.4294 0.314961
f 1366/2841/145 1365/2842/130 1372/2843/130 1371/2844/145 

vt 2.34664 0.11811
vt 2.37748 0.11811
v 43.2266 5 -11.4421
vt 2.37748 0.314961
vt 2.34664 0.314961
f 1365/2845/130 1364/2846/1 1373/2847/1 1372/2848/130 

vt 2.10292 0.11811
vt 2.13375 0.11811
v 43.7034 5 -12.0634
vt 2.13375 0.314961
vt 2.10292 0.314961
f 1364/2849/1 1363/2850/2 1374/2851/2 1373/2852/1 

vt 1.71483 0.11811
vt 1.74566 0.11811
v 44.0031 5 -12.787
vt 1.74566 0.314961
vt 1.71483 0.314961
f 1363/2853/2 1362/2854/135 1375/2855/135 1374/2856/2 

vt 1.20883 0.11811
vt 1.23966 0.11811
v 44.1053 5 -13.5634
vt 1.23966 0.314961
vt 1.20883 0.314961
f 1362/2857/135 1360/2858/146 1376/2859/146 1375/2860/135 

vt 0.619394 0.11811
v 44.0031 0 -14.3399
vt 0.650227 0.11811
v 44.0031 5 -14.3399
vt 0.650227 0.314961
vt 0.619394 0.314961
f 1360/2861/146 1377/2862/131 1378/2863/131 1376/2864/146 

vt 2.37199 0.968116
f 1359/2819/3 1377/2865/3 1360/2820/3

v 43.7075 0 -93.1895
vt 2.36036 4.07243
f 1379/2866/3 1377/2865/3 1359/2819/3

v 43.7034 0 -15.0634
vt 2.36019 0.996602
f 1379/2866/3 1380/2867/3 1377/2865/3

v 43.2266 0 -15.6847
vt 2.34142 1.02106
f 1379/2866/3 1381/2868/3 1380/2867/3

f 1265/2591/3 1381/2868/3 1379/2866/3

f 1265/2591/3 1266/2640/3 1381/2868/3

vt -1.23599 0.11811
vt -1.20516 0.11811
v 42.6053 5 -16.1615
vt -1.20516 0.314961
v 43.2266 5 -15.6847
vt -1.23599 0.314961
f 1381/2869/133 1266/2870/134 1382/2871/134 1383/2872/133 

vt -1.74267 0.11811
vt -1.71183 0.11811
vt -1.71183 0.314961
vt -1.74267 0.314961
f 1266/2873/134 1267/2874/129 1269/2875/129 1382/2876/134 

f 1269/2641/3 1372/2825/3 1382/2640/3

f 1269/2641/3 1371/2826/3 1372/2825/3

v 41.7053 5 -13.5634
vt 2.28153 0.937547
f 1269/2641/3 1384/2877/3 1371/2826/3

v 41.6848 5 -13.7187
vt 2.28072 0.943661
f 1269/2641/3 1385/2878/3 1384/2877/3

v 41.6249 5 -13.8634
vt 2.27836 0.949358
f 1269/2641/3 1386/2879/3 1385/2878/3

v 41.5295 5 -13.9877
vt 2.27461 0.95425
f 1269/2641/3 1387/2880/3 1386/2879/3

v 41.4053 5 -14.083
vt 2.26972 0.958004
f 1269/2641/3 1388/2881/3 1387/2880/3

v 41.2606 5 -14.143
vt 2.26402 0.960364
f 1269/2641/3 1389/2882/3 1388/2881/3

f 1268/553/3 1389/2882/3 1269/2641/3

v 41.1053 5 -14.1634
vt 2.25791 0.961169
f 1268/553/3 1390/2883/3 1389/2882/3

v 40.95 5 -14.143
vt 2.25179 0.960364
f 1268/553/3 1391/2884/3 1390/2883/3

v 40.8053 5 -14.083
vt 2.24609 0.958004
f 1268/553/3 1392/2885/3 1391/2884/3

v 40.681 5 -13.9877
vt 2.2412 0.95425
f 1268/553/3 1393/2886/3 1392/2885/3

v 40.5857 5 -13.8634
vt 2.23745 0.949358
f 1268/553/3 1394/2887/3 1393/2886/3

v 40.5257 5 -13.7187
vt 2.23509 0.943661
f 1268/553/3 1395/2888/3 1394/2887/3

f 1270/554/3 1395/2888/3 1268/553/3

v 40.5053 5 -13.5634
vt 2.23428 0.937547
f 1395/2888/3 1270/554/3 1396/2889/3

f 1270/554/3 1369/2828/3 1396/2889/3

f 1270/554/3 1327/2742/3 1369/2828/3

f 1271/555/3 1327/2742/3 1270/554/3

f 1273/2659/3 1327/2742/3 1271/555/3

f 1273/2659/3 1325/596/3 1327/2742/3

v 38.5072 5 -15.0634
f 1397/2661/3 1325/596/3 1273/2659/3

f 1397/2661/3 1323/595/3 1325/596/3

v 38.2075 5 -14.3399
f 1398/2663/3 1323/595/3 1397/2661/3

f 1398/2663/3 1324/2729/3 1323/595/3

v 38.1053 5 -13.5634
f 1324/2729/3 1398/2663/3 1399/2664/3

vt -1.23966 0.11811
vt -1.20883 0.11811
vn -1 0 -2.37958e-16
vt -1.20883 0.314961
vt -1.23966 0.314961
f 1278/2890/254 1279/2891/329 1399/2892/329 1398/2893/254 

vt -0.650227 0.11811
vt -0.619394 0.11811
vt -0.619394 0.314961
vt -0.650227 0.314961
f 1279/2894/329 1322/2895/256 1324/2896/256 1399/2897/329 

v 37.2127 0 -19.3658
vt 2.10466 1.16599
f 1400/2898/3 1322/2729/3 1279/2664/3

v 36.5376 0 -19.2769
vt 2.07808 1.16249
f 1401/2899/3 1322/2729/3 1400/2898/3

v 35.8624 0 -19.3658
vt 2.05149 1.16599
f 1402/2900/3 1322/2729/3 1401/2899/3

f 1321/2728/3 1322/2729/3 1402/2900/3

vt -1.42232 -1.23333
vt -1.44913 -1.23333
v 36.1235 -1 -20.34
vt -1.44395 -1.28901
v 35.7376 -1 -20.4999
vt -1.4275 -1.28901
f 1321/2901/252 1402/2902/252 1403/2903/252 1404/2904/252 

vt -1.88175 -0.923251
vt -1.90856 -0.923251
v 36.5376 -1 -20.2855
vt -1.90338 -0.978929
vt -1.88693 -0.978929
f 1402/2905/147 1401/2906/147 1405/2907/147 1403/2908/147 

vt -2.21203 -0.539655
vt -2.23884 -0.539655
v 36.9517 -1 -20.34
vt -2.23366 -0.595333
vt -2.21722 -0.595333
f 1401/2909/164 1400/2910/164 1406/2911/164 1405/2912/164 

vt -2.39065 -0.108684
vt -2.41746 -0.108684
vt -2.41228 -0.164362
vt -2.39584 -0.164362
f 1400/2913/149 1280/2914/149 1282/2915/149 1406/2916/149 

f 1400/2898/3 1279/2664/3 1280/2665/3

vt -2.41228 0.0787402
vn -0.5 -7.8047e-32 -0.866025
vt -2.41228 8.88178e-16
vt -2.39584 8.88178e-16
vn -0.258819 4.796e-32 -0.965926
vt -2.39584 0.0787402
f 1282/2917/330 639/2918/330 640/2919/331 1406/2920/331 

vt -2.42707 0.0787402
vn -0.707107 -4.97137e-32 -0.707107
vt -2.42707 8.88178e-16
vt -2.41062 8.88178e-16
vt -2.41062 0.0787402
f 1281/2921/332 638/2922/332 639/2923/330 1282/2924/330 

vt -2.27702 0.0787402
vn -0.866025 5.23133e-32 -0.5
vt -2.27702 8.88178e-16
vt -2.26057 8.88178e-16
vt -2.26057 0.0787402
f 1283/2925/333 637/2926/333 638/2927/332 1281/2928/332 

vt -1.97235 0.0787402
vn -0.965926 -3.21591e-32 -0.258819
vt -1.97235 8.88178e-16
vt -1.9559 8.88178e-16
vt -1.9559 0.0787402
f 1284/2929/334 636/2930/334 637/2931/333 1283/2932/333 

vt -1.53383 0.0787402
vn -1 -8.17913e-33 -1.32977e-15
vt -1.53383 8.88178e-16
vt -1.51739 8.88178e-16
vt -1.51739 0.0787402
f 1286/2933/335 635/2934/335 636/2935/334 1284/2936/334 

v 38.0831 -1 -22.2996
vt -0.991343 0.0787402
v 38.0831 -3 -22.2996
vt -0.991343 8.88178e-16
vt -0.974899 8.88178e-16
vt -0.974899 0.0787402
f 1407/2937/192 1408/2938/192 635/2939/335 1286/2940/335 

v 37.9232 -1 -22.6855
vt -0.381858 0.0787402
vn -0.866025 -3.78607e-18 0.5
v 37.9232 -3 -22.6855
vt -0.381858 8.78216e-16
vt -0.365414 8.78216e-16
vt -0.365414 0.0787402
f 1409/2941/336 1410/2942/336 1408/2943/192 1407/2944/192 

v 37.669 -1 -23.0169
vt 0.253089 0.0787402
vn -0.707107 -1.74915e-18 0.707107
v 37.669 -3 -23.0169
vt 0.253089 8.79572e-16
vt 0.269533 8.79572e-16
vt 0.269533 0.0787402
f 1411/2945/337 1412/2946/337 1410/2947/336 1409/2948/336 

v 37.3376 -1 -23.2711
vt 0.870228 0.0787402
vn -0.5 1.24253e-31 0.866025
v 37.3376 -3 -23.2711
vt 0.870228 8.88178e-16
vt 0.886672 8.88178e-16
vt 0.886672 0.0787402
f 1413/2949/338 1414/2950/338 1412/2951/337 1411/2952/337 

v 36.9517 -1 -23.431
vt 1.4275 0.0787402
vn -0.258819 4.796e-32 0.965926
v 36.9517 -3 -23.431
vt 1.4275 8.88178e-16
vt 1.44395 8.88178e-16
vt 1.44395 0.0787402
f 1415/2953/339 1416/2954/339 1414/2955/338 1413/2956/338 

v 36.5376 -1 -23.4855
vt 1.88693 0.0787402
vn 8.81845e-16 1.63583e-32 1
v 36.5376 -3 -23.4855
vt 1.88693 8.88178e-16
vt 1.90338 8.88178e-16
vt 1.90338 0.0787402
f 1417/2957/340 1418/2958/340 1416/2959/339 1415/2960/339 

v 36.1235 -1 -23.431
vt 2.21722 0.0787402
vn 0.258819 1.63583e-32 0.965926
v 36.1235 -3 -23.431
vt 2.21722 8.88178e-16
vt 2.23366 8.88178e-16
vt 2.23366 0.0787402
f 1419/2961/341 1420/2962/341 1418/2963/340 1417/2964/340 

v 35.7376 -1 -23.2711
vt 2.39584 0.0787402
v 35.7376 -3 -23.2711
vt 2.39584 8.88178e-16
vt 2.41228 8.88178e-16
vt 2.41228 0.0787402
f 1421/2965/130 1422/2966/130 1420/2967/341 1419/2968/341 

v 35.4062 -1 -23.0169
vt 2.41062 0.0787402
vn 0.707107 -1.98855e-31 0.707107
v 35.4062 -3 -23.0169
vt 2.41062 8.88178e-16
vt 2.42707 8.88178e-16
vt 2.42707 0.0787402
f 1423/2969/342 1424/2970/342 1422/2971/130 1421/2972/130 

v 35.1519 -1 -22.6855
vt 2.26057 0.0787402
v 35.1519 -3 -22.6855
vt 2.26057 8.88178e-16
vt 2.27702 8.88178e-16
vt 2.27702 0.0787402
f 1425/2973/245 1426/2974/245 1424/2975/342 1423/2976/342 

vt 1.9559 0.0787402
vn 0.965926 2.03692e-18 0.258819
v 34.9921 -3 -22.2996
vt 1.9559 8.82632e-16
vt 1.97235 8.82632e-16
vt 1.97235 0.0787402
f 1316/2977/343 1427/2978/343 1426/2979/245 1425/2980/245 

vt 1.51739 0.0787402
vn 1 1.63583e-32 -8.67847e-16
v 34.9376 -3 -21.8855
vt 1.51739 8.88178e-16
vt 1.53383 8.88178e-16
vt 1.53383 0.0787402
f 1315/2981/344 1428/2982/344 1427/2983/343 1316/2984/343 

vt 0.974899 0.0787402
vn 0.965926 2.03692e-18 -0.258819
v 34.9921 -3 -21.4714
vt 0.974899 8.88178e-16
vt 0.991343 8.88178e-16
vt 0.991343 0.0787402
f 1317/2985/345 1429/2986/345 1428/2987/344 1315/2988/344 

vt 0.365414 0.0787402
vn 0.866025 2.03692e-18 -0.5
v 35.1519 -3 -21.0855
vt 0.365414 8.78721e-16
vt 0.381858 8.78721e-16
vt 0.381858 0.0787402
f 1318/2989/346 1430/2990/346 1429/2991/345 1317/2992/345 

vt -0.269533 0.0787402
vn 0.707107 -2.65796e-32 -0.707107
v 35.4062 -3 -20.7541
vt -0.269533 8.88178e-16
vt -0.253089 8.88178e-16
vt -0.253089 0.0787402
f 1320/2993/347 1431/2994/347 1430/2995/346 1318/2996/346 

vt -0.886672 0.0787402
vn 0.5 2.03692e-18 -0.866025
v 35.7376 -3 -20.4999
vt -0.886672 8.88178e-16
vt -0.870228 8.88178e-16
vt -0.870228 0.0787402
f 1404/2997/348 1432/2998/348 1431/2999/347 1320/3000/347 

vt -1.44395 0.0787402
vn 0.258819 2.03692e-18 -0.965926
vt -1.44395 8.80498e-16
vt -1.4275 8.80498e-16
vt -1.4275 0.0787402
f 1403/3001/349 642/3002/349 1432/3003/348 1404/3004/348 

vt -1.90338 0.0787402
vn -7.13874e-16 -4.57684e-32 -1
vt -1.90338 8.88178e-16
vt -1.88693 8.88178e-16
vt -1.88693 0.0787402
f 1405/3005/350 641/3006/350 642/3007/349 1403/3008/349 

vt -2.23366 0.0787402
vt -2.23366 8.88178e-16
vt -2.21722 8.88178e-16
vt -2.21722 0.0787402
f 1406/3009/331 640/3010/331 641/3011/350 1405/3012/350 

vt -2.04658 1.21064
f 642/1240/75 643/1241/75 1432/3013/75

vt -2.03353 1.22065
f 1432/3013/75 643/1241/75 1431/3014/75

v 3.35447 -3 -54.9511
vt -0.771654 2.56698
f 1431/3014/75 643/1241/75 1433/3015/75

v 3.35447 -3 -38.4067
vt -0.771654 1.91563
f 1434/3016/75 1433/3015/75 643/1241/75

v 3.29995 -3 -38.8209
vt -0.769507 1.93193
f 1435/3017/75 1433/3015/75 1434/3016/75

v 3.29995 -3 -54.537
vt -0.769507 2.55068
f 1435/3017/75 1436/3018/75 1433/3015/75

v 3.14011 -3 -54.1511
vt -0.763214 2.53549
f 1435/3017/75 1437/3019/75 1436/3018/75

v 3.14011 -3 -39.2067
vt -0.763214 1.94713
f 1438/3020/75 1437/3019/75 1435/3017/75

v 2.88584 -3 -53.8197
vt -0.753204 2.52244
f 1438/3020/75 1439/3021/75 1437/3019/75

v 2.88584 -3 -39.5381
vt -0.753204 1.96017
f 1440/3022/75 1439/3021/75 1438/3020/75

v 2.55447 -3 -39.7924
vt -0.740157 1.97018
f 1441/3023/75 1439/3021/75 1440/3022/75

v 2.55447 -3 -53.5655
vt -0.740157 2.51243
f 1441/3023/75 1442/3024/75 1439/3021/75

v 2.16858 -3 -39.9522
vt -0.724965 1.97648
f 1443/3025/75 1442/3024/75 1441/3023/75

v 2.16858 -3 -53.4056
vt -0.724965 2.50614
f 1443/3025/75 1444/3026/75 1442/3024/75

v 1.75447 -3 -53.3511
vt -0.708661 2.50399
f 1443/3025/75 1445/3027/75 1444/3026/75

v 1.75447 -3 -40.0067
vt -0.708661 1.97862
f 1446/3028/75 1445/3027/75 1443/3025/75

v 1.34036 -3 -53.4056
vt -0.692358 2.50614
f 1446/3028/75 1447/3029/75 1445/3027/75

v 1.34036 -3 -39.9522
vt -0.692358 1.97648
f 1448/3030/75 1447/3029/75 1446/3028/75

v 0.954467 -3 -53.5655
vt -0.677165 2.51243
f 1448/3030/75 1449/3031/75 1447/3029/75

v 0.954467 -3 -39.7924
vt -0.677165 1.97018
f 1450/3032/75 1449/3031/75 1448/3030/75

v 0.623096 -3 -53.8197
vt -0.664119 2.52244
f 1450/3032/75 1451/3033/75 1449/3031/75

v 0.623096 -3 -39.5381
vt -0.664119 1.96017
f 1452/3034/75 1451/3033/75 1450/3032/75

v 0.368826 -3 -54.1511
vt -0.654109 2.53549
f 1452/3034/75 1453/3035/75 1451/3033/75

v 0.368826 -3 -39.2067
vt -0.654109 1.94713
f 1454/3036/75 1453/3035/75 1452/3034/75

v 0.208986 -3 -54.537
vt -0.647816 2.55068
f 1454/3036/75 1455/3037/75 1453/3035/75

v 0.208986 -3 -38.8209
vt -0.647816 1.93193
f 1456/3038/75 1455/3037/75 1454/3036/75

v 0.154467 -3 -54.9511
vt -0.645669 2.56698
f 1456/3038/75 1457/3039/75 1455/3037/75

v 0.154467 -3 -38.4067
vt -0.645669 1.91563
f 1457/3039/75 1456/3038/75 1458/3040/75

vt 1.98352 0.0787402
vn 1 -1.53875e-32 -1.37176e-15
vt 1.98352 8.88178e-16
vt 1.99996 8.88178e-16
v 0.208986 -1 -38.8209
vt 1.99996 0.0787402
f 396/3041/351 1458/3042/351 1456/3043/343 1459/3044/343 

vt 1.79852 0.0787402
v 0.208986 -3 -37.9926
vt 1.79852 8.88178e-16
vt 1.81497 8.88178e-16
vt 1.81497 0.0787402
f 395/3045/345 1460/3046/345 1458/3047/351 396/3048/351 

vt 1.4904 0.0787402
vn 0.866025 2.87777e-19 -0.5
v 0.368826 -3 -37.6067
vt 1.4904 8.82825e-16
vt 1.50684 8.82825e-16
vt 1.50684 0.0787402
f 397/3049/352 1461/3050/352 1460/3051/345 395/3052/345 

vt 1.08014 0.0787402
v 0.623096 -3 -37.2754
vt 1.08014 8.93956e-16
vt 1.09659 8.93956e-16
vt 1.09659 0.0787402
f 398/3053/250 1462/3054/250 1461/3055/352 397/3056/352 

vt 0.595721 0.0787402
vn 0.5 3.06666e-34 -0.866025
v 0.954467 -3 -37.0211
vt 0.595721 8.88178e-16
vt 0.612165 8.88178e-16
vt 0.612165 0.0787402
f 399/3057/353 1463/3058/353 1462/3059/250 398/3060/250 

vt 0.0701402 0.0787402
vn 0.258819 9.87554e-34 -0.965926
v 1.34036 -3 -36.8613
vt 0.0701402 8.88178e-16
vt 0.0865845 8.88178e-16
vt 0.0865845 0.0787402
f 400/3061/354 1464/3062/354 1463/3063/353 399/3064/353 

vt -0.460781 0.0787402
vn 6.99877e-17 5.11196e-34 -1
v 1.75447 -3 -36.8067
vt -0.460781 8.88178e-16
vt -0.444337 8.88178e-16
vt -0.444337 0.0787402
f 401/3065/355 1465/3066/355 1464/3067/354 400/3068/354 

vt -0.960861 0.0787402
vn -0.258819 -1.97511e-33 -0.965926
v 2.16858 -3 -36.8613
vt -0.960861 8.88178e-16
vt -0.944417 8.88178e-16
vt -0.944417 0.0787402
f 402/3069/356 1466/3070/356 1465/3071/355 401/3072/355 

vt -1.39602 0.0787402
vn -0.5 -2.9975e-33 -0.866025
v 2.55447 -3 -37.0211
vt -1.39602 8.88178e-16
vt -1.37958 8.88178e-16
vt -1.37958 0.0787402
f 403/3073/357 1467/3074/357 1466/3075/356 402/3076/356 

vt -1.7366 0.0787402
vn -0.707107 -7.62933e-32 -0.707107
v 2.88584 -3 -37.2754
vt -1.7366 8.88178e-16
vt -1.72016 8.88178e-16
vt -1.72016 0.0787402
f 404/3077/358 1468/3078/358 1467/3079/357 403/3080/357 

vt -1.9594 0.0787402
v 3.14011 -3 -37.6067
vt -1.9594 8.88178e-16
vt -1.94296 8.88178e-16
vt -1.94296 0.0787402
f 405/3081/233 1469/3082/233 1468/3083/358 404/3084/358 

vt -2.04923 0.0787402
v 3.29995 -3 -37.9926
vt -2.04923 8.88243e-16
vt -2.03278 8.88243e-16
vt -2.03278 0.0787402
f 406/3085/234 1470/3086/234 1469/3087/233 405/3088/233 

vt -1.99996 0.0787402
vn -1 1.63583e-32 -8.81845e-16
vt -1.99996 8.88178e-16
vt -1.98352 8.88178e-16
vt -1.98352 0.0787402
f 407/3089/359 1434/3090/359 1470/3091/234 406/3092/234 

vt -1.81497 0.0787402
vn -0.965926 -1.60701e-32 0.258819
vt -1.81497 8.88178e-16
vt -1.79852 8.88178e-16
vt -1.79852 0.0787402
f 409/3093/360 1435/3094/360 1434/3095/359 407/3096/359 

v 3.14011 -1 -39.2067
vt -1.50684 0.0787402
vn -0.866025 3.45475e-32 0.5
vt -1.50684 8.88178e-16
vt -1.4904 8.88178e-16
vt -1.4904 0.0787402
f 1471/3097/361 1438/3098/361 1435/3099/360 409/3100/360 

v 2.88584 -1 -39.5381
vt -1.09659 0.0787402
vn -0.707107 2.76594e-31 0.707107
vt -1.09659 8.88178e-16
vt -1.08014 8.88178e-16
vt -1.08014 0.0787402
f 1472/3101/362 1440/3102/362 1438/3103/361 1471/3104/361 

v 2.55447 -1 -39.7924
vt -0.612165 0.0787402
vn -0.5 1.94086e-31 0.866025
vt -0.612165 8.88178e-16
vt -0.595721 8.88178e-16
vt -0.595721 0.0787402
f 1473/3105/363 1441/3106/363 1440/3107/362 1472/3108/362 

v 2.16858 -1 -39.9522
vt -0.0865845 0.0787402
vn -0.258819 2.90832e-20 0.965926
vt -0.0865845 8.88178e-16
vt -0.0701402 8.88178e-16
vt -0.0701402 0.0787402
f 1474/3109/364 1443/3110/364 1441/3111/363 1473/3112/363 

v 1.75447 -1 -40.0067
vt 0.444337 0.0787402
vn -2.23961e-16 5.81664e-20 1
vt 0.444337 8.88297e-16
vt 0.460781 8.88297e-16
vt 0.460781 0.0787402
f 1475/3113/365 1446/3114/365 1443/3115/364 1474/3116/364 

v 1.34036 -1 -39.9522
vt 0.944417 0.0787402
vn 0.258819 2.90832e-20 0.965926
vt 0.944417 8.88286e-16
vt 0.960861 8.88286e-16
vt 0.960861 0.0787402
f 1476/3117/366 1448/3118/366 1446/3119/365 1475/3120/365 

v 0.954467 -1 -39.7924
vt 1.37958 0.0787402
vn 0.5 -2.31571e-31 0.866025
vt 1.37958 8.88178e-16
vt 1.39602 8.88178e-16
vt 1.39602 0.0787402
f 1477/3121/367 1450/3122/367 1448/3123/366 1476/3124/366 

v 0.623096 -1 -39.5381
vt 1.72016 0.0787402
vn 0.707107 -7.62933e-32 0.707107
vt 1.72016 8.88178e-16
vt 1.7366 8.88178e-16
vt 1.7366 0.0787402
f 1478/3125/368 1452/3126/368 1450/3127/367 1477/3128/367 

v 0.368826 -1 -39.2067
vt 1.94296 0.0787402
vt 1.94296 8.88178e-16
vt 1.9594 8.88178e-16
vt 1.9594 0.0787402
f 1479/3129/245 1454/3130/245 1452/3131/368 1478/3132/368 

vt 2.03278 0.0787402
vt 2.03278 8.88747e-16
vt 2.04923 8.88747e-16
vt 2.04923 0.0787402
f 1459/3133/343 1456/3134/343 1454/3135/245 1479/3136/245 

vt 2.05441 0.210927
vt 2.0276 0.210927
vt 2.03278 0.155249
vt 2.04923 0.155249
f 427/3137/172 430/3138/172 1459/3139/172 1479/3140/172 

vt 2.00515 -0.164491
vt 1.97834 -0.164491
vt 1.98352 -0.220169
vt 1.99996 -0.220169
f 430/3141/173 394/3142/173 396/3143/173 1459/3144/173 

vt 1.96458 0.582569
vn 0.560986 0.707107 0.430459
vt 1.93777 0.582569
vt 1.94296 0.526891
vt 1.9594 0.526891
f 425/3145/369 427/3146/369 1479/3147/369 1478/3148/369 

vt 1.74179 0.925108
vt 1.71498 0.925108
vt 1.72016 0.86943
vt 1.7366 0.86943
f 424/3149/143 425/3150/143 1478/3151/143 1477/3152/143 

vt 1.4012 1.21521
vn 0.270597 0.707111 0.653277
vt 1.3744 1.21521
vt 1.37958 1.15953
vt 1.39602 1.15953
f 421/3153/370 424/3154/370 1477/3155/370 1476/3156/370 

vt 0.966044 1.43308
vt 0.939231 1.43308
vt 0.944417 1.3774
vt 0.960861 1.3774
f 420/3157/141 421/3158/141 1476/3159/141 1475/3160/141 

vt 0.465964 1.56389
vt 0.439153 1.56389
vt 0.444337 1.50821
vt 0.460781 1.50821
f 417/3161/140 420/3162/140 1475/3163/140 1474/3164/140 

vt -0.0649571 1.59872
vt -0.0917677 1.59872
vt -0.0865845 1.54305
vt -0.0701402 1.54305
f 415/3165/309 417/3166/309 1474/3167/309 1473/3168/309 

vt -0.590538 1.53521
vt -0.617348 1.53521
vt -0.612165 1.47953
vt -0.595721 1.47953
f 414/3169/138 415/3170/138 1473/3171/138 1472/3172/138 

vt -1.07496 1.37767
vt -1.10177 1.37767
vt -1.09659 1.32199
vt -1.08014 1.32199
f 411/3173/308 414/3174/308 1472/3175/308 1471/3176/308 

vt -1.48521 1.13684
vn -0.653281 0.707107 0.270598
vt -1.51202 1.13684
vt -1.50684 1.08116
vt -1.4904 1.08116
f 408/3177/371 411/3178/371 1471/3179/371 409/3180/371 

vt -0.769507 1.28149
vt -0.769507 1.89933
f 651/3181/75 1470/3182/75 1434/3016/75

vt -0.763214 1.88413
f 651/3181/75 1469/3183/75 1470/3182/75

vt -0.763214 1.29668
f 653/3184/75 1469/3183/75 651/3181/75

vt -0.753204 1.87109
f 653/3184/75 1468/3185/75 1469/3183/75

vt -0.753204 1.30973
f 655/3186/75 1468/3185/75 653/3184/75

vt -0.740157 1.31974
f 657/3187/75 1468/3185/75 655/3186/75

vt -0.740157 1.86108
f 657/3187/75 1467/3188/75 1468/3185/75

vt -0.724965 1.32603
f 659/3189/75 1467/3188/75 657/3187/75

vt -0.724965 1.85478
f 659/3189/75 1466/3190/75 1467/3188/75

vt -0.708661 1.32818
f 661/3191/75 1466/3190/75 659/3189/75

vt -0.708661 1.85264
f 661/3191/75 1465/3192/75 1466/3190/75

vt -0.692358 1.85478
f 661/3191/75 1464/3193/75 1465/3192/75

vt -0.692358 1.32603
f 663/3194/75 1464/3193/75 661/3191/75

vt -0.677165 1.86108
f 663/3194/75 1463/3195/75 1464/3193/75

vt -0.677165 1.31974
f 665/3196/75 1463/3195/75 663/3194/75

vt -0.664119 1.30973
f 667/3197/75 1463/3195/75 665/3196/75

vt -0.664119 1.87109
f 667/3197/75 1462/3198/75 1463/3195/75

vt -0.654109 1.29668
f 669/3199/75 1462/3198/75 667/3197/75

vt -0.654109 1.88413
f 669/3199/75 1461/3200/75 1462/3198/75

vt -0.647816 1.28149
f 671/3201/75 1461/3200/75 669/3199/75

vt -0.647816 1.89933
f 671/3201/75 1460/3202/75 1461/3200/75

f 565/1104/75 1460/3202/75 671/3201/75

f 1460/3202/75 565/1104/75 1458/3040/75

f 565/1104/75 531/1102/75 1458/3040/75

f 531/1102/75 1457/3039/75 1458/3040/75

vt -0.647816 3.29871
f 1457/3039/75 531/1102/75 532/3203/75

v 0.208986 -3 -55.3652
vt -0.647816 2.58329
f 1457/3039/75 532/3203/75 1480/3204/75

vt -0.654109 3.28352
f 1480/3204/75 532/3203/75 533/3205/75

v 0.368826 -3 -55.7511
vt -0.654109 2.59848
f 1480/3204/75 533/3205/75 1481/3206/75

vt -0.664119 3.27047
f 1481/3206/75 533/3205/75 534/3207/75

v 0.623096 -3 -56.0825
vt -0.664119 2.61153
f 1481/3206/75 534/3207/75 1482/3208/75

vt -0.677165 3.26046
f 1482/3208/75 534/3207/75 535/3209/75

v 0.954467 -3 -56.3368
vt -0.677165 2.62154
f 1482/3208/75 535/3209/75 1483/3210/75

vt -0.692358 3.25417
f 1483/3210/75 535/3209/75 536/3211/75

v 1.34036 -3 -56.4966
vt -0.692358 2.62783
f 1483/3210/75 536/3211/75 1484/3212/75

vt -0.708661 3.25202
f 1484/3212/75 536/3211/75 537/3213/75

v 1.75447 -3 -56.5511
vt -0.708661 2.62998
f 1484/3212/75 537/3213/75 1485/3214/75

vt -0.724965 3.25417
f 1485/3214/75 537/3213/75 538/3215/75

v 2.16858 -3 -56.4966
vt -0.724965 2.62783
f 1485/3214/75 538/3215/75 1486/3216/75

vt -0.740157 3.26046
f 1486/3216/75 538/3215/75 539/3217/75

v 2.55447 -3 -56.3368
vt -0.740157 2.62154
f 1486/3216/75 539/3217/75 1487/3218/75

vt -0.753204 3.27047
f 1487/3218/75 539/3217/75 540/3219/75

v 2.88584 -3 -56.0825
vt -0.753204 2.61153
f 1487/3218/75 540/3219/75 1488/3220/75

vt -0.763214 3.28352
f 1488/3220/75 540/3219/75 541/3221/75

v 3.14011 -3 -55.7511
vt -0.763214 2.59848
f 1488/3220/75 541/3221/75 1489/3222/75

vt -0.769507 3.29871
f 1489/3222/75 541/3221/75 542/3223/75

v 3.29995 -3 -55.3652
vt -0.769507 2.58329
f 1489/3222/75 542/3223/75 1490/3224/75

vt -0.771654 3.31502
f 1490/3224/75 542/3223/75 543/3225/75

f 1490/3224/75 543/3225/75 1433/3015/75

v 35.4062 -3 -94.2839
vt -2.03353 4.11552
f 543/3225/75 1491/3226/75 1433/3015/75

v 35.7376 -3 -94.5381
vt -2.04658 4.12553
f 543/3225/75 1492/3227/75 1491/3226/75

f 811/1797/75 1492/3227/75 543/3225/75

f 811/1797/75 812/1798/75 1492/3227/75

vt 3.46956 0.0787402
vn 0.5 -2.6198e-15 0.866025
vt 3.46956 -1.37306e-14
vt 3.48601 -1.37306e-14
vn 0.258819 -5.08363e-15 0.965926
vt 3.48601 0.0787402
f 303/3228/372 1492/3229/372 812/3230/373 302/3231/373 

vt 4.11868 0.0787402
vn 0.707107 -5.63225e-16 0.707107
vt 4.11868 -6.44202e-16
vt 4.13512 -6.44202e-16
vt 4.13512 0.0787402
f 305/3232/374 1491/3233/374 1492/3234/372 303/3235/372 

v 35.1519 -1 -93.9525
vt 4.48655 0.0787402
vn 0.866025 -1.84811e-16 0.5
v 35.1519 -3 -93.9525
vt 4.48655 -1.13228e-16
vt 4.503 -1.13228e-16
vt 4.503 0.0787402
f 1493/3236/375 1494/3237/375 1491/3238/374 305/3239/374 

v 34.9921 -1 -93.5666
vt 4.54811 0.0787402
vn 0.965926 1.33911e-15 0.258819
v 34.9921 -3 -93.5666
vt 4.54811 3.48284e-16
vt 4.56456 3.48284e-16
vt 4.56456 0.0787402
f 1495/3240/376 1496/3241/376 1494/3242/375 1493/3243/375 

v 34.9376 -1 -93.1525
vt 4.29917 0.0787402
vn 1 2.82034e-15 -1.76369e-15
v 34.9376 -3 -93.1525
vt 4.29917 -3.14445e-15
vt 4.31561 -3.14445e-15
vt 4.31561 0.0787402
f 1497/3244/377 1498/3245/377 1496/3246/376 1495/3247/376 

v 34.9921 -1 -92.7384
vt 3.75668 0.0787402
vn 0.965926 3.45297e-15 -0.258819
v 34.9921 -3 -92.7384
vt 3.75668 -7.58685e-15
vt 3.77313 -7.58685e-15
vt 3.77313 0.0787402
f 1499/3248/378 1500/3249/378 1498/3250/377 1497/3251/377 

v 35.1519 -1 -92.3525
vt 2.95762 0.0787402
vn 0.866025 3.85241e-15 -0.5
v 35.1519 -3 -92.3525
vt 2.95762 -1.21609e-14
vt 2.97407 -1.21609e-14
vt 2.97407 0.0787402
f 1501/3252/379 1502/3253/379 1500/3254/378 1499/3255/378 

v 35.4062 -1 -92.0211
vt 1.95645 0.0787402
vn 0.707107 3.99048e-15 -0.707107
v 35.4062 -3 -92.0211
vt 1.95645 -1.5664e-14
vt 1.97289 -1.5664e-14
vt 1.97289 0.0787402
f 1503/3256/380 1504/3257/380 1502/3258/379 1501/3259/379 

v 35.7376 -1 -91.7669
vt 0.821383 0.0787402
vn 0.5 4.89455e-15 -0.866025
v 35.7376 -3 -91.7669
vt 0.821383 -1.71194e-14
vt 0.837827 -1.71194e-14
vt 0.837827 0.0787402
f 1505/3260/381 1506/3261/381 1504/3262/380 1503/3263/380 

v 36.1235 -1 -91.607
vt -0.370219 0.0787402
vn 0.258819 5.81231e-15 -0.965926
v 36.1235 -3 -91.607
vt -0.370219 -2.5419e-14
vt -0.353774 -2.5419e-14
vt -0.353774 0.0787402
f 1507/3264/382 1508/3265/382 1506/3266/381 1505/3267/381 

v 36.5376 -1 -91.5525
vt -1.53715 0.0787402
vn 1.76369e-15 5.64068e-15 -1
v 36.5376 -3 -91.5525
vt -1.53715 -2.41031e-14
vt -1.52071 -2.41031e-14
vt -1.52071 0.0787402
f 1509/3268/383 1510/3269/383 1508/3270/382 1507/3271/382 

v 36.9517 -1 -91.607
vt -2.59989 0.0787402
vn -0.258819 5.08567e-15 -0.965926
v 36.9517 -3 -91.607
vt -2.59989 -1.9609e-14
vt -2.58344 -1.9609e-14
vt -2.58344 0.0787402
f 1511/3272/384 1512/3273/384 1510/3274/383 1509/3275/383 

v 37.3376 -1 -91.7669
vt -3.48601 0.0787402
vn -0.5 2.62183e-15 -0.866025
v 37.3376 -3 -91.7669
vt -3.48601 -1.31589e-14
vt -3.46956 -1.31589e-14
vt -3.46956 0.0787402
f 1513/3276/385 1514/3277/385 1512/3278/384 1511/3279/384 

v 37.669 -1 -92.0211
vt -4.13512 0.0787402
vn -0.707107 2.68433e-18 -0.707107
v 37.669 -3 -92.0211
vt -4.13512 -5.78854e-16
vt -4.11868 -5.78854e-16
vt -4.11868 0.0787402
f 1515/3280/386 1516/3281/386 1514/3282/385 1513/3283/385 

v 37.9232 -1 -92.3525
vt -4.503 0.0787402
vn -0.866025 -1.02993e-15 -0.5
v 37.9232 -3 -92.3525
vt -4.503 8.13603e-16
vt -4.48655 8.13603e-16
vt -4.48655 0.0787402
f 1517/3284/387 1518/3285/387 1516/3286/386 1515/3287/386 

v 38.0831 -1 -92.7384
vt -4.56456 0.0787402
vn -0.965926 -1.28839e-15 -0.258819
v 38.0831 -3 -92.7384
vt -4.56456 -2.30693e-16
vt -4.54811 -2.30693e-16
vt -4.54811 0.0787402
f 1519/3288/388 1520/3289/388 1518/3290/387 1517/3291/387 

v 38.1376 -1 -93.1525
vt -4.31561 0.0787402
vn -1 -1.4099e-15 -1.76369e-15
vt -4.31561 -1.22334e-15
vt -4.29917 -1.22334e-15
vt -4.29917 0.0787402
f 1521/3292/389 819/3293/389 1520/3294/388 1519/3295/388 

v 38.0831 -1 -93.5666
vt -3.77313 0.0787402
vn -0.965926 -2.74914e-15 0.258819
vt -3.77313 -4.26904e-15
vt -3.75668 -4.26904e-15
vt -3.75668 0.0787402
f 1522/3296/390 818/3297/390 819/3298/389 1521/3299/389 

v 37.9232 -1 -93.9525
vt -2.97407 0.0787402
vn -0.866025 -3.29087e-15 0.5
vt -2.97407 -1.26327e-14
vt -2.95762 -1.26327e-14
vt -2.95762 0.0787402
f 1523/3300/391 817/3301/391 818/3302/390 1522/3303/390 

vt -1.97289 0.0787402
vn -0.707107 -2.56021e-15 0.707107
vt -1.97289 -1.14794e-14
vt -1.95645 -1.14794e-14
vt -1.95645 0.0787402
f 299/3304/392 816/3305/392 817/3306/391 1523/3307/391 

vt -0.837827 0.0787402
vn -0.5 -4.02751e-15 0.866025
vt -0.837827 -9.77861e-15
vt -0.821383 -9.77861e-15
vt -0.821383 0.0787402
f 298/3308/393 815/3309/393 816/3310/392 299/3311/392 

vt 0.353774 0.0787402
vn -0.258819 -5.90555e-15 0.965926
vt 0.353774 -2.61371e-14
vt 0.370219 -2.61371e-14
vt 0.370219 0.0787402
f 300/3312/394 814/3313/394 815/3314/393 298/3315/393 

vt 1.52071 0.0787402
vn 4.19926e-16 -5.73392e-15 1
vt 1.52071 -2.56325e-14
vt 1.53715 -2.56325e-14
vt 1.53715 0.0787402
f 301/3316/395 813/3317/395 814/3318/394 300/3319/394 

vt 2.58344 0.0787402
vt 2.58344 -2.02846e-14
vt 2.59989 -2.02846e-14
vt 2.59989 0.0787402
f 302/3320/373 812/3321/373 813/3322/395 301/3323/395 

vt -1.95126 3.07368
vt -1.97808 3.07368
vt -1.97289 3.018
vt -1.95645 3.018
f 296/3324/308 297/3325/308 299/3326/308 1523/3327/308 

vt -2.95244 2.61468
vt -2.97925 2.61468
vt -2.97407 2.559
vt -2.95762 2.559
f 295/3328/371 296/3329/371 1523/3330/371 1522/3331/371 

vt -3.7515 1.9881
vt -3.77831 1.9881
vt -3.77313 1.93242
vt -3.75668 1.93242
f 294/3332/162 295/3333/162 1522/3334/162 1521/3335/162 

v 39.0573 0 -92.4773
vt -4.29399 1.23663
vt -4.3208 1.23663
vt -4.31561 1.18095
vt -4.29917 1.18095
f 1524/3336/153 294/3337/153 1521/3338/153 1519/3339/153 

vt 2.17728 4.04439
f 1524/3340/3 293/556/3 294/557/3

v 39.0573 0 -74.6263
vt 2.17728 3.3416
f 1524/3340/3 1525/3341/3 293/556/3

v 38.7967 0 -91.8482
vt 2.16702 4.01962
f 1526/3342/3 1525/3341/3 1524/3340/3

v 38.7967 0 -75.2554
vt 2.16702 3.36637
f 1526/3342/3 1527/3343/3 1525/3341/3

v 38.3822 0 -91.3079
vt 2.1507 3.99835
f 1528/3344/3 1527/3343/3 1526/3342/3

v 38.3822 0 -75.7957
vt 2.1507 3.38764
f 1528/3344/3 1529/3345/3 1527/3343/3

v 37.8419 0 -76.2103
vt 2.12943 3.40396
f 1528/3344/3 1530/3346/3 1529/3345/3

v 37.8419 0 -90.8934
vt 2.12943 3.98203
f 1531/3347/3 1530/3346/3 1528/3344/3

v 37.2127 0 -76.4709
vt 2.10466 3.41422
f 1531/3347/3 1532/3348/3 1530/3346/3

v 37.2127 0 -90.6328
vt 2.10466 3.97177
f 1533/3349/3 1532/3348/3 1531/3347/3

v 36.5376 0 -76.5597
vt 2.07808 3.41772
f 1533/3349/3 1534/3350/3 1532/3348/3

v 36.5376 0 -90.5439
vt 2.07808 3.96827
f 1535/3351/3 1534/3350/3 1533/3349/3

v 35.8624 0 -90.6328
vt 2.05149 3.97177
f 1536/3352/3 1534/3350/3 1535/3351/3

v 35.8624 0 -76.4709
vt 2.05149 3.41422
f 1536/3352/3 1537/3353/3 1534/3350/3

v 35.2333 0 -76.2103
vt 2.02672 3.40396
f 1536/3352/3 1538/3354/3 1537/3353/3

v 35.2333 0 -90.8934
vt 2.02672 3.98203
f 1539/3355/3 1538/3354/3 1536/3352/3

v 34.693 0 -75.7957
vt 2.00545 3.38764
f 1539/3355/3 1540/3356/3 1538/3354/3

v 34.693 0 -91.3079
vt 2.00545 3.99835
f 1541/3357/3 1540/3356/3 1539/3355/3

v 34.2784 0 -75.2554
vt 1.98913 3.36637
f 1541/3357/3 1542/3358/3 1540/3356/3

v 34.2784 0 -91.8482
vt 1.98913 4.01962
f 1543/3359/3 1542/3358/3 1541/3357/3

v 34.0178 0 -92.4773
vt 1.97887 4.04439
f 1544/3360/3 1542/3358/3 1543/3359/3

v 34.0178 0 -74.6263
vt 1.97887 3.3416
f 1544/3360/3 1545/3361/3 1542/3358/3

f 308/588/3 1545/3361/3 1544/3360/3

f 1545/3361/3 308/588/3 1311/2707/3

vt 3.5713 -0.995371
vt 3.54449 -0.995371
v 34.9376 -1 -73.9511
vt 3.54968 -1.05105
v 34.9921 -1 -74.3652
vt 3.56612 -1.05105
f 1545/3362/173 1311/3363/173 1546/3364/173 1547/3365/173 

vt 3.02882 -1.6073
vt 3.00201 -1.6073
v 34.9921 -1 -73.537
vt 3.00719 -1.66297
vt 3.02363 -1.66297
f 1311/3366/156 1309/3367/156 1548/3368/156 1546/3369/156 

vt 2.28083 -2.09909
vt 2.25402 -2.09909
v 35.1519 -1 -73.1511
vt 2.25921 -2.15477
vt 2.27565 -2.15477
f 1309/3370/157 1307/3371/157 1549/3372/157 1548/3373/157 

vt 1.37833 -2.43723
vt 1.35031 -2.43723
v 35.4062 -1 -72.8197
vt 1.3567 -2.49291
vt 1.37315 -2.49291
f 1307/3374/158 1305/3375/158 1550/3376/158 1549/3377/158 

vt 0.38164 -2.60942
vn 0.428747 0.709908 -0.558754
vt 0.357171 -2.60942
v 35.7376 -1 -72.5655
vt 0.361183 -2.66532
vt 0.377628 -2.66532
f 1305/3378/396 1304/3379/396 1551/3380/396 1550/3381/396 

vt -0.636672 -2.57244
vt -0.664695 -2.57244
v 36.1235 -1 -72.4056
vt -0.659512 -2.62812
vt -0.643068 -2.62812
f 1304/3382/252 1302/3383/252 1552/3384/252 1551/3385/252 

vt -1.6142 -2.3603
vt -1.64101 -2.3603
v 36.5376 -1 -72.3511
vt -1.63582 -2.41598
vt -1.61938 -2.41598
f 1302/3386/147 1300/3387/147 1553/3388/147 1552/3389/147 

vt -2.47959 -1.9767
vt -2.5064 -1.9767
v 36.9517 -1 -72.4056
vt -2.50122 -2.03238
vt -2.48477 -2.03238
f 1300/3390/164 1298/3391/164 1554/3392/164 1553/3393/164 

vt -3.17509 -1.4478
vt -3.2019 -1.4478
v 37.3376 -1 -72.5655
vt -3.19671 -1.50348
vt -3.18027 -1.50348
f 1298/3394/149 1295/3395/149 1555/3396/149 1554/3397/149 

vt -3.6533 -0.809632
vt -3.68011 -0.809632
v 37.669 -1 -72.8197
vt -3.67492 -0.86531
vt -3.65848 -0.86531
f 1295/3398/150 1294/3399/150 1556/3400/150 1555/3401/150 

vt -3.88163 -0.105693
vt -3.90844 -0.105693
v 37.9232 -1 -73.1511
vt -3.90325 -0.16137
vt -3.88681 -0.16137
f 1294/3402/151 1291/3403/151 1557/3404/151 1556/3405/151 

vt -3.84451 0.616048
vt -3.873 0.616048
v 38.0831 -1 -73.537
vt -3.86614 0.56037
vt -3.8497 0.56037
f 1291/3406/152 1289/3407/152 1558/3408/152 1557/3409/152 

vt -3.54611 1.31294
vn -0.697203 0.710973 -0.0917886
vt -3.56968 1.31294
v 38.1376 -1 -73.9511
vt -3.56612 1.25695
vt -3.54968 1.25695
f 1289/3410/397 293/3411/397 1559/3412/397 1558/3413/397 

vt -3.00033 1.91833
vt -3.02882 1.91833
v 38.0831 -1 -74.3652
vt -3.02363 1.86265
vt -3.00719 1.86265
f 293/3414/162 1525/3415/162 1560/3416/162 1559/3417/162 

vt -2.25402 2.41012
vt -2.28083 2.41012
v 37.9232 -1 -74.7511
vt -2.27565 2.35444
vt -2.25921 2.35444
f 1525/3418/371 1527/3419/371 1561/3420/371 1560/3421/371 

vt -1.35152 2.74827
vt -1.37833 2.74827
v 37.669 -1 -75.0825
vt -1.37315 2.69259
vt -1.3567 2.69259
f 1527/3422/308 1529/3423/308 1562/3424/308 1561/3425/308 

vt -0.356 2.90972
vt -0.382811 2.90972
v 37.3376 -1 -75.3368
vt -0.377628 2.85404
vt -0.361183 2.85404
f 1529/3426/138 1530/3427/138 1563/3428/138 1562/3429/138 

vt 0.664695 2.88348
vt 0.637885 2.88348
v 36.9517 -1 -75.4966
vt 0.643068 2.8278
vt 0.659512 2.8278
f 1530/3430/309 1532/3431/309 1564/3432/309 1563/3433/309 

vt 1.64101 2.67133
vt 1.6142 2.67133
v 36.5376 -1 -75.5511
vt 1.61938 2.61565
vt 1.63582 2.61565
f 1532/3434/140 1534/3435/140 1565/3436/140 1564/3437/140 

vt 2.5064 2.28773
vt 2.47959 2.28773
v 36.1235 -1 -75.4966
vt 2.48477 2.23206
vt 2.50122 2.23206
f 1534/3438/141 1537/3439/141 1566/3440/141 1565/3441/141 

vt 3.2019 1.75883
vt 3.17509 1.75883
v 35.7376 -1 -75.3368
vt 3.18027 1.70315
vt 3.19671 1.70315
f 1537/3442/142 1538/3443/142 1567/3444/142 1566/3445/142 

vt 3.68011 1.12067
vt 3.6533 1.12067
v 35.4062 -1 -75.0825
vt 3.65848 1.06499
vt 3.67492 1.06499
f 1538/3446/143 1540/3447/143 1568/3448/143 1567/3449/143 

vt 3.90844 0.416726
vt 3.88163 0.416726
v 35.1519 -1 -74.7511
vt 3.88681 0.361048
vt 3.90325 0.361048
f 1540/3450/369 1542/3451/369 1569/3452/369 1568/3453/369 

vt 3.87132 -0.305015
vt 3.84451 -0.305015
vt 3.8497 -0.360693
vt 3.86614 -0.360693
f 1542/3454/172 1545/3455/172 1547/3456/172 1569/3457/172 

vt 3.8497 0.0787402
v 34.9921 -3 -74.3652
vt 3.8497 4.18712e-16
v 35.1519 -3 -74.7511
vt 3.86614 4.18712e-16
vt 3.86614 0.0787402
f 1547/3458/177 1570/3459/177 1571/3460/178 1569/3461/178 

vt 3.54968 0.0787402
vn 1 6.5433e-32 -3.52738e-15
v 34.9376 -3 -73.9511
vt 3.54968 4.16334e-16
vt 3.56612 4.16334e-16
vt 3.56612 0.0787402
f 1546/3462/398 1572/3463/398 1570/3464/177 1547/3465/177 

vt 3.00719 0.0787402
vn 0.965926 -2.03692e-18 -0.258819
v 34.9921 -3 -73.537
vt 3.00719 4.16334e-16
vt 3.02363 4.16334e-16
vt 3.02363 0.0787402
f 1548/3466/399 1573/3467/399 1572/3468/398 1546/3469/398 

vt 2.25921 0.0787402
vn 0.866025 -2.03692e-18 -0.5
v 35.1519 -3 -73.1511
vt 2.25921 4.2896e-16
vt 2.27565 4.2896e-16
vt 2.27565 0.0787402
f 1549/3470/400 1574/3471/400 1573/3472/399 1548/3473/399 

vt 1.3567 0.0787402
vn 0.707107 -7.62933e-32 -0.707107
v 35.4062 -3 -72.8197
vt 1.3567 4.16334e-16
vt 1.37315 4.16334e-16
vt 1.37315 0.0787402
f 1550/3474/401 1575/3475/401 1574/3476/400 1549/3477/400 

vt 0.361183 0.0787402
vn 0.5 -2.59905e-31 -0.866025
v 35.7376 -3 -72.5655
vt 0.361183 4.16334e-16
vt 0.377628 4.16334e-16
vt 0.377628 0.0787402
f 1551/3478/402 1576/3479/402 1575/3480/401 1550/3481/401 

vt -0.659512 0.0787402
vn 0.258819 -5.46472e-19 -0.965926
v 36.1235 -3 -72.4056
vt -0.659512 4.16334e-16
vt -0.643068 4.16334e-16
vt -0.643068 0.0787402
f 1552/3482/403 1577/3483/403 1576/3484/402 1551/3485/402 

vt -1.63582 0.0787402
vn 2.63154e-15 -1.09294e-18 -1
v 36.5376 -3 -72.3511
vt -1.63582 4.20121e-16
vt -1.61938 4.20121e-16
vt -1.61938 0.0787402
f 1553/3486/404 1578/3487/404 1577/3488/403 1552/3489/403 

vt -2.50122 0.0787402
vn -0.258819 -5.46472e-19 -0.965926
v 36.9517 -3 -72.4056
vt -2.50122 4.19533e-16
vt -2.48477 4.19533e-16
vt -2.48477 0.0787402
f 1554/3490/405 1579/3491/405 1578/3492/404 1553/3493/404 

vt -3.19671 0.0787402
vn -0.5 -2.59905e-31 -0.866025
v 37.3376 -3 -72.5655
vt -3.19671 4.16334e-16
vt -3.18027 4.16334e-16
vt -3.18027 0.0787402
f 1555/3494/406 1580/3495/406 1579/3496/405 1554/3497/405 

vt -3.67492 0.0787402
v 37.669 -3 -72.8197
vt -3.67492 4.16334e-16
vt -3.65848 4.16334e-16
vt -3.65848 0.0787402
f 1556/3498/358 1581/3499/358 1580/3500/406 1555/3501/406 

vt -3.90325 0.0787402
vn -0.866025 9.592e-32 -0.5
v 37.9232 -3 -73.1511
vt -3.90325 4.16334e-16
vt -3.88681 4.16334e-16
vt -3.88681 0.0787402
f 1557/3502/407 1582/3503/407 1581/3504/358 1556/3505/358 

vt -3.86614 0.0787402
vn -0.965926 6.32035e-32 -0.258819
v 38.0831 -3 -73.537
vt -3.86614 4.16334e-16
vt -3.8497 4.16334e-16
vt -3.8497 0.0787402
f 1558/3506/408 1583/3507/408 1582/3508/407 1557/3509/407 

vt -3.56612 0.0787402
vn -1 -6.5433e-32 -3.51338e-15
v 38.1376 -3 -73.9511
vt -3.56612 4.16334e-16
vt -3.54968 4.16334e-16
vt -3.54968 0.0787402
f 1559/3510/409 1584/3511/409 1583/3512/408 1558/3513/408 

vt -3.02363 0.0787402
vn -0.965926 2.03692e-18 0.258819
v 38.0831 -3 -74.3652
vt -3.02363 4.16334e-16
vt -3.00719 4.16334e-16
vt -3.00719 0.0787402
f 1560/3514/410 1585/3515/410 1584/3516/409 1559/3517/409 

vt -2.27565 0.0787402
vn -0.866025 2.03692e-18 0.5
v 37.9232 -3 -74.7511
vt -2.27565 4.29464e-16
vt -2.25921 4.29464e-16
vt -2.25921 0.0787402
f 1561/3518/411 1586/3519/411 1585/3520/410 1560/3521/410 

vt -1.37315 0.0787402
vn -0.707107 -2.31341e-32 0.707107
v 37.669 -3 -75.0825
vt -1.37315 4.16334e-16
vt -1.3567 4.16334e-16
vt -1.3567 0.0787402
f 1562/3522/412 1587/3523/412 1586/3524/411 1561/3525/411 

vt -0.377628 0.0787402
vn -0.5 3.55825e-31 0.866025
v 37.3376 -3 -75.3368
vt -0.377628 4.16334e-16
vt -0.361183 4.16334e-16
vt -0.361183 0.0787402
f 1563/3526/413 1588/3527/413 1587/3528/412 1562/3529/412 

vt 0.643068 0.0787402
vn -0.258819 -2.17482e-31 0.965926
v 36.9517 -3 -75.4966
vt 0.643068 4.16334e-16
vt 0.659512 4.16334e-16
vt 0.659512 0.0787402
f 1564/3530/414 1589/3531/414 1588/3532/413 1563/3533/413 

vt 1.61938 0.0787402
vn 8.67847e-16 -4.80655e-31 1
v 36.5376 -3 -75.5511
vt 1.61938 4.16334e-16
vt 1.63582 4.16334e-16
vt 1.63582 0.0787402
f 1565/3534/415 1590/3535/415 1589/3536/414 1564/3537/414 

vt 2.48477 0.0787402
vn 0.258819 -2.15213e-31 0.965926
v 36.1235 -3 -75.4966
vt 2.48477 4.16334e-16
vt 2.50122 4.16334e-16
vt 2.50122 0.0787402
f 1566/3538/416 1591/3539/416 1590/3540/415 1565/3541/415 

vt 3.18027 0.0787402
v 35.7376 -3 -75.3368
vt 3.18027 4.16334e-16
vt 3.19671 4.16334e-16
vt 3.19671 0.0787402
f 1567/3542/367 1592/3543/367 1591/3544/416 1566/3545/416 

vt 3.65848 0.0787402
v 35.4062 -3 -75.0825
vt 3.65848 4.16334e-16
vt 3.67492 4.16334e-16
vt 3.67492 0.0787402
f 1568/3546/342 1593/3547/342 1592/3548/367 1567/3549/367 

vt 3.88681 0.0787402
vt 3.88681 4.16334e-16
vt 3.90325 4.16334e-16
vt 3.90325 0.0787402
f 1569/3550/178 1571/3551/178 1593/3552/342 1568/3553/342 

vt -2.02352 3.34651
vt -2.02352 4.03948
vt -2.03353 3.35956
f 1571/3554/75 1502/3555/75 1593/3556/75

vt -2.01723 3.33132
f 1570/3557/75 1502/3555/75 1571/3554/75

vt -2.01723 4.05467
f 1570/3557/75 1500/3558/75 1502/3555/75

vt -2.01508 3.31502
f 1572/3559/75 1500/3558/75 1570/3557/75

vt -2.01508 4.07098
f 1500/3558/75 1572/3559/75 1498/3560/75

vt -2.01508 1.26519
f 1428/3561/75 1498/3560/75 1572/3559/75

f 1428/3561/75 1433/3015/75 1498/3560/75

vt -2.01723 1.24888
f 1429/3562/75 1433/3015/75 1428/3561/75

vt -2.02352 1.23369
f 1430/3563/75 1433/3015/75 1429/3562/75

f 1431/3014/75 1433/3015/75 1430/3563/75

vt -2.01723 4.08728
f 1433/3015/75 1496/3564/75 1498/3560/75

vt -2.02352 4.10247
f 1433/3015/75 1494/3565/75 1496/3564/75

f 1433/3015/75 1491/3226/75 1494/3565/75

v 34.9376 -3 -54.9511
vt -2.01508 2.56698
f 1428/3561/75 1572/3559/75 1594/3566/75

vt -2.01723 3.29871
f 1573/3567/75 1594/3566/75 1572/3559/75

v 34.9921 -3 -55.3652
vt -2.01723 2.58329
f 1594/3566/75 1573/3567/75 1595/3568/75

vt -2.02352 3.28352
f 1595/3568/75 1573/3567/75 1574/3569/75

v 35.1519 -3 -55.7511
vt -2.02352 2.59848
f 1595/3568/75 1574/3569/75 1596/3570/75

vt -2.03353 3.27047
f 1596/3570/75 1574/3569/75 1575/3571/75

v 35.4062 -3 -56.0825
vt -2.03353 2.61153
f 1596/3570/75 1575/3571/75 1597/3572/75

vt -2.04658 3.26046
f 1597/3572/75 1575/3571/75 1576/3573/75

v 35.7376 -3 -56.3368
vt -2.04658 2.62154
f 1597/3572/75 1576/3573/75 1598/3574/75

vt -2.06177 3.25417
f 1598/3574/75 1576/3573/75 1577/3575/75

v 36.1235 -3 -56.4966
vt -2.06177 2.62783
f 1598/3574/75 1577/3575/75 1599/3576/75

vt -2.07808 3.25202
f 1599/3576/75 1577/3575/75 1578/3577/75

v 36.5376 -3 -56.5511
vt -2.07808 2.62998
f 1599/3576/75 1578/3577/75 1600/3578/75

vt -2.09438 3.25417
f 1600/3578/75 1578/3577/75 1579/3579/75

v 36.9517 -3 -56.4966
vt -2.09438 2.62783
f 1600/3578/75 1579/3579/75 1601/3580/75

v 37.3376 -3 -56.3368
vt -2.10957 2.62154
f 1601/3580/75 1579/3579/75 1602/3581/75

vt -2.10957 3.26046
f 1602/3581/75 1579/3579/75 1580/3582/75

vt -2.12262 3.27047
f 1602/3581/75 1580/3582/75 1581/3583/75

v 37.669 -3 -56.0825
vt -2.12262 2.61153
f 1602/3581/75 1581/3583/75 1603/3584/75

vt -2.13263 3.28352
f 1603/3584/75 1581/3583/75 1582/3585/75

v 37.9232 -3 -55.7511
vt -2.13263 2.59848
f 1603/3584/75 1582/3585/75 1604/3586/75

vt -2.13892 3.29871
f 1604/3586/75 1582/3585/75 1583/3587/75

v 38.0831 -3 -55.3652
vt -2.13892 2.58329
f 1604/3586/75 1583/3587/75 1605/3588/75

vt -2.14107 3.31502
f 1605/3588/75 1583/3587/75 1584/3589/75

v 38.1376 -3 -54.9511
vt -2.14107 2.56698
f 1605/3588/75 1584/3589/75 1606/3590/75

v 68.4062 -3 -94.2839
vt -3.33275 4.11552
f 1584/3589/75 1607/3591/75 1606/3590/75

v 68.7376 -3 -94.5381
vt -3.34579 4.12553
f 1584/3589/75 1608/3592/75 1607/3591/75

f 819/1805/75 1608/3592/75 1584/3589/75

f 819/1805/75 820/1806/75 1608/3592/75

vt 4.66988 0.0787402
vn 0.5 4.80078e-31 0.866025
vt 4.66988 6.80012e-16
vt 4.68632 6.80012e-16
vn 0.258819 2.94775e-31 0.965926
vt 4.68632 0.0787402
f 1208/3593/417 1608/3594/417 820/3595/418 1206/3596/418 

v 68.4062 -1 -94.2839
vt 5.14941 0.0787402
vn 0.707107 3.05173e-31 0.707107
vt 5.14941 6.80012e-16
vt 5.16586 6.80012e-16
vt 5.16586 0.0787402
f 1609/3597/419 1607/3598/419 1608/3599/417 1208/3600/417 

v 68.1519 -1 -93.9525
vt 5.27746 0.0787402
vn 0.866025 2.88238e-31 0.5
v 68.1519 -3 -93.9525
vt 5.27746 6.80012e-16
vt 5.29391 6.80012e-16
vt 5.29391 0.0787402
f 1610/3601/420 1611/3602/420 1607/3603/419 1609/3604/419 

v 67.9921 -1 -93.5666
vt 5.0453 0.0787402
vn 0.965926 1.02935e-31 0.258819
v 67.9921 -3 -93.5666
vt 5.0453 6.80012e-16
vt 5.06175 6.80012e-16
vt 5.06175 0.0787402
f 1612/3605/421 1613/3606/421 1611/3607/420 1610/3608/420 

v 67.9376 -1 -93.1525
vt 4.46875 0.0787402
vn 1 -5.46472e-19 -3.51338e-15
v 67.9376 -3 -93.1525
vt 4.46875 6.80012e-16
vt 4.48519 6.80012e-16
vt 4.48519 0.0787402
f 1614/3609/422 1615/3610/422 1613/3611/421 1612/3612/421 

vt 3.5871 0.0787402
vn 0.965926 -5.46472e-19 -0.258819
v 67.9921 -3 -92.7384
vt 3.5871 6.84148e-16
vt 3.60355 6.84148e-16
vt 3.60355 0.0787402
f 1189/3613/423 1616/3614/423 1615/3615/422 1614/3616/422 

vt 2.46044 0.0787402
vn 0.866025 -3.27491e-31 -0.5
v 68.1519 -3 -92.3525
vt 2.46044 6.80012e-16
vt 2.47688 6.80012e-16
vt 2.47688 0.0787402
f 1188/3617/424 1617/3618/424 1616/3619/423 1189/3620/423 

vt 1.16554 0.0787402
vn 0.707107 4.62681e-32 -0.707107
v 68.4062 -3 -92.0211
vt 1.16554 6.80012e-16
vt 1.18198 6.80012e-16
vt 1.18198 0.0787402
f 1190/3621/425 1618/3622/425 1617/3623/424 1188/3624/424 

vt -0.209352 0.0787402
vn 0.5 1.81919e-31 -0.866025
v 68.7376 -3 -91.7669
vt -0.209352 6.80012e-16
vt -0.192908 6.80012e-16
vt -0.192908 0.0787402
f 1191/3625/426 1619/3626/426 1618/3627/425 1190/3628/425 

vt -1.57053 0.0787402
vn 0.258819 1.68368e-31 -0.965926
v 69.1235 -3 -91.607
vt -1.57053 6.80012e-16
vt -1.55409 6.80012e-16
vt -1.55409 0.0787402
f 1192/3629/427 1620/3630/427 1619/3631/426 1191/3632/426 

vt -2.82525 0.0787402
vn 3.51338e-15 6.5433e-32 -1
v 69.5376 -3 -91.5525
vt -2.82525 6.80012e-16
vt -2.8088 6.80012e-16
vt -2.8088 0.0787402
f 1193/3633/428 1621/3634/428 1620/3635/427 1192/3636/427 

vt -3.88799 0.0787402
vn -0.258819 -2.94775e-31 -0.965926
v 69.9517 -3 -91.607
vt -3.88799 6.80012e-16
vt -3.87154 6.80012e-16
vt -3.87154 0.0787402
f 1194/3637/429 1622/3638/429 1621/3639/428 1193/3640/428 

vt -4.68632 0.0787402
vn -0.5 -5.26346e-31 -0.866025
v 70.3376 -3 -91.7669
vt -4.68632 6.80012e-16
vt -4.66988 6.80012e-16
vt -4.66988 0.0787402
f 1195/3641/430 1623/3642/430 1622/3643/429 1194/3644/429 

vt -5.16586 0.0787402
vn -0.707107 -3.9771e-31 -0.707107
v 70.669 -3 -92.0211
vt -5.16586 6.80012e-16
vt -5.14941 6.80012e-16
vt -5.14941 0.0787402
f 1196/3645/431 1624/3646/431 1623/3647/430 1195/3648/430 

vt -5.29391 0.0787402
vn -0.866025 -1.02935e-31 -0.5
v 70.9232 -3 -92.3525
vt -5.29391 6.80012e-16
vt -5.27746 6.80012e-16
vt -5.27746 0.0787402
f 1197/3649/432 1625/3650/432 1624/3651/431 1196/3652/431 

vt -5.06175 0.0787402
v 71.0831 -3 -92.7384
vt -5.06175 6.80012e-16
vt -5.0453 6.80012e-16
vt -5.0453 0.0787402
f 1198/3653/408 1626/3654/408 1625/3655/432 1197/3656/432 

vt -4.48519 0.0787402
vn -1 -6.5433e-32 -3.54138e-15
vt -4.48519 6.80012e-16
vt -4.46875 6.80012e-16
vt -4.46875 0.0787402
f 1199/3657/433 827/3658/433 1626/3659/408 1198/3660/408 

vt -3.60355 0.0787402
vn -0.965926 -1.28636e-31 0.258819
vt -3.60355 6.80012e-16
vt -3.5871 6.80012e-16
vt -3.5871 0.0787402
f 1200/3661/434 826/3662/434 827/3663/433 1199/3664/433 

vt -2.47688 0.0787402
vn -0.866025 -4.96518e-32 0.5
vt -2.47688 6.80012e-16
vt -2.46044 6.80012e-16
vt -2.46044 0.0787402
f 1201/3665/435 825/3666/435 826/3667/434 1200/3668/434 

vt -1.18198 0.0787402
vn -0.707107 4.62681e-32 0.707107
vt -1.18198 6.80012e-16
vt -1.16554 6.80012e-16
vt -1.16554 0.0787402
f 1202/3669/436 824/3670/436 825/3671/435 1201/3672/435 

vt 0.192908 0.0787402
vn -0.5 -1.35651e-31 0.866025
vt 0.192908 6.80012e-16
vt 0.209352 6.80012e-16
vt 0.209352 0.0787402
f 1203/3673/437 823/3674/437 824/3675/436 1202/3676/436 

vt 1.55409 0.0787402
vn -0.258819 -1.68368e-31 0.965926
vt 1.55409 6.80012e-16
vt 1.57053 6.80012e-16
vt 1.57053 0.0787402
f 1204/3677/438 822/3678/438 823/3679/437 1203/3680/437 

vt 2.8088 0.0787402
vn 3.51338e-15 -6.5433e-32 1
vt 2.8088 6.80012e-16
vt 2.82525 6.80012e-16
vt 2.82525 0.0787402
f 1205/3681/439 821/3682/439 822/3683/438 1204/3684/438 

vt 3.87154 0.0787402
vt 3.87154 6.80012e-16
vt 3.88799 6.80012e-16
vt 3.88799 0.0787402
f 1206/3685/418 820/3686/418 821/3687/439 1205/3688/439 

v 71.0831 -3 -74.3652
vt -3.43813 3.33132
vt -3.43813 4.05467
f 1627/3689/75 1626/3690/75 827/1813/75

v 70.9232 -3 -74.7511
vt -3.43184 3.34651
f 1628/3691/75 1626/3690/75 1627/3689/75

vt -3.43184 4.03948
f 1628/3691/75 1625/3692/75 1626/3690/75

v 70.669 -3 -75.0825
vt -3.42183 3.35956
f 1629/3693/75 1625/3692/75 1628/3691/75

vt -3.42183 4.02643
f 1629/3693/75 1624/3694/75 1625/3692/75

v 70.3376 -3 -75.3368
vt -3.40878 3.36957
f 1630/3695/75 1624/3694/75 1629/3693/75

vt -3.40878 4.01642
f 1630/3695/75 1623/3696/75 1624/3694/75

v 69.9517 -3 -75.4966
vt -3.39359 3.37586
f 1631/3697/75 1623/3696/75 1630/3695/75

vt -3.39359 4.01013
f 1631/3697/75 1622/3698/75 1623/3696/75

v 69.5376 -3 -75.5511
vt -3.37729 3.37801
f 1632/3699/75 1622/3698/75 1631/3697/75

vt -3.37729 4.00798
f 1632/3699/75 1621/3700/75 1622/3698/75

v 69.1235 -3 -75.4966
vt -3.36098 3.37586
f 1633/3701/75 1621/3700/75 1632/3699/75

vt -3.36098 4.01013
f 1633/3701/75 1620/3702/75 1621/3700/75

v 68.7376 -3 -75.3368
vt -3.34579 3.36957
f 1634/3703/75 1620/3702/75 1633/3701/75

vt -3.34579 4.01642
f 1634/3703/75 1619/3704/75 1620/3702/75

v 68.4062 -3 -75.0825
vt -3.33275 3.35956
f 1635/3705/75 1619/3704/75 1634/3703/75

vt -3.33275 4.02643
f 1635/3705/75 1618/3706/75 1619/3704/75

v 68.1519 -3 -74.7511
vt -3.32274 3.34651
f 1636/3707/75 1618/3706/75 1635/3705/75

vt -3.32274 4.03948
f 1636/3707/75 1617/3708/75 1618/3706/75

v 67.9921 -3 -74.3652
vt -3.31644 3.33132
f 1637/3709/75 1617/3708/75 1636/3707/75

vt -3.31644 4.05467
f 1637/3709/75 1616/3710/75 1617/3708/75

v 67.9376 -3 -73.9511
vt -3.3143 3.31502
f 1638/3711/75 1616/3710/75 1637/3709/75

vt -3.3143 4.07098
f 1616/3710/75 1638/3711/75 1615/3712/75

v 67.693 -3 -56.7957
vt -3.30467 2.6396
f 1638/3711/75 1639/3713/75 1615/3712/75

v 68.2333 -3 -57.2103
vt -3.32594 2.65593
f 1639/3713/75 1638/3711/75 1640/3714/75

v 67.9921 -3 -73.537
vt -3.31644 3.29871
f 1640/3714/75 1638/3711/75 1641/3715/75

vt 2.83761 0.0787402
vt 2.83761 6.84041e-16
vt 2.85405 6.84041e-16
vn 1 -5.46472e-19 -3.52738e-15
vt 2.85405 0.0787402
f 1155/3716/423 1641/3717/423 1638/3718/440 1153/3719/440 

vt 1.76202 0.0787402
vn 0.866025 -2.88238e-31 -0.5
v 68.1519 -3 -73.1511
vt 1.76202 6.80012e-16
vt 1.77846 6.80012e-16
vt 1.77846 0.0787402
f 1156/3720/441 1642/3721/441 1641/3722/423 1155/3723/423 

vt 0.565794 0.0787402
vn 0.707107 -3.05173e-31 -0.707107
v 68.4062 -3 -72.8197
vt 0.565794 6.80012e-16
vt 0.582238 6.80012e-16
vt 0.582238 0.0787402
f 1157/3724/442 1643/3725/442 1642/3726/441 1156/3727/441 

vt -0.669551 0.0787402
vn 0.5 -4.80078e-31 -0.866025
v 68.7376 -3 -72.5655
vt -0.669551 6.80012e-16
vt -0.653107 6.80012e-16
vt -0.653107 0.0787402
f 1158/3728/443 1644/3729/443 1643/3730/442 1157/3731/442 

vt -1.85983 0.0787402
vn 0.258819 -2.94775e-31 -0.965926
v 69.1235 -3 -72.4056
vt -1.85983 6.80012e-16
vt -1.84338 6.80012e-16
vt -1.84338 0.0787402
f 1159/3732/444 1645/3733/444 1644/3734/443 1158/3735/443 

vt -2.92392 0.0787402
v 69.5376 -3 -72.3511
vt -2.92392 6.80012e-16
vt -2.90748 6.80012e-16
vt -2.90748 0.0787402
f 1160/3736/428 1646/3737/428 1645/3738/444 1159/3739/444 

vt -3.78931 0.0787402
vn -0.258819 1.68368e-31 -0.965926
v 69.9517 -3 -72.4056
vt -3.78931 6.80012e-16
vt -3.77287 6.80012e-16
vt -3.77287 0.0787402
f 1161/3740/445 1647/3741/445 1646/3742/428 1160/3743/428 

vt -4.39703 0.0787402
vn -0.5 -2.62058e-31 -0.866025
v 70.3376 -3 -72.5655
vt -4.39703 6.80012e-16
vt -4.38059 6.80012e-16
vt -4.38059 0.0787402
f 1162/3744/446 1648/3745/446 1647/3746/445 1161/3747/445 

vt -4.70566 0.0787402
vn -0.707107 -7.49151e-31 -0.707107
v 70.669 -3 -72.8197
vt -4.70566 6.80012e-16
vt -4.68921 6.80012e-16
vt -4.68921 0.0787402
f 1163/3748/447 1649/3749/447 1648/3750/446 1162/3751/446 

vt -4.69416 0.0787402
vn -0.866025 -4.47361e-31 -0.5
v 70.9232 -3 -73.1511
vt -4.69416 6.80012e-16
vt -4.67772 6.80012e-16
vt -4.67772 0.0787402
f 1164/3752/448 1650/3753/448 1649/3754/447 1163/3755/447 

vt -4.36333 0.0787402
vn -0.965926 -6.32035e-32 -0.258819
v 71.0831 -3 -73.537
vt -4.36333 6.80012e-16
vt -4.34688 6.80012e-16
vt -4.34688 0.0787402
f 1165/3756/449 1651/3757/449 1650/3758/448 1164/3759/448 

vt -3.7357 0.0787402
vn -1 6.5433e-32 -3.51338e-15
v 71.1376 -3 -73.9511
vt -3.7357 6.80012e-16
vt -3.71926 6.80012e-16
vt -3.71926 0.0787402
f 1166/3760/450 1652/3761/450 1651/3762/449 1165/3763/449 

vt -2.85405 0.0787402
vn -0.965926 -6.32035e-32 0.258819
vt -2.85405 6.80012e-16
vt -2.83761 6.80012e-16
vt -2.83761 0.0787402
f 1168/3764/451 1627/3765/451 1652/3766/450 1166/3767/450 

v 70.9232 -1 -74.7511
vt -1.77846 0.0787402
vn -0.866025 1.02935e-31 0.5
vt -1.77846 6.80012e-16
vt -1.76202 6.80012e-16
vt -1.76202 0.0787402
f 1653/3768/452 1628/3769/452 1627/3770/451 1168/3771/451 

v 70.669 -1 -75.0825
vt -0.582238 0.0787402
vn -0.707107 3.9771e-31 0.707107
vt -0.582238 6.80012e-16
vt -0.565794 6.80012e-16
vt -0.565794 0.0787402
f 1654/3772/453 1629/3773/453 1628/3774/452 1653/3775/452 

v 70.3376 -1 -75.3368
vt 0.653107 0.0787402
vn -0.5 6.32035e-32 0.866025
vt 0.653107 6.80012e-16
vt 0.669551 6.80012e-16
vt 0.669551 0.0787402
f 1655/3776/454 1630/3777/454 1629/3778/453 1654/3779/453 

v 69.9517 -1 -75.4966
vt 1.84338 0.0787402
vn -0.258819 -4.16874e-31 0.965926
vt 1.84338 6.80012e-16
vt 1.85983 6.80012e-16
vt 1.85983 0.0787402
f 1656/3780/455 1631/3781/455 1630/3782/454 1655/3783/454 

v 69.5376 -1 -75.5511
vt 2.90748 0.0787402
vn 3.52738e-15 -6.5433e-32 1
vt 2.90748 6.80012e-16
vt 2.92392 6.80012e-16
vt 2.92392 0.0787402
f 1657/3784/456 1632/3785/456 1631/3786/455 1656/3787/455 

v 69.1235 -1 -75.4966
vt 3.77287 0.0787402
vn 0.258819 8.01388e-32 0.965926
vt 3.77287 6.80012e-16
vt 3.78931 6.80012e-16
vt 3.78931 0.0787402
f 1658/3788/457 1633/3789/457 1632/3790/456 1657/3791/456 

v 68.7376 -1 -75.3368
vt 4.38059 0.0787402
vn 0.5 2.1579e-31 0.866025
vt 4.38059 6.80012e-16
vt 4.39703 6.80012e-16
vt 4.39703 0.0787402
f 1659/3792/458 1634/3793/458 1633/3794/457 1658/3795/457 

v 68.4062 -1 -75.0825
vt 4.68921 0.0787402
vn 0.707107 3.51441e-31 0.707107
vt 4.68921 6.80012e-16
vt 4.70566 6.80012e-16
vt 4.70566 0.0787402
f 1660/3796/459 1635/3797/459 1634/3798/458 1659/3799/458 

v 68.1519 -1 -74.7511
vt 4.67772 0.0787402
vn 0.866025 3.27491e-31 0.5
vt 4.67772 6.80012e-16
vt 4.69416 6.80012e-16
vt 4.69416 0.0787402
f 1661/3800/460 1636/3801/460 1635/3802/459 1660/3803/459 

vt 4.34688 0.0787402
vn 0.965926 2.94775e-31 0.258819
vt 4.34688 6.80012e-16
vt 4.36333 6.80012e-16
vt 4.36333 0.0787402
f 1154/3804/461 1637/3805/461 1636/3806/460 1661/3807/460 

vt 3.71926 0.0787402
vt 3.71926 6.80012e-16
vt 3.7357 6.80012e-16
vt 3.7357 0.0787402
f 1153/3808/440 1638/3809/440 1637/3810/461 1154/3811/461 

vt 4.36851 -1.15377
vt 4.3417 -1.15377
vt 4.34688 -1.20944
vt 4.36333 -1.20944
f 1187/3812/172 1152/3813/172 1154/3814/172 1661/3815/172 

vt 4.69935 -0.312114
vt 4.67254 -0.312114
vt 4.67772 -0.367792
vt 4.69416 -0.367792
f 1185/3816/369 1187/3817/369 1661/3818/369 1660/3819/369 

vt 4.71084 0.561407
vt 4.68403 0.561407
vt 4.68921 0.505729
vt 4.70566 0.505729
f 1182/3820/143 1185/3821/143 1660/3822/143 1659/3823/143 

vt 4.40221 1.40727
vt 4.3754 1.40727
vt 4.38059 1.35159
vt 4.39703 1.35159
f 1180/3824/142 1182/3825/142 1659/3826/142 1658/3827/142 

vt 3.7945 2.16782
vt 3.76769 2.16782
vt 3.77287 2.11214
vt 3.78931 2.11214
f 1179/3828/141 1180/3829/141 1658/3830/141 1657/3831/141 

vt 2.9291 2.79124
vt 2.90229 2.79124
vt 2.90748 2.73556
vt 2.92392 2.73556
f 1176/3832/140 1179/3833/140 1657/3834/140 1656/3835/140 

vt 1.86501 3.23504
vt 1.8382 3.23504
vt 1.84338 3.17936
vt 1.85983 3.17936
f 1174/3836/309 1176/3837/309 1656/3838/309 1655/3839/309 

vt 0.674735 3.46898
vt 0.647924 3.46898
vt 0.653107 3.4133
vt 0.669551 3.4133
f 1173/3840/138 1174/3841/138 1655/3842/138 1654/3843/138 

vt -0.56061 3.47711
vt -0.587421 3.47711
vt -0.582238 3.42143
vt -0.565794 3.42143
f 1170/3844/308 1173/3845/308 1654/3846/308 1653/3847/308 

vt -1.75684 3.25887
vt -1.78365 3.25887
vt -1.77846 3.2032
vt -1.76202 3.2032
f 1167/3848/371 1170/3849/371 1653/3850/371 1168/3851/371 

vt -3.44028 3.31502
f 1627/3689/75 827/1813/75 1652/3852/75

f 827/1813/75 828/1814/75 1652/3852/75

v 101.406 -3 -94.2839
vt -4.63196 4.11552
f 1652/3852/75 828/1814/75 1662/3853/75

v 101.406 -1 -94.2839
vt 6.18015 0.0787402
vn 0.707107 1.98855e-31 0.707107
vt 6.18015 8.88178e-16
vt 6.19659 8.88178e-16
vn 0.5 -2.70825e-31 0.866025
v 101.738 -1 -94.5381
vt 6.19659 0.0787402
f 1663/3854/462 1662/3855/462 828/3856/463 1664/3857/463 

v 101.152 -1 -93.9525
vt 6.06837 0.0787402
vn 0.866025 3.73759e-31 0.5
v 101.152 -3 -93.9525
vt 6.06837 8.88178e-16
vt 6.08482 8.88178e-16
vt 6.08482 0.0787402
f 1665/3858/464 1666/3859/464 1662/3860/462 1663/3861/462 

v 100.992 -1 -93.5666
vt 5.54249 0.0787402
vn 0.965926 3.60208e-31 0.258819
v 100.992 -3 -93.5666
vt 5.54249 8.88178e-16
vt 5.55893 8.88178e-16
vt 5.55893 0.0787402
f 1667/3862/465 1668/3863/465 1666/3864/464 1665/3865/464 

v 100.938 -1 -93.1525
vt 4.63833 0.0787402
vn 1 -1.75017e-45 -3.51338e-15
v 100.938 -3 -93.1525
vt 4.63833 8.88178e-16
vt 4.65478 8.88178e-16
vt 4.65478 0.0787402
f 1669/3866/466 1670/3867/466 1668/3868/465 1667/3869/465 

v 100.992 -1 -92.7384
vt 3.41752 0.0787402
vn 0.965926 -1.68368e-31 -0.258819
v 100.992 -3 -92.7384
vt 3.41752 8.88178e-16
vt 3.43396 8.88178e-16
vt 3.43396 0.0787402
f 1671/3870/467 1672/3871/467 1670/3872/466 1669/3873/466 

v 101.152 -1 -92.3525
vt 1.96325 0.0787402
vn 0.866025 -3.34506e-31 -0.5
v 101.152 -3 -92.3525
vt 1.96325 8.88178e-16
vt 1.97969 8.88178e-16
vt 1.97969 0.0787402
f 1673/3874/468 1674/3875/468 1672/3876/467 1671/3877/467 

v 101.406 -1 -92.0211
vt 0.374627 0.0787402
vn 0.707107 -2.45123e-31 -0.707107
v 101.406 -3 -92.0211
vt 0.374627 8.88178e-16
vt 0.391071 8.88178e-16
vt 0.391071 0.0787402
f 1675/3878/469 1676/3879/469 1674/3880/468 1673/3881/468 

v 101.738 -1 -91.7669
vt -1.24009 0.0787402
vn 0.5 -4.69679e-31 -0.866025
v 101.738 -3 -91.7669
vt -1.24009 8.88178e-16
vt -1.22364 8.88178e-16
vt -1.22364 0.0787402
f 1677/3882/470 1678/3883/470 1676/3884/469 1675/3885/469 

v 102.123 -1 -91.607
vt -2.77085 0.0787402
vn 0.258819 -4.88844e-31 -0.965926
v 102.123 -3 -91.607
vt -2.77085 8.88178e-16
vt -2.75441 8.88178e-16
vt -2.75441 0.0787402
f 1679/3886/471 1680/3887/471 1678/3888/470 1677/3889/470 

v 102.538 -1 -91.5525
vt -4.11335 0.0787402
vn 1.39975e-17 -1.30866e-31 -1
v 102.538 -3 -91.5525
vt -4.11335 8.88178e-16
vt -4.0969 8.88178e-16
vt -4.0969 0.0787402
f 1681/3890/472 1682/3891/472 1680/3892/471 1679/3893/471 

v 102.952 -1 -91.607
vt -5.17608 0.0787402
vn -0.258819 -2.57017e-32 -0.965926
v 102.952 -3 -91.607
vt -5.17608 8.88178e-16
vt -5.15964 8.88178e-16
vt -5.15964 0.0787402
f 1683/3894/473 1684/3895/473 1682/3896/472 1681/3897/472 

v 103.338 -1 -91.7669
vt -5.88664 0.0787402
vn -0.5 2.38586e-31 -0.866025
v 103.338 -3 -91.7669
vt -5.88664 8.88178e-16
vt -5.8702 8.88178e-16
vt -5.8702 0.0787402
f 1685/3898/474 1686/3899/474 1684/3900/473 1683/3901/473 

v 103.669 -1 -92.0211
vt -6.19659 0.0787402
vn -0.707107 1.74915e-18 -0.707107
v 103.669 -3 -92.0211
vt -6.19659 8.88178e-16
vt -6.18015 8.88178e-16
vt -6.18015 0.0787402
f 1687/3902/475 1688/3903/475 1686/3904/474 1685/3905/474 

v 103.923 -1 -92.3525
vt -6.08482 0.0787402
vn -0.866025 1.74915e-18 -0.5
v 103.923 -3 -92.3525
vt -6.08482 8.92668e-16
vt -6.06837 8.92668e-16
vt -6.06837 0.0787402
f 1689/3906/476 1690/3907/476 1688/3908/475 1687/3909/475 

v 104.083 -1 -92.7384
vt -5.55893 0.0787402
v 104.083 -3 -92.7384
vt -5.55893 8.88178e-16
vt -5.54249 8.88178e-16
vt -5.54249 0.0787402
f 1691/3910/449 1692/3911/449 1690/3912/476 1689/3913/476 

v 104.138 -1 -93.1525
vt -4.65478 0.0787402
vn -1 6.5433e-32 -3.52738e-15
vt -4.65478 8.88178e-16
vt -4.63833 8.88178e-16
vt -4.63833 0.0787402
f 1693/3914/477 836/3915/477 1692/3916/449 1691/3917/449 

v 104.083 -1 -93.5666
vt -3.43396 0.0787402
vn -0.965926 1.28636e-31 0.258819
vt -3.43396 8.88178e-16
vt -3.41752 8.88178e-16
vt -3.41752 0.0787402
f 1694/3918/478 835/3919/478 836/3920/477 1693/3921/477 

v 103.923 -1 -93.9525
vt -1.97969 0.0787402
vn -0.866025 -1.74915e-18 0.5
vt -1.97969 8.88178e-16
vt -1.96325 8.88178e-16
vt -1.96325 0.0787402
f 1695/3922/479 834/3923/479 835/3924/478 1694/3925/478 

v 103.669 -1 -94.2839
vt -0.391071 0.0787402
vt -0.391071 8.66498e-16
vt -0.374627 8.66498e-16
vt -0.374627 0.0787402
f 1696/3926/337 833/3927/337 834/3928/479 1695/3929/479 

v 103.338 -1 -94.5381
vt 1.22364 0.0787402
vn -0.5 3.97314e-32 0.866025
vt 1.22364 8.88178e-16
vt 1.24009 8.88178e-16
vt 1.24009 0.0787402
f 1697/3930/480 832/3931/480 833/3932/337 1696/3933/337 

v 102.952 -1 -94.698
vt 2.75441 0.0787402
vn -0.258819 -2.57017e-32 0.965926
vt 2.75441 8.88178e-16
vt 2.77085 8.88178e-16
vt 2.77085 0.0787402
f 1698/3934/481 831/3935/481 832/3936/480 1697/3937/480 

v 102.538 -1 -94.7525
vt 4.0969 0.0787402
vn -1.39975e-17 -1.30866e-31 1
vt 4.0969 8.88178e-16
vt 4.11335 8.88178e-16
vt 4.11335 0.0787402
f 1699/3938/482 830/3939/482 831/3940/481 1698/3941/481 

v 102.123 -1 -94.698
vt 5.15964 0.0787402
vn 0.258819 -4.88844e-31 0.965926
vt 5.15964 8.88178e-16
vt 5.17608 8.88178e-16
vt 5.17608 0.0787402
f 1700/3942/483 829/3943/483 830/3944/482 1699/3945/482 

vt 5.8702 0.0787402
vt 5.8702 8.88178e-16
vt 5.88664 8.88178e-16
vt 5.88664 0.0787402
f 1664/3946/463 828/3947/463 829/3948/483 1700/3949/483 

vt 5.86743 1.56124
vn 0.268428 0.712861 0.647901
vt 5.8702 1.5051
vn 0.268383 0.712848 0.647934
vt 5.88664 1.5051
f 964/3950/484 1664/3951/485 1700/3952/484

vt 6.20428 0.426231
vt 6.17496 0.426231
vt 6.18015 0.370554
vt 6.19659 0.370554
f 964/3953/143 965/3954/143 1663/3955/143 1664/3956/143 

vt 6.09 -0.715543
vt 6.06256 -0.715543
vt 6.06837 -0.771221
vt 6.08482 -0.771221
f 965/3957/369 966/3958/369 1665/3959/369 1663/3960/369 

vt 5.56351 -1.8019
vn 0.651931 0.708566 0.270038
vt 5.53791 -1.8019
vt 5.54249 -1.85769
vt 5.55893 -1.85769
f 966/3961/486 967/3962/486 1667/3963/486 1665/3964/486 

vt 4.66059 -2.74724
vt 4.63315 -2.74724
vt 4.63833 -2.80292
vt 4.65478 -2.80292
f 967/3965/173 968/3966/173 1669/3967/173 1667/3968/173 

vt 3.43915 -3.49871
v 100.018 0 -92.4773
vt 3.41234 -3.49871
vt 3.41752 -3.55439
vt 3.43396 -3.55439
f 968/3969/156 1701/3970/156 1671/3971/156 1669/3972/156 

v 100.018 0 -74.6263
vt 4.5773 3.3416
vt 4.5773 4.04439
f 968/1979/3 1702/3973/3 1701/3974/3

v 99.929 0 -73.9511
vt 4.5738 3.31502
f 1702/3973/3 968/1979/3 1703/3975/3

v 99.929 0 -54.9511
vt 4.5738 2.56698
f 968/1979/3 1704/3976/3 1703/3975/3

v 99.929 0 -38.4067
vt 4.5738 1.91563
f 968/1979/3 1705/3977/3 1704/3976/3

f 968/1979/3 969/1980/3 1705/3977/3

v 100.018 0 -22.5607
vt 4.5773 1.29177
f 1706/3978/3 1705/3977/3 969/1980/3

v 100.018 0 -37.7316
vt 4.5773 1.88905
f 1705/3977/3 1706/3978/3 1707/3979/3

v 100.278 0 -23.1898
vt 4.58756 1.31654
f 1707/3979/3 1706/3978/3 1708/3980/3

vt 2.97191 -2.5572
vt 2.9451 -2.5572
v 100.992 -1 -22.2996
vt 2.95028 -2.61287
v 101.152 -1 -22.6855
vt 2.96672 -2.61287
f 1708/3981/172 1706/3982/172 1709/3983/172 1710/3984/172 

vt 1.87818 -3.00621
vt 1.85136 -3.00621
v 100.938 -1 -21.8855
vt 1.85655 -3.06188
vt 1.87299 -3.06188
f 1706/3985/173 969/3986/173 1711/3987/173 1709/3988/173 

vt 0.657364 -3.23975
v 100.02 0 -21.192
vt 0.629824 -3.23975
v 100.992 -1 -21.4714
vt 0.635736 -3.29543
vt 0.65218 -3.29543
f 969/3989/156 1712/3990/156 1713/3991/156 1711/3992/156 

vt 4.57739 1.23788
f 969/1980/3 970/1981/3 1712/3993/3

v 100.267 0 -20.5956
vt 4.58712 1.2144
f 1712/3993/3 970/1981/3 1714/3994/3

v 101.122 0 -3.35991
vt 4.62076 0.535834
f 1714/3994/3 970/1981/3 1715/3995/3

vt -0.365253 0.11811
vn -0.99558 0 -0.0939153
vt -0.33442 0.11811
vn -0.985964 0 0.16696
v 101.151 5 -2.57728
vt -0.33442 0.314961
v 101.122 5 -3.35991
vt -0.365253 0.314961
f 1715/3996/487 970/3997/488 1716/3998/488 1717/3999/487 

vt 0.877214 0.11811
vt 0.908047 0.11811
vn -0.909155 0 0.416457
v 101.381 5 -1.82879
vt 0.908047 0.314961
vt 0.877214 0.314961
f 970/4000/488 971/4001/489 1718/4002/489 1716/4003/488 

vt 2.05885 0.11811
vt 2.08968 0.11811
vn -0.77039 0 0.637573
v 101.797 5 -1.16544
vt 2.08968 0.314961
vt 2.05885 0.314961
f 971/4004/489 974/4005/490 1719/4006/490 1718/4007/489 

vt 3.09913 0.11811
vt 3.12996 0.11811
vn -0.579123 0 0.81524
v 102.371 5 -0.632439
vt 3.12996 0.314961
vt 3.09913 0.314961
f 974/4008/490 976/4009/491 1720/4010/491 1719/4011/490 

vt 3.92715 0.11811
vt 3.95799 0.11811
vn -0.34839 0 0.93735
v 103.063 5 -0.266111
vt 3.95799 0.314961
vt 3.92715 0.314961
f 976/4012/491 986/4013/492 1721/4014/492 1720/4015/491 

vt 4.4865 0.11811
v 103.827 0 -0.0914186
vt 4.51733 0.11811
vn -0.0939153 0 0.99558
v 103.827 5 -0.0914186
vt 4.51733 0.314961
vt 4.4865 0.314961
f 986/4016/492 1722/4017/493 1723/4018/493 1721/4019/492 

vt 4.72726 0.407153
f 986/1997/3 987/1998/3 1722/4020/3

v 104.609 0 -0.120268
vt 4.75807 0.408289
f 1722/4020/3 987/1998/3 1724/4021/3

v 105.358 0 -0.350693
vt 4.78754 0.417361
f 1724/4021/3 987/1998/3 1725/4022/3

v 106.021 0 -0.76699
vt 4.81366 0.43375
f 1725/4022/3 987/1998/3 1726/4023/3

v 106.554 0 -1.34079
vt 4.83464 0.456341
f 1726/4023/3 987/1998/3 1727/4024/3

v 106.921 0 -2.03299
vt 4.84906 0.483593
f 1727/4024/3 987/1998/3 1728/4025/3

v 107.095 0 -2.79641
vt 4.85594 0.513649
f 1728/4025/3 987/1998/3 1729/4026/3

v 126.197 0 5.14066
vt 5.60797 0.201166
f 1729/4026/3 987/1998/3 1730/4027/3

vt 4.89145 0.11811
vn -0.570602 0 0.821227
vt 4.95854 0.11811
vn -0.33861 0 0.940927
v 127.711 6.37327 5.92202
vt 4.95854 0.369026
v 126.197 6.37327 5.14066
vt 4.89145 0.369026
f 1730/4028/494 987/4029/495 1731/4030/495 1732/4031/494 

vt 5.50138 0.11811
vt 5.56847 0.11811
vn -0.0835425 0 0.996504
v 129.376 6.37327 6.28481
vt 5.56847 0.369026
vt 5.50138 0.369026
f 987/4032/495 204/4033/496 1733/4034/496 1731/4035/495 

vt 5.73412 0.11811
vt 5.80121 0.11811
vn 0.177218 0 0.984172
v 131.079 6.37327 6.20431
vt 5.80121 0.369026
vt 5.73412 0.369026
f 204/4036/496 205/4037/497 1734/4038/497 1733/4039/496 

vt 5.5738 0.11811
vt 5.64089 0.11811
vn 0.425902 0 0.904769
v 132.702 6.37327 5.686
vt 5.64089 0.369026
vt 5.5738 0.369026
f 205/4040/497 206/4041/498 1735/4042/498 1734/4043/497 

vt 5.03135 0.11811
vt 5.09844 0.11811
vn 0.645561 0 0.763708
v 134.136 6.37327 4.7652
vt 5.09844 0.369026
vt 5.03135 0.369026
f 206/4044/498 207/4045/499 1736/4046/499 1735/4047/498 

vt 4.14373 0.11811
vt 4.21082 0.11811
vt 4.21082 0.369026
vt 4.14373 0.369026
f 207/4048/499 208/4049/279 894/4050/279 1736/4051/499 

v 134.907 6.37327 -4.43406
vt 5.95088 0.578123
f 1737/4052/3 1736/418/3 894/419/3

v 133.646 6.37327 -5.58075
f 1738/1941/3 1736/418/3 1737/4052/3

v 132.976 6.37327 -0.220045
vt 5.87486 0.412217
f 1739/4053/3 1736/418/3 1738/1941/3

v 132.872 6.37327 0.570469
vt 5.87077 0.381095
f 1740/4054/3 1736/418/3 1739/4053/3

f 1740/4054/3 1735/417/3 1736/418/3

v 132.567 6.37327 1.30711
vt 5.85875 0.352093
f 1741/4055/3 1735/417/3 1740/4054/3

v 132.081 6.37327 1.93968
vt 5.83964 0.327189
f 1742/4056/3 1735/417/3 1741/4055/3

v 131.449 6.37327 2.42507
vt 5.81474 0.308079
f 1743/4057/3 1735/417/3 1742/4056/3

f 1743/4057/3 1734/416/3 1735/417/3

v 130.712 6.37327 2.7302
vt 5.78574 0.296066
f 1744/4058/3 1734/416/3 1743/4057/3

v 129.922 6.37327 2.83427
vt 5.75462 0.291969
f 1745/4059/3 1734/416/3 1744/4058/3

f 1745/4059/3 1733/415/3 1734/416/3

v 129.131 6.37327 2.7302
vt 5.72349 0.296066
f 1746/4060/3 1733/415/3 1745/4059/3

v 128.395 6.37327 2.42507
vt 5.69449 0.308079
f 1747/4061/3 1733/415/3 1746/4060/3

v 127.762 6.37327 1.93968
vt 5.66959 0.327189
f 1748/4062/3 1733/415/3 1747/4061/3

f 1748/4062/3 1731/1998/3 1733/415/3

v 127.277 6.37327 1.30711
vt 5.65048 0.352093
f 1749/4063/3 1731/1998/3 1748/4062/3

v 126.971 6.37327 0.570469
vt 5.63846 0.381095
f 1750/4064/3 1731/1998/3 1749/4063/3

f 1750/4064/3 1732/4027/3 1731/1998/3

v 126.867 6.37327 -0.220045
vt 5.63437 0.412217
f 1732/4027/3 1750/4064/3 1751/4065/3

vt -0.326742 -3.72712
vt -0.358133 -3.72712
v 127.459 5.87327 0.439943
vt -0.355541 -3.75496
v 127.372 5.87327 -0.220045
vt -0.329333 -3.75496
f 1751/4066/156 1750/4067/156 1752/4068/156 1753/4069/156 

vt -1.80566 -3.52569
vt -1.83705 -3.52569
v 127.713 5.87327 1.05495
vt -1.83446 -3.55353
vt -1.80825 -3.55353
f 1750/4070/157 1749/4071/157 1754/4072/157 1752/4073/157 

vt -3.16046 -3.06046
vt -3.19185 -3.06046
v 128.119 5.87327 1.58308
vt -3.18926 -3.0883
vt -3.16305 -3.0883
f 1749/4074/158 1748/4075/158 1755/4076/158 1754/4077/158 

vt -4.29881 -2.36313
vt -4.3302 -2.36313
v 128.647 5.87327 1.98832
vt -4.32761 -2.39097
vt -4.3014 -2.39097
f 1748/4078/159 1747/4079/159 1756/4080/159 1755/4081/159 

vt -5.14313 -1.48124
vt -5.17452 -1.48124
v 129.262 5.87327 2.24307
vt -5.17193 -1.50908
vt -5.14572 -1.50908
f 1747/4082/252 1746/4083/252 1757/4084/252 1756/4085/252 

vt -5.63588 -0.474873
vt -5.66727 -0.474873
v 129.922 5.87327 2.32995
vt -5.66468 -0.502712
vt -5.63847 -0.502712
f 1746/4086/147 1745/4087/147 1758/4088/147 1757/4089/147 

vt -5.74349 0.587382
vt -5.77488 0.587382
v 130.582 5.87327 2.24307
vt -5.77229 0.559543
vt -5.74609 0.559543
f 1745/4090/164 1744/4091/164 1759/4092/164 1758/4093/164 

vt -5.45862 1.63314
vt -5.49002 1.63314
v 131.197 5.87327 1.98832
vt -5.48742 1.6053
vt -5.46122 1.6053
f 1744/4094/149 1743/4095/149 1760/4096/149 1759/4097/149 

vt -4.80069 2.59112
vt -4.83208 2.59112
v 131.725 5.87327 1.58308
vt -4.82949 2.56328
vt -4.80328 2.56328
f 1743/4098/150 1742/4099/150 1761/4100/150 1760/4101/150 

vt -3.81453 3.39606
vt -3.84592 3.39606
v 132.13 5.87327 1.05495
vt -3.84333 3.36822
vt -3.81712 3.36822
f 1742/4102/151 1741/4103/151 1762/4104/151 1761/4105/151 

vt -2.56734 3.99308
vt -2.59873 3.99308
v 132.385 5.87327 0.439943
vt -2.59614 3.96524
vt -2.56993 3.96524
f 1741/4106/152 1740/4107/152 1763/4108/152 1762/4109/152 

vt -1.14412 4.34151
vt -1.17551 4.34151
v 132.472 5.87327 -0.220045
vt -1.17292 4.31367
vt -1.14671 4.31367
f 1740/4110/153 1739/4111/153 1764/4112/153 1763/4113/153 

vt 0.358133 4.4176
v 132.872 6.37327 -1.01056
vt 0.326742 4.4176
v 132.385 5.87327 -0.880034
vt 0.329333 4.38977
vt 0.355541 4.38977
f 1739/4114/162 1765/4115/162 1766/4116/162 1764/4117/162 

vt 5.87077 0.44334
f 1738/1941/3 1765/4118/3 1739/4053/3

v 132.567 6.37327 -1.7472
vt 5.85875 0.472342
f 1738/1941/3 1767/4119/3 1765/4118/3

v 132.132 6.37327 -6.36211
f 1768/1944/3 1767/4119/3 1738/1941/3

v 132.081 6.37327 -2.37977
vt 5.83964 0.497246
f 1768/1944/3 1769/4120/3 1767/4119/3

v 131.449 6.37327 -2.86516
vt 5.81474 0.516356
f 1768/1944/3 1770/4121/3 1769/4120/3

v 130.712 6.37327 -3.17029
vt 5.78574 0.528368
f 1768/1944/3 1771/4122/3 1770/4121/3

v 130.467 6.37327 -6.7249
f 1772/1945/3 1771/4122/3 1768/1944/3

v 129.922 6.37327 -3.27436
vt 5.75462 0.532466
f 1772/1945/3 1773/4123/3 1771/4122/3

v 129.131 6.37327 -3.17029
vt 5.72349 0.528368
f 1772/1945/3 1774/4124/3 1773/4123/3

v 128.765 6.37327 -6.6444
f 1775/1946/3 1774/4124/3 1772/1945/3

v 128.395 6.37327 -2.86516
vt 5.69449 0.516356
f 1775/1946/3 1776/4125/3 1774/4124/3

v 127.762 6.37327 -2.37977
vt 5.66959 0.497246
f 1775/1946/3 1777/4126/3 1776/4125/3

v 127.277 6.37327 -1.7472
vt 5.65048 0.472342
f 1775/1946/3 1778/4127/3 1777/4126/3

v 127.142 6.37327 -6.12609
f 1779/1947/3 1778/4127/3 1775/1946/3

v 126.971 6.37327 -1.01056
vt 5.63846 0.44334
f 1779/1947/3 1780/4128/3 1778/4127/3

f 1779/1947/3 1751/4065/3 1780/4128/3

f 1779/1947/3 1732/4027/3 1751/4065/3

v 125.708 6.37327 -5.20529
vt 5.58871 0.608487
f 1781/4129/3 1732/4027/3 1779/1947/3

v 124.936 6.37327 3.99397
vt 5.55835 0.246311
f 1781/4129/3 1782/4130/3 1732/4027/3

v 124.561 6.37327 -3.94475
vt 5.54356 0.558859
f 1783/4131/3 1782/4130/3 1781/4129/3

v 124.016 6.37327 2.56011
vt 5.52209 0.302762
f 1783/4131/3 1784/4132/3 1782/4130/3

v 123.78 6.37327 -2.43038
vt 5.5128 0.499238
f 1785/4133/3 1784/4132/3 1783/4131/3

v 123.497 6.37327 0.936779
vt 5.50169 0.366673
f 1785/4133/3 1786/4134/3 1784/4132/3

v 123.417 6.37327 -0.765384
vt 5.49852 0.433687
f 1786/4134/3 1785/4133/3 1787/4135/3

v 123.78 0 -2.43038
vt -1.66146 0.11811
vn -0.940927 0 -0.33861
v 123.417 0 -0.765384
vt -1.59437 0.11811
vn -0.996504 0 -0.0835425
vt -1.59437 0.369026
vt -1.66146 0.369026
f 1788/4136/500 1789/4137/501 1787/4138/501 1785/4139/500 

v 123.852 0 -92.5291
vt 5.51567 4.04643
f 1790/4140/3 1789/4135/3 1788/4133/3

v 123.165 0 -92.4499
vt 5.48861 4.04331
f 1789/4135/3 1790/4140/3 1791/4141/3

vt 5.91516 0.11811
vn -0.0162388 0 0.999868
vt 5.9424 0.11811
vn 0.243099 0 0.970001
v 123.852 5 -92.5291
vt 5.9424 0.314961
v 123.165 5 -92.4499
vt 5.91516 0.314961
f 1791/4142/502 1790/4143/503 1792/4144/503 1793/4145/502 

vt 6.61701 0.11811
v 124.496 0 -92.7834
vt 6.64425 0.11811
vn 0.485871 0 0.874031
v 124.496 5 -92.7834
vt 6.64425 0.314961
vt 6.61701 0.314961
f 1790/4146/503 1794/4147/504 1795/4148/504 1792/4149/503 

v 124.561 0 -3.94475
vt 5.541 4.05645
f 1790/4140/3 1796/4131/3 1794/4150/3

f 1790/4140/3 1788/4133/3 1796/4131/3

vt -3.03853 0.11811
vn -0.821227 0 -0.570602
vt -2.97144 0.11811
vt -2.97144 0.369026
vt -3.03853 0.369026
f 1796/4151/505 1788/4152/500 1785/4153/500 1783/4154/505 

v 125.708 0 -5.20529
vt -4.21082 0.11811
vn -0.645561 0 -0.763708
vt -4.14373 0.11811
vt -4.14373 0.369026
vt -4.21082 0.369026
f 1797/4155/506 1796/4156/505 1783/4157/505 1781/4158/506 

v 125.052 0 -93.1957
vt 5.56288 4.07268
f 1798/4159/3 1796/4131/3 1797/4129/3

f 1794/4150/3 1796/4131/3 1798/4159/3

vt 6.86699 0.11811
vt 6.89423 0.11811
vn 0.695531 0 0.718496
v 125.052 5 -93.1957
vt 6.89423 0.314961
vt 6.86699 0.314961
f 1794/4160/504 1798/4161/507 1799/4162/507 1795/4163/504 

vt 6.64807 0.11811
v 125.482 0 -93.7377
vt 6.67531 0.11811
vn 0.857792 0 0.513997
v 125.482 5 -93.7377
vt 6.67531 0.314961
vt 6.64807 0.314961
f 1798/4164/507 1800/4165/508 1801/4166/508 1799/4167/507 

vt 5.57981 4.09402
f 1798/4159/3 1797/4129/3 1800/4168/3

v 125.757 0 -94.3726
vt 5.59064 4.11901
f 1800/4168/3 1797/4129/3 1802/4169/3

f 1802/4169/3 1797/4129/3 936/1947/3

vt -5.09844 0.11811
vn -0.425902 0 -0.904769
vt -5.03135 0.11811
vt -5.03135 0.369026
vt -5.09844 0.369026
f 936/4170/509 1797/4171/506 1781/4172/506 1779/4173/509 

vt -5.64089 0.11811
vn -0.177218 0 -0.984172
vt -5.5738 0.11811
vt -5.5738 0.369026
vt -5.64089 0.369026
f 935/4174/510 936/4175/509 1779/4176/509 1775/4177/510 

vt -5.80121 0.11811
vn 0.0835425 0 -0.996504
vt -5.73412 0.11811
vt -5.73412 0.369026
vt -5.80121 0.369026
f 934/4178/511 935/4179/510 1775/4180/510 1772/4181/511 

vt -5.56847 0.11811
vn 0.33861 0 -0.940927
vt -5.50138 0.11811
vt -5.50138 0.369026
vt -5.56847 0.369026
f 933/4182/512 934/4183/511 1772/4184/511 1768/4185/512 

vt -4.95854 0.11811
vn 0.570602 0 -0.821227
vt -4.89145 0.11811
vt -4.89145 0.369026
vt -4.95854 0.369026
f 930/4186/513 933/4187/512 1768/4188/512 1738/4189/513 

v 134.907 0 -4.43406
vt -4.01298 0.11811
vn 0.763708 0 -0.645561
vt -3.94589 0.11811
vt -3.94589 0.369026
vt -4.01298 0.369026
f 1803/4190/514 930/4191/513 1738/4192/513 1737/4193/514 

v 133.833 0 -13.2076
vt 5.90859 0.923537
f 1803/4052/3 1804/4194/3 930/1941/3

v 133.935 0 -12.4311
vt 5.91261 0.892968
f 1804/4194/3 1803/4052/3 1805/4195/3

v 134.235 0 -11.7076
vt 5.92441 0.864482
f 1805/4195/3 1803/4052/3 1806/4196/3

v 134.711 0 -11.0862
vt 5.94318 0.84002
f 1806/4196/3 1803/4052/3 1807/4197/3

v 135.333 0 -10.6095
vt 5.96765 0.821251
f 1807/4197/3 1803/4052/3 1808/4198/3

v 135.828 0 -3.0002
vt 5.98714 0.521672
f 1808/4198/3 1803/4052/3 1809/4199/3

vt -2.79622 0.11811
vn 0.904769 0 -0.425902
vt -2.72913 0.11811
vt -2.72913 0.369026
v 135.828 6.37327 -3.0002
vt -2.79622 0.369026
f 1809/4200/515 1803/4201/514 1737/4202/514 1810/4203/515 

f 1737/4052/3 894/419/3 1810/4199/3

f 1810/4199/3 894/419/3 893/1881/3

v 136.346 6.37327 -1.37687
vt 6.00754 0.457761
f 1810/4199/3 893/1881/3 1811/4204/3

f 1811/4204/3 893/1881/3 896/1891/3

vt 0.106352 0.11811
v 136.346 0 -1.37687
vt 0.173441 0.11811
vn 0.984172 0 -0.177218
vt 0.173441 0.369026
vt 0.106352 0.369026
f 895/4205/281 1812/4206/516 1811/4207/516 896/4208/281 

f 899/1902/3 1812/4204/3 895/1891/3

v 136.056 0 -10.3098
vt 5.99613 0.809451
f 1813/4209/3 1812/4204/3 899/1902/3

f 1813/4209/3 1809/4199/3 1812/4204/3

f 1808/4198/3 1809/4199/3 1813/4209/3

vt 5.19911 0.11811
vt 5.22994 0.11811
v 136.056 5 -10.3098
vt 5.22994 0.314961
v 135.333 5 -10.6095
vt 5.19911 0.314961
f 1808/4210/253 1813/4211/136 1814/4212/136 1815/4213/253 

vt 5.83918 0.11811
vt 5.87001 0.11811
v 136.833 5 -10.2076
vt 5.87001 0.314961
vt 5.83918 0.314961
f 1813/4214/136 899/4215/137 1816/4216/137 1814/4217/136 

vt 6.08027 0.11811
vt 6.1111 0.11811
v 137.609 5 -10.3098
vt 6.1111 0.314961
vt 6.08027 0.314961
f 899/4218/137 900/4219/145 1817/4220/145 1816/4221/137 

vt 5.90595 0.11811
vt 5.93678 0.11811
v 138.333 5 -10.6095
vt 5.93678 0.314961
vt 5.90595 0.314961
f 900/4222/145 901/4223/130 1818/4224/130 1817/4225/145 

vt 5.3281 0.11811
vt 5.35893 0.11811
v 138.954 5 -11.0862
vt 5.35893 0.314961
vt 5.3281 0.314961
f 901/4226/130 902/4227/1 1819/4228/1 1818/4229/130 

vt 4.3861 0.11811
v 139.431 0 -11.7076
vt 4.41693 0.11811
v 139.431 5 -11.7076
vt 4.41693 0.314961
vt 4.3861 0.314961
f 902/4230/1 1820/4231/2 1821/4232/2 1819/4233/1 

vt 6.12899 0.864482
f 902/1905/3 903/1906/3 1820/4234/3

v 139.73 0 -12.4311
vt 6.14079 0.892968
f 1820/4234/3 903/1906/3 1822/4235/3

v 139.833 0 -13.2076
vt 6.14481 0.923537
f 1822/4235/3 903/1906/3 1823/4236/3

v 139.84 0 -21.2103
vt 6.14512 1.23861
f 1823/4236/3 903/1906/3 1824/4237/3

v 139.929 0 -21.8855
vt 6.14862 1.26519
f 1824/4237/3 903/1906/3 1825/4238/3

v 139.929 0 -38.4067
vt 6.14862 1.91563
f 1825/4238/3 903/1906/3 1826/4239/3

f 1826/4239/3 903/1906/3 906/1917/3

v 139.84 0 -39.0819
vt 6.14512 1.94221
f 906/1917/3 1827/4240/3 1826/4239/3

v 139.84 0 -54.276
vt 6.14512 2.5404
f 1828/4241/3 1827/4240/3 906/1917/3

v 139.582 0 -53.6521
vt 6.13494 2.51584
f 1829/4242/3 1827/4240/3 1828/4241/3

v 139.58 0 -39.7111
vt 6.13486 1.96698
f 1829/4242/3 1830/4243/3 1827/4240/3

v 139.165 0 -40.2513
vt 6.11854 1.98825
f 1829/4242/3 1831/4244/3 1830/4243/3

v 139.16 0 -53.1028
vt 6.11835 2.49422
f 1832/4245/3 1831/4244/3 1829/4242/3

v 138.625 0 -52.6919
vt 6.09726 2.47804
f 1833/4246/3 1831/4244/3 1832/4245/3

v 138.625 0 -40.6659
vt 6.09726 2.00457
f 1833/4246/3 1834/4247/3 1831/4244/3

v 137.996 0 -40.9265
vt 6.0725 2.01483
f 1833/4246/3 1835/4248/3 1834/4247/3

v 137.996 0 -52.4314
vt 6.0725 2.46778
f 1836/4249/3 1835/4248/3 1833/4246/3

v 137.321 0 -41.0153
vt 6.04594 2.01833
f 1836/4249/3 1837/4250/3 1835/4248/3

v 137.321 0 -52.3425
vt 6.04591 2.46428
f 1838/4251/3 1837/4250/3 1836/4249/3

v 136.646 0 -52.4314
vt 6.01933 2.46778
f 1839/4252/3 1837/4250/3 1838/4251/3

v 136.645 0 -40.9263
vt 6.01931 2.01482
f 1839/4252/3 1840/4253/3 1837/4250/3

v 136.016 0 -40.6659
vt 5.99456 2.00457
f 1839/4252/3 1841/4254/3 1840/4253/3

v 136.016 0 -52.692
vt 5.99456 2.47804
f 1842/4255/3 1841/4254/3 1839/4252/3

v 135.476 0 -40.2513
vt 5.97329 1.98825
f 1842/4255/3 1843/4256/3 1841/4254/3

v 135.476 0 -53.1065
vt 5.97329 2.49436
f 1844/4257/3 1843/4256/3 1842/4255/3

v 135.062 0 -39.7111
vt 5.95697 1.96698
f 1844/4257/3 1845/4258/3 1843/4256/3

v 135.062 0 -53.6468
vt 5.95697 2.51563
f 1846/4259/3 1845/4258/3 1844/4257/3

v 134.801 0 -54.276
vt 5.94671 2.5404
f 1847/4260/3 1845/4258/3 1846/4259/3

v 134.801 0 -39.0819
vt 5.94671 1.94221
f 1847/4260/3 1848/4261/3 1845/4258/3

v 134.712 0 -54.9511
vt 5.94321 2.56698
f 1849/4262/3 1848/4261/3 1847/4260/3

v 134.712 0 -38.4067
vt 5.94321 1.91563
f 1848/4261/3 1849/4262/3 1850/4263/3

v 134.712 0 -73.9511
vt 5.94321 3.31502
f 1851/4264/3 1850/4263/3 1849/4262/3

v 134.711 0 -82.8605
vt 5.94318 3.66578
f 1851/4264/3 1852/4265/3 1850/4263/3

v 135.333 0 -82.3838
vt 5.96765 3.64701
f 1852/4265/3 1851/4264/3 1853/4266/3

v 134.801 0 -74.6263
vt 5.94671 3.3416
f 1853/4266/3 1851/4264/3 1854/4267/3

vt 4.08921 -3.77705
vt 4.0624 -3.77705
v 135.721 -1 -73.9511
vt 4.06758 -3.83273
v 135.775 -1 -74.3652
vt 4.08403 -3.83273
f 1854/4268/173 1851/4269/173 1855/4270/173 1856/4271/173 

vt 2.51091 -4.38898
v 134.801 0 -73.276
vt 2.4841 -4.38898
v 135.775 -1 -73.537
vt 2.48928 -4.44466
vt 2.50573 -4.44466
f 1851/4272/156 1857/4273/156 1858/4274/156 1855/4275/156 

v 134.801 0 -55.6263
vt 5.94671 2.59356
vt 5.94671 3.28843
f 1851/4264/3 1859/4276/3 1857/4277/3

f 1859/4276/3 1851/4264/3 1849/4262/3

vt 3.34758 -3.84609
vt 3.32077 -3.84609
v 135.721 -1 -54.9511
vt 3.32595 -3.90177
v 135.775 -1 -55.3652
vt 3.3424 -3.90177
f 1859/4278/173 1849/4279/173 1860/4280/173 1861/4281/173 

vt 1.76928 -4.31994
vt 1.74247 -4.31994
v 135.775 -1 -54.537
vt 1.74765 -4.37562
vt 1.76409 -4.37562
f 1849/4282/156 1847/4283/156 1862/4284/156 1860/4285/156 

vt 0.0713177 -4.48879
vt 0.0445071 -4.48879
v 135.935 -1 -54.1511
vt 0.0496903 -4.54447
vt 0.0661345 -4.54447
f 1847/4286/157 1846/4287/157 1863/4288/157 1862/4289/157 

vt -1.63059 -4.34114
vt -1.6574 -4.34114
v 136.189 -1 -53.8197
vt -1.65222 -4.39681
vt -1.63577 -4.39681
f 1846/4290/158 1844/4291/158 1864/4292/158 1863/4293/158 

vt -3.22046 -3.88704
vt -3.24727 -3.88704
v 136.521 -1 -53.5655
vt -3.24209 -3.94272
vt -3.22564 -3.94272
f 1844/4294/159 1842/4295/159 1865/4296/159 1864/4297/159 

vt -4.58995 -3.15746
vt -4.61676 -3.15746
v 136.907 -1 -53.4056
vt -4.61158 -3.21314
vt -4.59513 -3.21314
f 1842/4298/252 1839/4299/252 1866/4300/252 1865/4301/252 

vt -5.64573 -2.2021
vt -5.67254 -2.2021
v 137.321 -1 -53.3511
vt -5.66735 -2.25778
vt -5.65091 -2.25778
f 1839/4302/147 1838/4303/147 1867/4304/147 1866/4305/147 

vt -6.31584 -1.08607
vt -6.34266 -1.08607
v 137.735 -1 -53.4056
vt -6.33747 -1.14175
vt -6.32103 -1.14175
f 1838/4306/164 1836/4307/164 1868/4308/164 1867/4309/164 

vt -6.55464 0.114571
vn -0.270597 0.707111 -0.653277
vt -6.58144 0.114571
v 138.121 -1 -53.5655
vt -6.57626 0.0588926
vt -6.55982 0.0588926
f 1836/4310/517 1833/4311/517 1869/4312/517 1868/4313/517 

vt -6.34582 1.318
vt -6.37239 1.318
v 138.452 -1 -53.8197
vt -6.36745 1.26232
vt -6.351 1.26232
f 1833/4314/150 1832/4315/150 1870/4316/150 1869/4317/150 

vt -5.70921 2.38428
vn -0.561387 0.706568 -0.43082
vt -5.7038 2.43992
vn -0.561371 0.706556 -0.43086
vt -5.73106 2.43992
f 1870/4318/518 1832/4319/519 1829/4320/518

vt -5.73067 2.44047
v 138.706 -1 -54.1511
vt -5.72527 2.38483
vn -0.561404 0.70658 -0.43078
vt -5.70882 2.38483
f 1829/4321/518 1871/4322/520 1870/4323/518

vt -4.67208 3.41058
vt -4.69866 3.41058
v 138.866 -1 -54.537
vt -4.69348 3.3549
vt -4.67703 3.3549
f 1829/4324/152 1828/4325/152 1872/4326/152 1871/4327/152 

vt -3.32077 4.15713
vt -3.34758 4.15713
v 138.921 -1 -54.9511
vt -3.3424 4.10145
vt -3.32595 4.10145
f 1828/4328/153 906/4329/153 1873/4330/153 1872/4331/153 

vt -1.74247 4.63097
v 139.84 0 -55.6263
vt -1.76928 4.63097
v 138.866 -1 -55.3652
vt -1.76409 4.57529
vt -1.74765 4.57529
f 906/4332/162 1874/4333/162 1875/4334/162 1873/4335/162 

vt 6.14512 2.59356
f 907/1918/3 1874/4336/3 906/1917/3

v 139.838 0 -73.2546
vt 6.14501 3.28759
f 1876/4337/3 1874/4336/3 907/1918/3

v 139.593 0 -72.6644
vt 6.13539 3.26436
f 1877/4338/3 1874/4336/3 1876/4337/3

v 139.572 0 -56.2735
vt 6.13456 2.61905
f 1877/4338/3 1878/4339/3 1874/4336/3

v 139.181 0 -56.7838
vt 6.11915 2.63914
f 1877/4338/3 1879/4340/3 1878/4339/3

v 139.165 0 -72.1065
vt 6.11854 3.24239
f 1880/4341/3 1879/4340/3 1877/4338/3

v 138.625 0 -57.2103
vt 6.09727 2.65593
f 1880/4341/3 1881/4342/3 1879/4340/3

v 138.625 0 -71.692
vt 6.09727 3.22607
f 1882/4343/3 1881/4342/3 1880/4341/3

v 137.996 0 -57.4709
vt 6.0725 2.66619
f 1882/4343/3 1883/4344/3 1881/4342/3

v 137.996 0 -71.4314
vt 6.0725 3.21581
f 1884/4345/3 1883/4344/3 1882/4343/3

v 137.328 0 -57.5588
vt 6.04619 2.66965
f 1884/4345/3 1885/4346/3 1883/4344/3

v 137.321 0 -71.3425
vt 6.04591 3.21231
f 1886/4347/3 1885/4346/3 1884/4345/3

v 136.646 0 -71.4314
vt 6.01933 3.21581
f 1887/4348/3 1885/4346/3 1886/4347/3

v 136.639 0 -57.4681
vt 6.01908 2.66608
f 1887/4348/3 1888/4349/3 1885/4346/3

v 136.016 0 -57.2103
vt 5.99456 2.65593
f 1887/4348/3 1889/4350/3 1888/4349/3

v 136.016 0 -71.692
vt 5.99456 3.22607
f 1890/4351/3 1889/4350/3 1887/4348/3

v 135.476 0 -56.7957
vt 5.97329 2.6396
f 1890/4351/3 1891/4352/3 1889/4350/3

v 135.476 0 -72.1065
vt 5.97329 3.24239
f 1892/4353/3 1891/4352/3 1890/4351/3

v 135.062 0 -56.2554
vt 5.95697 2.61833
f 1892/4353/3 1893/4354/3 1891/4352/3

v 135.062 0 -72.6468
vt 5.95697 3.26366
f 1894/4355/3 1893/4354/3 1892/4353/3

f 1857/4277/3 1893/4354/3 1894/4355/3

f 1857/4277/3 1859/4276/3 1893/4354/3

vt 4.69866 -3.09955
vt 4.67185 -3.09955
vt 4.67703 -3.15522
v 135.935 -1 -55.7511
vt 4.69348 -3.15522
f 1893/4356/172 1859/4357/172 1861/4358/172 1895/4359/172 

vt 4.67703 0.0787402
vn 0.965926 -9.60156e-31 0.258819
v 135.775 -3 -55.3652
vt 4.67703 8.88178e-16
v 135.935 -3 -55.7511
vt 4.69348 8.88178e-16
vn 0.866025 1.74915e-18 0.5
vt 4.69348 0.0787402
f 1861/4360/521 1896/4361/521 1897/4362/522 1895/4363/522 

vt 3.32595 0.0787402
v 135.721 -3 -54.9511
vt 3.32595 8.88178e-16
vt 3.3424 8.88178e-16
vt 3.3424 0.0787402
f 1860/4364/7 1898/4365/7 1896/4366/521 1861/4367/521 

vt 1.74765 0.0787402
vn 0.965926 9.60156e-31 -0.258819
v 135.775 -3 -54.537
vt 1.74765 8.88178e-16
vt 1.76409 8.88178e-16
vt 1.76409 0.0787402
f 1862/4368/523 1899/4369/523 1898/4370/7 1860/4371/7 

vt 0.0496903 0.0787402
vn 0.866025 -1.74915e-18 -0.5
v 135.935 -3 -54.1511
vt 0.0496903 8.88178e-16
vt 0.0661345 8.88178e-16
vt 0.0661345 0.0787402
f 1863/4372/524 1900/4373/524 1899/4374/523 1862/4375/523 

vt -1.65222 0.0787402
v 136.189 -3 -53.8197
vt -1.65222 9.10018e-16
vt -1.63577 9.10018e-16
vt -1.63577 0.0787402
f 1864/4376/250 1901/4377/250 1900/4378/524 1863/4379/524 

vt -3.24209 0.0787402
vn 0.5 8.41918e-31 -0.866025
v 136.521 -3 -53.5655
vt -3.24209 8.88178e-16
vt -3.22564 8.88178e-16
vt -3.22564 0.0787402
f 1865/4380/525 1902/4381/525 1901/4382/250 1864/4383/250 

vt -4.61158 0.0787402
vn 0.258819 4.14645e-31 -0.965926
v 136.907 -3 -53.4056
vt -4.61158 8.88178e-16
vt -4.59513 8.88178e-16
vt -4.59513 0.0787402
f 1866/4384/526 1903/4385/526 1902/4386/525 1865/4387/525 

vt -5.66735 0.0787402
vn 3.52738e-15 4.3158e-31 -1
v 137.321 -3 -53.3511
vt -5.66735 8.88178e-16
vt -5.65091 8.88178e-16
vt -5.65091 0.0787402
f 1867/4388/527 1904/4389/527 1903/4390/526 1866/4391/526 

vt -6.33747 0.0787402
vn -0.258819 2.88238e-31 -0.965926
v 137.735 -3 -53.4056
vt -6.33747 8.88178e-16
vt -6.32103 8.88178e-16
vt -6.32103 0.0787402
f 1868/4392/528 1905/4393/528 1904/4394/527 1867/4395/527 

vt -6.57626 0.0787402
vn -0.5 -2.65442e-31 -0.866025
v 138.121 -3 -53.5655
vt -6.57626 8.88178e-16
vt -6.55982 8.88178e-16
vt -6.55982 0.0787402
f 1869/4396/529 1906/4397/529 1905/4398/528 1868/4399/528 

vt -6.36745 0.0787402
vn -0.707107 -4.5776e-31 -0.707107
v 138.452 -3 -53.8197
vt -6.36745 8.88178e-16
vt -6.351 8.88178e-16
vt -6.351 0.0787402
f 1870/4400/530 1907/4401/530 1906/4402/529 1869/4403/529 

vt -5.72527 0.0787402
vn -0.866025 -6.15729e-31 -0.5
v 138.706 -3 -54.1511
vt -5.72527 8.88178e-16
vt -5.70882 8.88178e-16
vt -5.70882 0.0787402
f 1871/4404/531 1908/4405/531 1907/4406/530 1870/4407/530 

vt -4.69348 0.0787402
vn -0.965926 -4.63143e-31 -0.258819
v 138.866 -3 -54.537
vt -4.69348 8.88178e-16
vt -4.67703 8.88178e-16
vt -4.67703 0.0787402
f 1872/4408/532 1909/4409/532 1908/4410/531 1871/4411/531 

vt -3.3424 0.0787402
v 138.921 -3 -54.9511
vt -3.3424 8.88178e-16
vt -3.32595 8.88178e-16
vt -3.32595 0.0787402
f 1873/4412/118 1910/4413/118 1909/4414/532 1872/4415/532 

vt -1.76409 0.0787402
vn -0.965926 -4.63143e-31 0.258819
v 138.866 -3 -55.3652
vt -1.76409 8.88178e-16
vt -1.74765 8.88178e-16
vt -1.74765 0.0787402
f 1875/4416/533 1911/4417/533 1910/4418/118 1873/4419/118 

v 138.706 -1 -55.7511
vt -0.0661345 0.0787402
vn -0.866025 -3.10556e-31 0.5
v 138.706 -3 -55.7511
vt -0.0661345 8.88178e-16
vt -0.0496903 8.88178e-16
vt -0.0496903 0.0787402
f 1912/4420/534 1913/4421/534 1911/4422/533 1875/4423/533 

v 138.452 -1 -56.0825
vt 1.63577 0.0787402
vn -0.707107 4.5776e-31 0.707107
v 138.452 -3 -56.0825
vt 1.63577 8.88178e-16
vt 1.65222 8.88178e-16
vt 1.65222 0.0787402
f 1914/4424/535 1915/4425/535 1913/4426/534 1912/4427/534 

v 138.121 -1 -56.3368
vt 3.22564 0.0787402
vn -0.5 7.28584e-31 0.866025
v 138.121 -3 -56.3368
vt 3.22564 8.88178e-16
vt 3.24209 8.88178e-16
vt 3.24209 0.0787402
f 1916/4428/536 1917/4429/536 1915/4430/535 1914/4431/535 

v 137.735 -1 -56.4966
vt 4.59513 0.0787402
vn -0.258819 4.23411e-31 0.965926
v 137.735 -3 -56.4966
vt 4.59513 8.88178e-16
vt 4.61158 8.88178e-16
vt 4.61158 0.0787402
f 1918/4432/537 1919/4433/537 1917/4434/536 1916/4435/536 

v 137.321 -1 -56.5511
vt 5.65091 0.0787402
vn 3.54138e-15 6.5433e-32 1
v 137.321 -3 -56.5511
vt 5.65091 8.88178e-16
vt 5.66735 8.88178e-16
vt 5.66735 0.0787402
f 1920/4436/538 1921/4437/538 1919/4438/537 1918/4439/537 

v 136.907 -1 -56.4966
vt 6.32103 0.0787402
vn 0.258819 -1.66138e-31 0.965926
v 136.907 -3 -56.4966
vt 6.32103 8.88178e-16
vt 6.33747 8.88178e-16
vt 6.33747 0.0787402
f 1922/4440/539 1923/4441/539 1921/4442/538 1920/4443/538 

v 136.521 -1 -56.3368
vt 6.55982 0.0787402
v 136.521 -3 -56.3368
vt 6.55982 8.88178e-16
vt 6.57626 8.88178e-16
vt 6.57626 0.0787402
f 1924/4444/367 1925/4445/367 1923/4446/539 1922/4447/539 

v 136.189 -1 -56.0825
vt 6.351 0.0787402
vn 0.707107 1.74915e-18 0.707107
v 136.189 -3 -56.0825
vt 6.351 8.88178e-16
vt 6.36745 8.88178e-16
vt 6.36745 0.0787402
f 1926/4448/540 1927/4449/540 1925/4450/367 1924/4451/367 

vt 5.70882 0.0787402
vt 5.70882 8.77179e-16
vt 5.72527 8.77179e-16
vt 5.72527 0.0787402
f 1895/4452/522 1897/4453/522 1927/4454/540 1926/4455/540 

vt -5.99136 2.59848
v 136.189 -3 -72.8197
vt -6.00137 3.27047
vt -6.00137 2.61153
f 1897/4456/75 1928/4457/75 1927/4458/75

v 135.935 -3 -73.1511
vt -5.99136 3.28352
f 1897/4456/75 1929/4459/75 1928/4457/75

vt -5.98507 2.58329
f 1896/4460/75 1929/4459/75 1897/4456/75

v 135.775 -3 -73.537
vt -5.98507 3.29871
f 1896/4460/75 1930/4461/75 1929/4459/75

vt -5.98292 2.56698
f 1898/4462/75 1930/4461/75 1896/4460/75

v 135.721 -3 -73.9511
vt -5.98292 3.31502
f 1930/4461/75 1898/4462/75 1931/4463/75

v 135.721 -3 -21.8855
vt -5.98292 1.26519
f 1932/4464/75 1931/4463/75 1898/4462/75

v 135.721 -3 -93.1525
vt -5.98292 4.07098
f 1932/4464/75 1933/4465/75 1931/4463/75

f 1932/4464/75 615/1213/75 1933/4465/75

v 136.233 -3 -13.2076
vt -6.00308 0.923537
f 1934/4466/75 615/1213/75 1932/4464/75

f 888/1874/75 615/1213/75 1934/4466/75

v 136.233 5 -13.2076
vt 0.132077 0.314961
v 136.253 5 -13.0523
vt 0.12591 0.314961
vt 0.12591 0
vt 0.132077 0
f 1935/4467/7 1936/4468/131 888/4469/131 1934/4470/7 

vt 6.00308 0.923537
vt 6.00388 0.917423
f 1935/4471/3 1814/4209/3 1936/4472/3

v 136.056 5 -16.1053
vt 5.99613 1.03762
f 1937/4473/3 1814/4209/3 1935/4471/3

v 135.333 5 -15.8056
vt 5.96765 1.02582
f 1938/4474/3 1814/4209/3 1937/4473/3

f 1938/4474/3 1815/4198/3 1814/4209/3

v 134.711 5 -15.3289
vt 5.94318 1.00705
f 1939/4475/3 1815/4198/3 1938/4474/3

v 134.711 5 -11.0862
f 1939/4475/3 1940/4197/3 1815/4198/3

v 134.235 5 -14.7076
vt 5.92441 0.982592
f 1941/4476/3 1940/4197/3 1939/4475/3

v 134.235 5 -11.7076
f 1941/4476/3 1942/4196/3 1940/4197/3

v 133.935 5 -13.984
vt 5.91261 0.954106
f 1943/4477/3 1942/4196/3 1941/4476/3

v 133.935 5 -12.4311
f 1943/4477/3 1944/4195/3 1942/4196/3

v 133.833 5 -13.2076
f 1944/4195/3 1943/4477/3 1945/4194/3

v 133.935 0 -13.984
vt -1.71769 0.11811
vt -1.68686 0.11811
vn -1 0 -3.49938e-16
vt -1.68686 0.314961
vt -1.71769 0.314961
f 1946/4478/254 1804/4479/541 1945/4480/541 1943/4481/254 

f 1946/4477/3 928/1939/3 1804/4194/3

v 133.935 0 -84.2054
vt 5.91261 3.71873
f 928/1939/3 1946/4477/3 1947/4482/3

v 134.235 0 -14.7076
f 1947/4482/3 1946/4477/3 1948/4476/3

vt -3.17497 0.11811
vt -3.14414 0.11811
vt -3.14414 0.314961
vt -3.17497 0.314961
f 1948/4483/4 1946/4484/254 1943/4485/254 1941/4486/4 

v 134.711 0 -15.3289
vt -4.41693 0.11811
vt -4.3861 0.11811
vt -4.3861 0.314961
vt -4.41693 0.314961
f 1949/4487/128 1948/4488/4 1941/4489/4 1939/4490/128 

v 134.235 0 -83.4818
vt 5.92441 3.69024
f 1950/4491/3 1948/4476/3 1949/4475/3

f 1947/4482/3 1948/4476/3 1950/4491/3

vt -1.173 0.11811
vt -1.14216 0.11811
v 134.235 5 -83.4818
vt -1.14216 0.314961
v 133.935 5 -84.2054
vt -1.173 0.314961
f 1947/4492/256 1950/4493/257 1951/4494/257 1952/4495/256 

vt 0.67889 0.11811
vt 0.709723 0.11811
v 134.711 5 -82.8605
vt 0.709723 0.314961
vt 0.67889 0.314961
f 1950/4496/257 1852/4497/258 1953/4498/258 1951/4499/257 

f 1950/4491/3 1949/4475/3 1852/4265/3

v 134.712 0 -21.8855
vt 5.94321 1.26519
f 1852/4265/3 1949/4475/3 1954/4500/3

v 135.333 0 -15.8056
f 1954/4500/3 1949/4475/3 1955/4474/3

vt -5.35893 0.11811
vt -5.3281 0.11811
vt -5.3281 0.314961
vt -5.35893 0.314961
f 1955/4501/127 1949/4502/128 1939/4503/128 1938/4504/127 

v 136.056 0 -16.1053
vt -5.93678 0.11811
vt -5.90595 0.11811
vt -5.90595 0.314961
vt -5.93678 0.314961
f 1956/4505/126 1955/4506/127 1938/4507/127 1937/4508/126 

v 135.476 0 -20.0409
vt 5.97329 1.19257
f 1957/4509/3 1955/4474/3 1956/4473/3

v 135.062 0 -20.5812
vt 5.95697 1.21384
f 1958/4510/3 1955/4474/3 1957/4509/3

v 134.801 0 -21.2103
vt 5.94671 1.23861
f 1959/4511/3 1955/4474/3 1958/4510/3

f 1954/4500/3 1955/4474/3 1959/4511/3

vt 0.478619 -4.19979
vt 0.451809 -4.19979
v 135.775 -1 -21.4714
vt 0.456992 -4.25547
v 135.721 -1 -21.8855
vt 0.473436 -4.25547
f 1954/4512/156 1959/4513/156 1960/4514/156 1961/4515/156 

vt -1.13138 -4.13652
vt -1.1582 -4.13652
v 135.935 -1 -21.0855
vt -1.15301 -4.1922
vt -1.13657 -4.1922
f 1959/4516/157 1958/4517/157 1962/4518/157 1960/4519/157 

vt -2.66337 -3.78077
vt -2.69018 -3.78077
v 136.189 -1 -20.7541
vt -2.685 -3.83644
vt -2.66856 -3.83644
f 1958/4520/158 1957/4521/158 1963/4522/158 1962/4523/158 

vt -4.01294 -3.15676
v 136.016 0 -19.6264
vt -4.03975 -3.15676
v 136.521 -1 -20.4999
vt -4.03457 -3.21243
vt -4.01813 -3.21243
f 1957/4524/159 1964/4525/159 1965/4526/159 1963/4527/159 

vt 5.99456 1.17625
f 1957/4509/3 1956/4473/3 1964/4528/3

v 136.645 0 -19.366
vt 6.01931 1.16599
f 1964/4528/3 1956/4473/3 1966/4529/3

v 136.833 0 -16.2076
vt 6.0267 1.04165
f 1966/4529/3 1956/4473/3 1967/4530/3

vt -6.1111 0.11811
vt -6.08027 0.11811
vt -6.08027 0.314961
v 136.833 5 -16.2076
vt -6.1111 0.314961
f 1967/4531/125 1956/4532/126 1937/4533/126 1968/4534/125 

v 136.253 5 -13.3629
vt 6.00388 0.929651
f 1937/4473/3 1969/4535/3 1968/4530/3

f 1969/4535/3 1937/4473/3 1935/4471/3

vt 1.70536 0.314961
vt 1.6992 0.314961
vt 1.6992 0
v 136.253 -3 -13.3629
vt 1.70536 0
f 1969/4536/135 1935/4537/7 1934/4538/7 1970/4539/135 

v 136.521 -3 -20.4999
vt -6.01442 1.21064
vt -6.00388 0.929651
f 1934/4466/75 1971/4540/75 1970/4541/75

v 136.189 -3 -20.7541
vt -6.00137 1.22065
f 1971/4540/75 1934/4466/75 1972/4542/75

v 135.935 -3 -21.0855
vt -5.99136 1.23369
f 1934/4466/75 1973/4543/75 1972/4542/75

v 135.775 -3 -21.4714
vt -5.98507 1.24888
f 1934/4466/75 1974/4544/75 1973/4543/75

f 1934/4466/75 1932/4464/75 1974/4544/75

vt 0.456992 0.0787402
vn 0.965926 8.31326e-15 -0.258819
vt 0.456992 -6.78479e-14
vt 0.473436 -6.78479e-14
vn 1 1.12791e-14 1.39975e-17
vt 0.473436 0.0787402
f 1960/4545/542 1974/4546/542 1932/4547/543 1961/4548/543 

vt -1.15301 0.0787402
vn 0.866025 2.62588e-15 -0.5
vt -1.15301 -3.04122e-14
vt -1.13657 -3.04122e-14
vt -1.13657 0.0787402
f 1962/4549/544 1973/4550/544 1974/4551/542 1960/4552/542 

vt -2.685 0.0787402
vt -2.685 9.07269e-16
vt -2.66856 9.07269e-16
vt -2.66856 0.0787402
f 1963/4553/250 1972/4554/250 1973/4555/544 1962/4556/544 

vt -4.03457 0.0787402
vn 0.5 1.41838e-15 -0.866025
vt -4.03457 8.88178e-16
vt -4.01813 8.88178e-16
vt -4.01813 0.0787402
f 1965/4557/545 1971/4558/545 1972/4559/250 1963/4560/250 

v 136.907 -1 -20.34
vt -5.10975 0.0787402
vn 0.258819 2.8658e-15 -0.965926
v 136.907 -3 -20.34
vt -5.10975 -8.73083e-15
vt -5.09331 -8.73083e-15
vt -5.09331 0.0787402
f 1975/4561/546 1976/4562/546 1971/4563/545 1965/4564/545 

v 137.321 -1 -20.2855
vt -5.83727 0.0787402
vn 1.73569e-15 1.78113e-15 -1
v 137.321 -3 -20.2855
vt -5.83727 -4.79759e-15
vt -5.82083 -4.79759e-15
vt -5.82083 0.0787402
f 1977/4565/547 1978/4566/547 1976/4567/546 1975/4568/546 

v 137.735 -1 -20.34
vt -6.16755 0.0787402
vn -0.258819 6.59623e-16 -0.965926
vt -6.16755 6.21663e-16
vt -6.15111 6.21663e-16
vt -6.15111 0.0787402
f 1979/4569/548 876/4570/548 1978/4571/547 1977/4572/547 

v 138.121 -1 -20.4999
vt -6.07809 0.0787402
vn -0.5 -1.12387e-15 -0.866025
vt -6.07809 1.66835e-15
vt -6.06164 1.66835e-15
vt -6.06164 0.0787402
f 1980/4573/549 874/4574/549 876/4575/548 1979/4576/548 

v 138.452 -1 -20.7541
vt -5.57497 0.0787402
vn -0.707107 -3.49143e-15 -0.707107
vt -5.57497 -6.98645e-15
vt -5.55852 -6.98645e-15
vt -5.55852 0.0787402
f 1981/4577/550 873/4578/550 874/4579/549 1980/4580/549 

v 138.706 -1 -21.0855
vt -4.69248 0.0787402
vn -0.866025 -4.66928e-15 -0.5
vt -4.69248 -1.56648e-14
vt -4.67604 -1.56648e-14
vt -4.67604 0.0787402
f 1982/4581/551 872/4582/551 873/4583/550 1981/4584/550 

v 138.866 -1 -21.4714
vt -3.49077 0.0787402
vn -0.965926 -5.40138e-15 -0.258819
vt -3.49077 -2.60177e-14
vt -3.47433 -2.60177e-14
vt -3.47433 0.0787402
f 1983/4585/552 871/4586/552 872/4587/551 1982/4588/551 

v 138.921 -1 -21.8855
vt -2.05174 0.0787402
vn -1 -5.63959e-15 -4.47921e-16
vt -2.05174 -3.15153e-14
vt -2.03529 -3.15153e-14
vt -2.03529 0.0787402
f 1984/4589/553 870/4590/553 871/4591/552 1983/4592/552 

v 138.866 -1 -22.2996
vt -0.473436 0.0787402
vn -0.965926 -5.49347e-15 0.258819
v 138.866 -3 -22.2996
vt -0.473436 -3.4468e-14
vt -0.456992 -3.4468e-14
vt -0.456992 0.0787402
f 1985/4593/554 1986/4594/554 870/4595/553 1984/4596/553 

v 138.706 -1 -22.6855
vt 1.13657 0.0787402
vn -0.866025 -4.88578e-15 0.5
v 138.706 -3 -22.6855
vt 1.13657 -3.1063e-14
vt 1.15301 -3.1063e-14
vt 1.15301 0.0787402
f 1987/4597/555 1988/4598/555 1986/4599/554 1985/4600/554 

v 138.452 -1 -23.0169
vt 2.66856 0.0787402
vn -0.707107 -4.27115e-15 0.707107
v 138.452 -3 -23.0169
vt 2.66856 -2.43174e-14
vt 2.685 -2.43174e-14
vt 2.685 0.0787402
f 1989/4601/556 1990/4602/556 1988/4603/555 1987/4604/555 

v 138.121 -1 -23.2711
vt 4.01813 0.0787402
vn -0.5 -2.67093e-15 0.866025
v 138.121 -3 -23.2711
vt 4.01813 -1.80587e-14
vt 4.03457 -1.80587e-14
vt 4.03457 0.0787402
f 1991/4605/557 1992/4606/557 1990/4607/556 1989/4608/556 

v 137.735 -1 -23.431
vt 5.09331 0.0787402
vn -0.258819 -1.38163e-15 0.965926
v 137.735 -3 -23.431
vt 5.09331 -3.73662e-15
vt 5.10975 -3.73662e-15
vt 5.10975 0.0787402
f 1993/4609/558 1994/4610/558 1992/4611/557 1991/4612/557 

v 137.321 -1 -23.4855
vt 5.82083 0.0787402
vn 1.73569e-15 -3.33716e-16 1
v 137.321 -3 -23.4855
vt 5.82083 -2.13395e-15
vt 5.83727 -2.13395e-15
vt 5.83727 0.0787402
f 1995/4613/559 1996/4614/559 1994/4615/558 1993/4616/558 

v 136.907 -1 -23.431
vt 6.15111 0.0787402
vn 0.258819 8.20466e-16 0.965926
v 136.907 -3 -23.431
vt 6.15111 1.29623e-15
vt 6.16755 1.29623e-15
vt 6.16755 0.0787402
f 1997/4617/560 1998/4618/560 1996/4619/559 1995/4620/559 

v 136.521 -1 -23.2711
vt 6.06164 0.0787402
vn 0.5 1.48862e-16 0.866025
v 136.521 -3 -23.2711
vt 6.06164 -3.56853e-17
vt 6.07809 -3.56853e-17
vt 6.07809 0.0787402
f 1999/4621/561 2000/4622/561 1998/4623/560 1997/4624/560 

v 136.189 -1 -23.0169
vt 5.55852 0.0787402
vn 0.707107 -2.79863e-16 0.707107
v 136.189 -3 -23.0169
vt 5.55852 2.34803e-15
vt 5.57497 2.34803e-15
vt 5.57497 0.0787402
f 2001/4625/562 2002/4626/562 2000/4627/561 1999/4628/561 

v 135.935 -1 -22.6855
vt 4.67604 0.0787402
vn 0.866025 2.62938e-15 0.5
v 135.935 -3 -22.6855
vt 4.67604 8.7443e-16
vt 4.69248 8.7443e-16
vt 4.69248 0.0787402
f 2003/4629/563 2004/4630/563 2002/4631/562 2001/4632/562 

v 135.775 -1 -22.2996
vt 3.47433 0.0787402
vn 0.965926 8.22115e-15 0.258819
v 135.775 -3 -22.2996
vt 3.47433 -2.53669e-14
vt 3.49077 -2.53669e-14
vt 3.49077 0.0787402
f 2005/4633/564 2006/4634/564 2004/4635/563 2003/4636/563 

vt 2.03529 0.0787402
vt 2.03529 -6.3071e-14
vt 2.05174 -6.3071e-14
vt 2.05174 0.0787402
f 1961/4637/543 1932/4638/543 2006/4639/564 2005/4640/564 

v 135.775 -3 -37.9926
vt -5.98507 1.89933
vt -5.98507 1.28149
f 1932/4464/75 2007/4641/75 2006/4642/75

v 135.721 -3 -38.4067
vt -5.98292 1.91563
f 2007/4641/75 1932/4464/75 2008/4643/75

f 1932/4464/75 1898/4462/75 2008/4643/75

vt -5.98507 2.55068
f 1899/4644/75 2008/4643/75 1898/4462/75

v 135.775 -3 -38.8209
vt -5.98507 1.93193
f 2008/4643/75 1899/4644/75 2009/4645/75

vt -5.99136 2.53549
f 2009/4645/75 1899/4644/75 1900/4646/75

v 135.935 -3 -39.2067
vt -5.99136 1.94713
f 2009/4645/75 1900/4646/75 2010/4647/75

vt -6.00137 2.52244
f 2010/4647/75 1900/4646/75 1901/4648/75

v 136.189 -3 -39.5381
vt -6.00137 1.96017
f 2010/4647/75 1901/4648/75 2011/4649/75

vt -6.01442 2.51243
f 2011/4649/75 1901/4648/75 1902/4650/75

v 136.521 -3 -39.7924
vt -6.01442 1.97018
f 2011/4649/75 1902/4650/75 2012/4651/75

vt -6.02961 2.50614
f 2012/4651/75 1902/4650/75 1903/4652/75

v 136.907 -3 -39.9522
vt -6.02961 1.97648
f 2012/4651/75 1903/4652/75 2013/4653/75

vt -6.04591 2.50399
f 2013/4653/75 1903/4652/75 1904/4654/75

v 137.321 -3 -40.0067
vt -6.04591 1.97862
f 2013/4653/75 1904/4654/75 2014/4655/75

vt -6.06222 2.50614
f 2014/4655/75 1904/4654/75 1905/4656/75

v 137.735 -3 -39.9522
vt -6.06222 1.97648
f 2014/4655/75 1905/4656/75 2015/4657/75

vt -6.07741 2.51243
f 2015/4657/75 1905/4656/75 1906/4658/75

v 138.121 -3 -39.7924
vt -6.07741 1.97018
f 2015/4657/75 1906/4658/75 2016/4659/75

vt -6.09046 2.52244
f 2016/4659/75 1906/4658/75 1907/4660/75

v 138.452 -3 -39.5381
vt -6.09046 1.96017
f 2016/4659/75 1907/4660/75 2017/4661/75

vt -6.10047 2.53549
f 2017/4661/75 1907/4660/75 1908/4662/75

v 138.706 -3 -39.2067
vt -6.10047 1.94713
f 2017/4661/75 1908/4662/75 2018/4663/75

vt -6.10676 2.55068
f 2018/4663/75 1908/4662/75 1909/4664/75

v 138.866 -3 -38.8209
vt -6.10676 1.93193
f 2018/4663/75 1909/4664/75 2019/4665/75

vt -6.10891 2.56698
f 2019/4665/75 1909/4664/75 1910/4666/75

v 138.921 -3 -38.4067
vt -6.10891 1.91563
f 2019/4665/75 1910/4666/75 2020/4667/75

f 1910/4666/75 869/1855/75 2020/4667/75

v 138.921 -3 -73.9511
vt -6.10891 3.31502
f 2021/4668/75 869/1855/75 1910/4666/75

v 138.921 -3 -93.1525
vt -6.10891 4.07098
f 2022/4669/75 869/1855/75 2021/4668/75

v 138.866 -3 -93.5666
vt -6.10676 4.08728
f 2023/4670/75 869/1855/75 2022/4669/75

v 138.706 -3 -93.9525
vt -6.10047 4.10247
f 2024/4671/75 869/1855/75 2023/4670/75

v 141.389 -3 -113.67
vt -6.20608 4.87876
f 2024/4671/75 2025/4672/75 869/1855/75

v 138.452 -3 -94.2839
vt -6.09046 4.11552
f 2026/4673/75 2025/4672/75 2024/4671/75

v 138.121 -3 -94.5381
vt -6.07741 4.12553
f 2027/4674/75 2025/4672/75 2026/4673/75

v 137.735 -3 -94.698
vt -6.06222 4.13182
f 2028/4675/75 2025/4672/75 2027/4674/75

v 137.321 -3 -94.7525
vt -6.04591 4.13397
f 2029/4676/75 2025/4672/75 2028/4675/75

v 136.907 -3 -94.698
vt -6.02961 4.13182
f 2030/4677/75 2025/4672/75 2029/4676/75

v 136.521 -3 -94.5381
vt -6.01442 4.12553
f 2031/4678/75 2025/4672/75 2030/4677/75

v 136.189 -3 -94.2839
vt -6.00137 4.11552
f 2032/4679/75 2025/4672/75 2031/4678/75

v 135.935 -3 -93.9525
vt -5.99136 4.10247
f 2033/4680/75 2025/4672/75 2032/4679/75

v 135.775 -3 -93.5666
vt -5.98507 4.08728
f 2034/4681/75 2025/4672/75 2033/4680/75

v 104.138 -3 -21.8855
vt -4.73949 1.26519
f 2035/4682/75 2025/4672/75 2034/4681/75

v 104.138 -3 -38.4067
vt -4.73949 1.91563
f 2036/4683/75 2025/4672/75 2035/4682/75

v 141.589 -3 -114.153
vt -6.21394 4.89775
f 2036/4683/75 2037/4684/75 2025/4672/75

v 104.138 -3 -54.9511
vt -4.73949 2.56698
f 2038/4685/75 2037/4684/75 2036/4683/75

v 104.138 -3 -73.9511
vt -4.73949 3.31502
f 2039/4686/75 2037/4684/75 2038/4685/75

v 141.906 -3 -114.567
vt -6.22646 4.91405
f 2039/4686/75 2040/4687/75 2037/4684/75

f 836/1822/75 2040/4687/75 2039/4686/75

f 836/1822/75 837/1823/75 2040/4687/75

vt 7.95182 0.11811
vt 7.93127 0.11811
vt 7.93127 7.77156e-16
vt 7.95182 7.77156e-16
f 226/4688/130 953/4689/1 2040/4690/1 837/4691/130 

vt 7.68901 0.11811
v 141.589 0 -114.153
vt 7.66845 0.11811
vt 7.66845 7.77156e-16
vt 7.68901 7.77156e-16
f 953/4692/1 2041/4693/2 2037/4694/2 2040/4695/1 

v 138.321 2.35367e-14 -110.001
vt 6.08528 4.73431
vt 6.21394 4.89775
f 953/1964/3 2042/4696/3 2041/4697/3

v 136.724 2.35367e-14 -109.791
vt 6.02243 4.72603
f 953/1964/3 2043/4698/3 2042/4696/3

v 135.236 2.35367e-14 -109.175
vt 5.96386 4.70177
f 953/1964/3 2044/4699/3 2043/4698/3

f 953/1964/3 943/1954/3 2044/4699/3

vt -7.5937 0.11811
vn -0.5 2.75601e-18 -0.866025
vt -7.5303 0.11811
vn -0.707107 2.75601e-18 -0.707107
v 133.959 6.37327 -108.194
vt -7.5303 0.369026
v 135.236 6.37327 -109.175
vt -7.5937 0.369026
f 2044/4700/565 943/4701/566 2045/4702/566 2046/4703/565 

vt -7.29949 0.11811
vt -7.2361 0.11811
v 132.979 6.37327 -106.917
vt -7.2361 0.369026
vt -7.29949 0.369026
f 943/4704/566 939/4705/4 2047/4706/4 2045/4707/566 

vt -6.51 0.11811
vt -6.4466 0.11811
vn -0.965926 2.57746e-32 -0.258819
v 132.362 6.37327 -105.429
vt -6.4466 0.369026
vt -6.51 0.369026
f 939/4708/4 938/4709/567 2048/4710/567 2047/4711/4 

vt -5.27902 0.11811
vt -5.21562 0.11811
vn -1 5.15492e-32 -0
v 132.152 6.37327 -103.833
vt -5.21562 0.369026
vt -5.27902 0.369026
f 938/4712/567 932/4713/568 2049/4714/568 2048/4715/567 

vt -3.69044 0.11811
vt -3.62704 0.11811
vn -0.965926 2.57746e-32 0.258819
v 132.362 6.37327 -102.236
vt -3.62704 0.369026
vt -3.69044 0.369026
f 932/4716/568 931/4717/569 2050/4718/569 2049/4719/568 

vt -1.85252 0.11811
vt -1.78912 0.11811
vn -0.866025 -2.11476e-18 0.5
v 132.979 6.37327 -100.748
vt -1.78912 0.369026
vt -1.85252 0.369026
f 931/4720/569 929/4721/570 2051/4722/570 2050/4723/569 

vt 0.109479 0.11811
vt 0.172876 0.11811
vn -0.707107 -2.11476e-18 0.707107
v 133.959 6.37327 -99.4708
vt 0.172876 0.369026
vt 0.109479 0.369026
f 929/4724/570 925/4725/571 2052/4726/571 2051/4727/570 

vt 2.06186 0.11811
vt 2.12526 0.11811
vn -0.5 1.2021e-31 0.866025
v 135.236 6.37327 -98.4905
vt 2.12526 0.369026
vt 2.06186 0.369026
f 925/4728/571 921/4729/572 2053/4730/572 2052/4731/571 

vt 3.87157 0.11811
vt 3.93496 0.11811
vn -0.258819 -2.57746e-32 0.965926
v 136.724 6.37327 -97.8743
vt 3.93496 0.369026
vt 3.87157 0.369026
f 921/4732/572 917/4733/573 2054/4734/573 2053/4735/572 

vt 5.41527 0.11811
vt 5.47867 0.11811
vn 0 -5.15492e-32 1
v 138.321 6.37327 -97.6641
vt 5.47867 0.369026
vt 5.41527 0.369026
f 917/4736/573 914/4737/574 2055/4738/574 2054/4739/573 

vt 6.58778 0.11811
vt 6.65118 0.11811
vn 0.258819 -1.16992e-31 0.965926
v 139.917 6.37327 -97.8743
vt 6.65118 0.369026
vt 6.58778 0.369026
f 914/4740/574 909/4741/575 2056/4742/575 2055/4743/574 

vt 7.30918 0.11811
vt 7.37257 0.11811
vn 0.5 2.75601e-18 0.866025
v 141.405 6.37327 -98.4905
vt 7.37257 0.369026
vt 7.30918 0.369026
f 909/4744/575 905/4745/576 2057/4746/576 2056/4747/575 

vt 7.5303 0.11811
v 142.682 2.35367e-14 -99.4708
vt 7.5937 0.11811
vn 0.707107 2.75601e-18 0.707107
v 142.682 6.37327 -99.4708
vt 7.5937 0.369026
vt 7.5303 0.369026
f 905/4748/576 2058/4749/577 2059/4750/577 2057/4751/576 

v 141.589 0 2.25027
vt 6.21394 0.314961
vt 6.25701 4.31973
f 905/1915/3 2060/4752/3 2058/4753/3

f 905/1915/3 904/1916/3 2060/4752/3

vt 2.66896 0.11811
vt 2.6484 0.11811
vt 2.6484 6.38378e-16
vt 2.66896 6.38378e-16
f 2060/4754/2 904/4755/135 867/4756/135 864/4757/2 

v 141.906 0 1.83606
vt 4.05324 0.11811
vt 4.03268 0.11811
vt 4.03268 6.38378e-16
vt 4.05324 6.38378e-16
f 2061/4758/1 2060/4759/2 864/4760/2 862/4761/1 

vt 6.22646 0.331268
f 2058/4753/3 2060/4752/3 2061/4762/3

v 142.321 0 1.51822
vt 6.24276 0.343782
f 2058/4753/3 2061/4762/3 2062/4763/3

vt 5.162 0.11811
vt 5.14144 0.11811
vt 5.14144 6.38378e-16
vt 5.162 6.38378e-16
f 2062/4764/130 2061/4765/1 862/4766/1 860/4767/130 

v 142.803 0 1.31842
vt 5.91968 0.11811
vt 5.89912 0.11811
vt 5.89912 6.38378e-16
vt 5.91968 6.38378e-16
f 2063/4768/145 2062/4769/130 860/4770/130 859/4771/145 

vt 6.26176 0.351648
f 2058/4753/3 2062/4763/3 2063/4772/3

v 143.663 2.35367e-14 -100.748
vt 6.2956 4.37003
f 2058/4753/3 2063/4772/3 2064/4773/3

v 143.321 0 1.25027
vt 6.28213 0.354331
f 2064/4773/3 2063/4772/3 2065/4774/3

vt 6.27464 0.11811
vn 3.49938e-16 0 1
vt 6.25408 0.11811
vt 6.25408 6.38378e-16
vt 6.27464 6.38378e-16
f 2065/4775/578 2063/4776/145 859/4777/145 856/4778/578 

v 143.838 0 1.31842
vt 6.2027 0.11811
vt 6.18214 0.11811
vt 6.18214 6.38378e-16
vt 6.2027 6.38378e-16
f 2066/4779/136 2065/4780/578 856/4781/578 855/4782/136 

vt 6.30251 0.351648
f 2064/4773/3 2065/4774/3 2066/4783/3

v 144.279 2.35367e-14 -102.236
vt 6.31986 4.4286
f 2064/4773/3 2066/4783/3 2067/4784/3

v 144.321 0 1.51822
vt 6.3215 0.343782
f 2067/4784/3 2066/4783/3 2068/4785/3

vt 5.70875 0.11811
vt 5.68819 0.11811
vt 5.68819 6.38378e-16
vt 5.70875 6.38378e-16
f 2068/4786/253 2066/4787/136 855/4788/136 852/4789/253 

v 144.735 0 1.83606
vt 4.82646 0.11811
vt 4.80591 0.11811
vt 4.80591 6.38378e-16
vt 4.82646 6.38378e-16
f 2069/4790/258 2068/4791/253 852/4792/253 850/4793/258 

v 144.489 2.35367e-14 -103.833
vt 6.32814 4.49145
vt 6.33781 0.331268
f 2070/4794/3 2068/4785/3 2069/4795/3

f 2067/4784/3 2068/4785/3 2070/4794/3

vt 5.21562 0.11811
vn 0.965926 1.32939e-18 0.258819
vt 5.27902 0.11811
vn 1 5.15492e-32 -0
v 144.489 6.37327 -103.833
vt 5.27902 0.369026
v 144.279 6.37327 -102.236
vt 5.21562 0.369026
f 2067/4796/579 2070/4797/580 2071/4798/580 2072/4799/579 

vt 3.62704 0.11811
v 144.279 2.35367e-14 -105.429
vt 3.69044 0.11811
vn 0.965926 2.57746e-32 -0.258819
v 144.279 6.37327 -105.429
vt 3.69044 0.369026
vt 3.62704 0.369026
f 2070/4800/580 2073/4801/581 2074/4802/581 2071/4803/580 

v 144.321 0 -111.42
vt 6.3215 4.79019
vt 6.31986 4.55431
f 2075/4804/3 2073/4805/3 2070/4794/3

v 143.838 0 -111.221
vt 6.30251 4.78232
f 2076/4806/3 2073/4805/3 2075/4804/3

v 143.663 2.35367e-14 -106.917
vt 6.2956 4.61288
f 2076/4806/3 2077/4807/3 2073/4805/3

v 143.321 0 -111.153
vt 6.28213 4.77964
f 2078/4808/3 2077/4807/3 2076/4806/3

v 142.803 0 -111.221
vt 6.26176 4.78232
f 2079/4809/3 2077/4807/3 2078/4808/3

v 142.682 2.35367e-14 -108.194
vt 6.25701 4.66318
f 2079/4809/3 2080/4810/3 2077/4807/3

v 142.321 0 -111.42
vt 6.24276 4.79019
f 2081/4811/3 2080/4810/3 2079/4809/3

v 141.906 0 -111.738
vt 6.22646 4.8027
f 2082/4812/3 2080/4810/3 2081/4811/3

v 141.589 0 -112.153
vt 6.21394 4.81901
f 2083/4813/3 2080/4810/3 2082/4812/3

v 141.405 2.35367e-14 -109.175
vt 6.20671 4.70177
f 2083/4813/3 2084/4814/3 2080/4810/3

v 141.389 0 -112.635
vt 6.20608 4.838
f 2085/4815/3 2084/4814/3 2083/4813/3

v 141.321 0 -113.153
vt 6.20339 4.85838
f 2086/4816/3 2084/4814/3 2085/4815/3

v 139.917 2.35367e-14 -109.791
vt 6.14814 4.72603
f 2084/4814/3 2086/4816/3 2087/4817/3

v 141.389 0 -113.67
vt 6.20608 4.87876
f 2088/4818/3 2087/4817/3 2086/4816/3

f 2088/4818/3 2042/4696/3 2087/4817/3

f 2041/4697/3 2042/4696/3 2088/4818/3

vt 6.9029 0.11811
vt 6.88235 0.11811
vt 6.88235 7.77156e-16
vt 6.9029 7.77156e-16
f 2041/4819/2 2088/4820/135 2025/4821/135 2037/4822/2 

vt 5.64707 0.11811
vt 5.62652 0.11811
vn 1 0 -2.14302e-14
vt 5.62652 7.77156e-16
vt 5.64707 7.77156e-16
f 2088/4823/135 2086/4824/582 869/4825/582 2025/4826/135 

vt 4.00711 0.11811
vt 3.98655 0.11811
vt 3.98655 7.77156e-16
vt 4.00711 7.77156e-16
f 2086/4827/582 2085/4828/131 866/4829/131 869/4830/582 

vt 2.09476 0.11811
vt 2.07421 0.11811
vt 2.07421 7.77156e-16
vt 2.09476 7.77156e-16
f 2085/4831/131 2083/4832/132 865/4833/132 866/4834/131 

vt 0.0403657 0.11811
vt 0.0198104 0.11811
vt 0.0198104 7.77156e-16
vt 0.0403657 7.77156e-16
f 2083/4835/132 2082/4836/133 863/4837/133 865/4838/132 

vt -2.01608 0.11811
vt -2.03664 0.11811
vt -2.03664 7.77156e-16
vt -2.01608 7.77156e-16
f 2082/4839/133 2081/4840/134 861/4841/134 863/4842/133 

vt -3.93444 0.11811
vt -3.95499 0.11811
vt -3.95499 7.77156e-16
vt -3.93444 7.77156e-16
f 2081/4843/134 2079/4844/129 858/4845/129 861/4846/134 

vt -5.58397 0.11811
vt -5.60452 0.11811
vn -2.14302e-14 0 -1
vt -5.60452 7.77156e-16
vt -5.58397 7.77156e-16
f 2079/4847/129 2078/4848/583 857/4849/583 858/4850/129 

vt -6.85226 0.11811
vt -6.87281 0.11811
vt -6.87281 7.77156e-16
vt -6.85226 7.77156e-16
f 2078/4851/583 2076/4852/126 854/4853/126 857/4854/583 

vt -7.65288 0.11811
vt -7.67343 0.11811
vt -7.67343 7.77156e-16
vt -7.65288 7.77156e-16
f 2076/4855/126 2075/4856/127 853/4857/127 854/4858/126 

vt -7.93127 0.11811
v 144.735 0 -111.738
vt -7.95182 0.11811
vt -7.95182 7.77156e-16
vt -7.93127 7.77156e-16
f 2075/4859/127 2089/4860/128 851/4861/128 853/4862/127 

vt 6.33781 4.8027
f 2075/4804/3 2070/4794/3 2089/4863/3

f 2089/4863/3 2070/4794/3 2069/4795/3

v 145.053 0 2.25027
vt 6.35033 0.314961
f 2089/4863/3 2069/4795/3 2090/4864/3

vt 3.61596 0.11811
vt 3.5954 0.11811
vt 3.5954 6.38378e-16
vt 3.61596 6.38378e-16
f 2090/4865/257 2069/4866/258 850/4867/258 848/4868/257 

v 145.253 0 2.73263
vt 2.15973 0.11811
vt 2.13918 0.11811
vt 2.13918 6.38378e-16
vt 2.15973 6.38378e-16
f 2091/4869/256 2090/4870/257 848/4871/257 847/4872/256 

v 145.053 0 -112.153
vt 6.35033 4.81901
vt 6.35819 0.29597
f 2092/4873/3 2090/4864/3 2091/4874/3

f 2089/4863/3 2090/4864/3 2092/4873/3

vt -7.66845 0.11811
vt -7.68901 0.11811
vt -7.68901 7.77156e-16
vt -7.66845 7.77156e-16
f 2089/4875/128 2092/4876/4 849/4877/4 851/4878/128 

vt -6.88235 0.11811
v 145.253 0 -112.635
vt -6.9029 0.11811
vt -6.9029 7.77156e-16
vt -6.88235 7.77156e-16
f 2092/4879/4 2093/4880/254 846/4881/254 849/4882/4 

vt 6.35819 4.838
f 2092/4873/3 2091/4874/3 2093/4883/3

f 2093/4883/3 2091/4874/3 217/428/3

vt 0.557028 0.11811
vn -1 0 -6.99877e-17
vt 0.536473 0.11811
vt 0.536473 6.38378e-16
vt 0.557028 6.38378e-16
f 217/4884/584 2091/4885/256 847/4886/256 606/4887/584 

vt -1.08294 0.11811
vt -1.10349 0.11811
vt -1.10349 6.38378e-16
vt -1.08294 6.38378e-16
f 216/4888/254 217/4889/584 606/4890/584 607/4891/254 

vt -2.6484 0.11811
vt -2.66896 0.11811
vt -2.66896 6.38378e-16
vt -2.6484 6.38378e-16
f 215/4892/4 216/4893/254 607/4894/254 608/4895/4 

vt -4.03268 0.11811
vt -4.05324 0.11811
vt -4.05324 6.38378e-16
vt -4.03268 6.38378e-16
f 214/4896/128 215/4897/4 608/4898/4 609/4899/128 

vt -5.14144 0.11811
vt -5.162 0.11811
vt -5.162 6.38378e-16
vt -5.14144 6.38378e-16
f 213/4900/127 214/4901/128 609/4902/128 610/4903/127 

vt -5.89912 0.11811
vt -5.91968 0.11811
vt -5.91968 6.38378e-16
vt -5.89912 6.38378e-16
f 212/4904/126 213/4905/127 610/4906/127 611/4907/126 

vt -6.25408 0.11811
vn -1.39975e-17 0 -1
vt -6.27464 0.11811
vt -6.27464 6.38378e-16
vt -6.25408 6.38378e-16
f 211/4908/585 212/4909/126 611/4910/126 612/4911/585 

vt -6.18214 0.11811
vt -6.2027 0.11811
vt -6.2027 6.38378e-16
vt -6.18214 6.38378e-16
f 210/4912/129 211/4913/585 612/4914/585 613/4915/129 

vt -5.68819 0.11811
vt -5.70875 0.11811
vt -5.70875 6.38378e-16
vt -5.68819 6.38378e-16
f 209/4916/134 210/4917/129 613/4918/129 614/4919/134 

f 2093/4883/3 217/428/3 218/429/3

vt -5.62652 0.11811
vt -5.64707 0.11811
vn -1 0 2.14302e-14
vt -5.64707 7.77156e-16
vt -5.62652 7.77156e-16
f 2093/4920/254 218/4921/586 845/4922/586 846/4923/254 

vt -3.98655 0.11811
vt -4.00711 0.11811
vt -4.00711 7.77156e-16
vt -3.98655 7.77156e-16
f 218/4924/586 219/4925/256 844/4926/256 845/4927/586 

vt -2.07421 0.11811
vt -2.09476 0.11811
vt -2.09476 7.77156e-16
vt -2.07421 7.77156e-16
f 219/4928/256 220/4929/257 843/4930/257 844/4931/256 

vt -0.0198104 0.11811
vt -0.0403657 0.11811
vt -0.0403657 7.77156e-16
vt -0.0198104 7.77156e-16
f 220/4932/257 221/4933/258 842/4934/258 843/4935/257 

vt 2.03664 0.11811
vt 2.01608 0.11811
vt 2.01608 7.77156e-16
vt 2.03664 7.77156e-16
f 221/4936/258 222/4937/253 841/4938/253 842/4939/258 

vt 3.95499 0.11811
vt 3.93444 0.11811
vt 3.93444 7.77156e-16
vt 3.95499 7.77156e-16
f 222/4940/253 223/4941/136 840/4942/136 841/4943/253 

vt 5.60452 0.11811
vt 5.58397 0.11811
vt 5.58397 7.77156e-16
vt 5.60452 7.77156e-16
f 223/4944/136 224/4945/137 839/4946/137 840/4947/136 

vt 6.87281 0.11811
vt 6.85226 0.11811
vt 6.85226 7.77156e-16
vt 6.87281 7.77156e-16
f 224/4948/137 225/4949/145 838/4950/145 839/4951/137 

vt 7.67343 0.11811
vt 7.65288 0.11811
vt 7.65288 7.77156e-16
vt 7.67343 7.77156e-16
f 225/4952/145 226/4953/130 837/4954/130 838/4955/145 

vt -5.47867 0.11811
vn 0.258819 -1.70003e-31 -0.965926
vt -5.41527 0.11811
vn 0 -3.91555e-31 -1
v 138.321 6.37327 -110.001
vt -5.41527 0.369026
v 139.917 6.37327 -109.791
vt -5.47867 0.369026
f 2087/4956/587 2042/4957/588 2094/4958/588 2095/4959/587 

vt -6.65118 0.11811
vt -6.58778 0.11811
vn -0.258819 -2.21552e-31 -0.965926
v 136.724 6.37327 -109.791
vt -6.58778 0.369026
vt -6.65118 0.369026
f 2042/4960/588 2043/4961/589 2096/4962/589 2094/4963/588 

vt -7.37257 0.11811
vt -7.30918 0.11811
vt -7.30918 0.369026
vt -7.37257 0.369026
f 2043/4964/589 2044/4965/565 2046/4966/565 2096/4967/589 

v 135.37 6.37327 -104.623
vt 5.96913 4.52258
f 2046/4699/3 2097/4968/3 2096/4698/3

v 135.266 6.37327 -103.833
vt 5.96504 4.49145
f 2097/4968/3 2046/4699/3 2098/4969/3

f 2046/4699/3 2053/1932/3 2098/4969/3

f 2045/1954/3 2053/1932/3 2046/4699/3

f 2045/1954/3 2052/1936/3 2053/1932/3

f 2047/1950/3 2052/1936/3 2045/1954/3

f 2047/1950/3 2051/1940/3 2052/1936/3

f 2048/1949/3 2051/1940/3 2047/1950/3

f 2048/1949/3 2050/1942/3 2051/1940/3

f 2050/1942/3 2048/1949/3 2049/1943/3

v 135.37 6.37327 -103.042
vt 5.96913 4.46033
f 2098/4969/3 2053/1932/3 2099/4970/3

f 2099/4970/3 2053/1932/3 2054/1928/3

v 135.676 6.37327 -102.305
vt 5.98115 4.43133
f 2099/4970/3 2054/1928/3 2100/4971/3

v 136.161 6.37327 -101.673
vt 6.00026 4.40642
f 2100/4971/3 2054/1928/3 2101/4972/3

v 136.794 6.37327 -101.188
vt 6.02516 4.38731
f 2101/4972/3 2054/1928/3 2102/4973/3

f 2102/4973/3 2054/1928/3 2055/1925/3

v 137.53 6.37327 -100.882
vt 6.05416 4.3753
f 2102/4973/3 2055/1925/3 2103/4974/3

v 138.321 6.37327 -100.778
vt 6.08528 4.3712
f 2103/4974/3 2055/1925/3 2104/4975/3

v 139.111 6.37327 -100.882
vt 6.11641 4.3753
f 2104/4975/3 2055/1925/3 2105/4976/3

f 2105/4976/3 2055/1925/3 2056/1920/3

v 139.848 6.37327 -101.188
vt 6.14541 4.38731
f 2105/4976/3 2056/1920/3 2106/4977/3

v 140.48 6.37327 -101.673
vt 6.17031 4.40642
f 2106/4977/3 2056/1920/3 2107/4978/3

f 2107/4978/3 2056/1920/3 2057/1915/3

v 140.966 6.37327 -102.305
vt 6.18942 4.43133
f 2107/4978/3 2057/1915/3 2108/4979/3

v 141.271 6.37327 -103.042
vt 6.20144 4.46033
f 2108/4979/3 2057/1915/3 2109/4980/3

v 141.375 6.37327 -103.833
vt 6.20553 4.49145
f 2109/4980/3 2057/1915/3 2110/4981/3

v 141.405 6.37327 -109.175
f 2111/4814/3 2110/4981/3 2057/1915/3

v 141.271 6.37327 -104.623
vt 6.20144 4.52258
f 2111/4814/3 2112/4982/3 2110/4981/3

v 140.966 6.37327 -105.36
vt 6.18942 4.55158
f 2111/4814/3 2113/4983/3 2112/4982/3

v 140.48 6.37327 -105.992
vt 6.17031 4.57648
f 2111/4814/3 2114/4984/3 2113/4983/3

f 2095/4817/3 2114/4984/3 2111/4814/3

v 139.848 6.37327 -106.478
vt 6.14541 4.59559
f 2095/4817/3 2115/4985/3 2114/4984/3

v 139.111 6.37327 -106.783
vt 6.11641 4.6076
f 2095/4817/3 2116/4986/3 2115/4985/3

f 2094/4696/3 2116/4986/3 2095/4817/3

v 138.321 6.37327 -106.887
vt 6.08528 4.6117
f 2094/4696/3 2117/4987/3 2116/4986/3

v 137.53 6.37327 -106.783
vt 6.05416 4.6076
f 2094/4696/3 2118/4988/3 2117/4987/3

v 136.794 6.37327 -106.478
vt 6.02516 4.59559
f 2094/4696/3 2119/4989/3 2118/4988/3

f 2096/4698/3 2119/4989/3 2094/4696/3

v 136.161 6.37327 -105.992
vt 6.00026 4.57648
f 2096/4698/3 2120/4990/3 2119/4989/3

v 135.676 6.37327 -105.36
vt 5.98115 4.55158
f 2096/4698/3 2121/4991/3 2120/4990/3

f 2096/4698/3 2097/4968/3 2121/4991/3

vt 6.49399 -2.41478
vt 6.4626 -2.41478
v 135.858 5.87327 -104.493
vt 6.46519 -2.44262
v 136.112 5.87327 -105.108
vt 6.4914 -2.44262
f 2121/4992/172 2097/4993/172 2122/4994/172 2123/4995/172 

vt 5.26301 -3.50635
vt 5.23162 -3.50635
v 135.771 5.87327 -103.833
vt 5.23421 -3.53419
vt 5.26042 -3.53419
f 2097/4996/173 2098/4997/173 2124/4998/173 2122/4999/173 

vt 3.67443 -4.33543
vt 3.64304 -4.33543
v 135.858 5.87327 -103.173
vt 3.64563 -4.36327
vt 3.67184 -4.36327
f 2098/5000/156 2099/5001/156 2125/5002/156 2124/5003/156 

vt 1.83652 -4.84554
vt 1.80513 -4.84554
v 136.112 5.87327 -102.558
vt 1.80772 -4.87338
vt 1.83393 -4.87338
f 2099/5004/157 2100/5005/157 2126/5006/157 2125/5007/157 

vt -0.125482 -5.0019
vt -0.156873 -5.0019
v 136.518 5.87327 -102.03
vt -0.154281 -5.02974
vt -0.128073 -5.02974
f 2100/5008/158 2101/5009/158 2127/5010/158 2126/5011/158 

vt -2.07786 -4.79387
vt -2.10925 -4.79387
v 137.046 5.87327 -101.624
vt -2.10666 -4.8217
vt -2.08045 -4.8217
f 2101/5012/159 2102/5013/159 2128/5014/159 2127/5015/159 

vt -3.88757 -4.23561
vt -3.91896 -4.23561
v 137.661 5.87327 -101.37
vt -3.91637 -4.26345
vt -3.89016 -4.26345
f 2102/5016/252 2103/5017/252 2129/5018/252 2128/5019/252 

vt -5.43128 -3.36517
vt -5.46267 -3.36517
v 138.321 5.87327 -101.283
vt -5.46008 -3.39301
vt -5.43387 -3.39301
f 2103/5020/147 2104/5021/147 2130/5022/147 2129/5023/147 

vt -6.60378 -2.24188
vt -6.63517 -2.24188
v 138.981 5.87327 -101.37
vt -6.63258 -2.26972
vt -6.60637 -2.26972
f 2104/5024/164 2105/5025/164 2131/5026/164 2130/5027/164 

vt -7.32518 -0.942274
vt -7.35657 -0.942274
v 139.596 5.87327 -101.624
vt -7.35398 -0.970113
vt -7.32777 -0.970113
f 2105/5028/149 2106/5029/149 2132/5030/149 2131/5031/149 

vt -7.54631 0.44507
vt -7.5777 0.44507
v 140.124 5.87327 -102.03
vt -7.57511 0.417231
vt -7.5489 0.417231
f 2106/5032/150 2107/5033/150 2133/5034/150 2132/5035/150 

vt -7.2521 1.82561
vt -7.28349 1.82561
v 140.529 5.87327 -102.558
vt -7.2809 1.79777
vt -7.25469 1.79777
f 2107/5036/151 2108/5037/151 2134/5038/151 2133/5039/151 

vt -6.4626 3.10527
vt -6.49399 3.10527
v 140.784 5.87327 -103.173
vt -6.4914 3.07743
vt -6.46519 3.07743
f 2108/5040/152 2109/5041/152 2135/5042/152 2134/5043/152 

vt -5.23162 4.19683
vt -5.26301 4.19683
v 140.871 5.87327 -103.833
vt -5.26042 4.16899
vt -5.23421 4.16899
f 2109/5044/153 2110/5045/153 2136/5046/153 2135/5047/153 

vt -3.64304 5.02592
vt -3.67443 5.02592
v 140.784 5.87327 -104.493
vt -3.67184 4.99808
vt -3.64563 4.99808
f 2110/5048/162 2112/5049/162 2137/5050/162 2136/5051/162 

vt -1.80513 5.53602
vt -1.83652 5.53602
v 140.529 5.87327 -105.108
vt -1.83393 5.50819
vt -1.80772 5.50819
f 2112/5052/371 2113/5053/371 2138/5054/371 2137/5055/371 

vt 0.156873 5.69239
vt 0.125482 5.69239
v 140.124 5.87327 -105.636
vt 0.128073 5.66455
vt 0.154281 5.66455
f 2113/5056/308 2114/5057/308 2139/5058/308 2138/5059/308 

vt 2.10925 5.48435
vt 2.07786 5.48435
v 139.596 5.87327 -106.041
vt 2.08045 5.45651
vt 2.10666 5.45651
f 2114/5060/138 2115/5061/138 2140/5062/138 2139/5063/138 

vt 3.91896 4.92609
vt 3.88757 4.92609
v 138.981 5.87327 -106.296
vt 3.89016 4.89825
vt 3.91637 4.89825
f 2115/5064/309 2116/5065/309 2141/5066/309 2140/5067/309 

vt 5.46267 4.05566
vt 5.43128 4.05566
v 138.321 5.87327 -106.383
vt 5.43387 4.02782
vt 5.46008 4.02782
f 2116/5068/140 2117/5069/140 2142/5070/140 2141/5071/140 

vt 6.63517 2.93236
vt 6.60378 2.93236
v 137.661 5.87327 -106.296
vt 6.60637 2.90452
vt 6.63258 2.90452
f 2117/5072/141 2118/5073/141 2143/5074/141 2142/5075/141 

vt 7.35657 1.63276
vt 7.32518 1.63276
v 137.046 5.87327 -106.041
vt 7.32777 1.60492
vt 7.35398 1.60492
f 2118/5076/142 2119/5077/142 2144/5078/142 2143/5079/142 

vt 7.5777 0.245415
vt 7.54631 0.245415
v 136.518 5.87327 -105.636
vt 7.5489 0.217576
vt 7.57511 0.217576
f 2119/5080/143 2120/5081/143 2145/5082/143 2144/5083/143 

vt 7.28349 -1.13513
vt 7.2521 -1.13513
vt 7.25469 -1.16297
vt 7.2809 -1.16297
f 2120/5084/369 2121/5085/369 2123/5086/369 2145/5087/369 

vt 7.25469 0.349341
vn 0.866025 7.51389e-15 0.5
v 136.112 3.27327 -105.108
vt 7.25469 0.246979
v 136.518 3.27327 -105.636
vt 7.2809 0.246979
vn 0.707107 6.13348e-15 0.707107
vt 7.2809 0.349341
f 2123/5088/590 2146/5089/590 2147/5090/591 2145/5091/591 

vt 6.46519 0.349341
vn 0.965926 6.21158e-15 0.258819
v 135.858 3.27327 -104.493
vt 6.46519 0.246979
vt 6.4914 0.246979
vt 6.4914 0.349341
f 2122/5092/592 2148/5093/592 2146/5094/590 2123/5095/590 

vt 5.23421 0.349341
vn 1 4.62354e-15 1.09181e-15
v 135.771 3.27327 -103.833
vt 5.23421 0.246979
vt 5.26042 0.246979
vt 5.26042 0.349341
f 2124/5096/593 2149/5097/593 2148/5098/592 2122/5099/592 

vt 3.64563 0.349341
vn 0.965926 7.3357e-15 -0.258819
v 135.858 3.27327 -103.173
vt 3.64563 0.246979
vt 3.67184 0.246979
vt 3.67184 0.349341
f 2125/5100/594 2150/5101/594 2149/5102/593 2124/5103/593 

vt 1.80772 0.349341
vn 0.866025 8.35262e-15 -0.5
v 136.112 3.27327 -102.558
vt 1.80772 0.246979
vt 1.83393 0.246979
vt 1.83393 0.349341
f 2126/5104/595 2151/5105/595 2150/5106/594 2125/5107/594 

vt -0.154281 0.349341
vn 0.707107 6.13348e-15 -0.707107
v 136.518 3.27327 -102.03
vt -0.154281 0.246979
vt -0.128073 0.246979
vt -0.128073 0.349341
f 2127/5108/596 2152/5109/596 2151/5110/595 2126/5111/595 

vt -2.10666 0.349341
vn 0.5 4.50885e-15 -0.866025
v 137.046 3.27327 -101.624
vt -2.10666 0.246979
vt -2.08045 0.246979
vt -2.08045 0.349341
f 2128/5112/597 2153/5113/597 2152/5114/596 2127/5115/596 

vt -3.91637 0.349341
vn 0.258819 4.30122e-15 -0.965926
v 137.661 3.27327 -101.37
vt -3.91637 0.246979
vt -3.89016 0.246979
vt -3.89016 0.349341
f 2129/5116/598 2154/5117/598 2153/5118/597 2128/5119/597 

vt -5.46008 0.349341
vn 1.10581e-15 4.05207e-15 -1
v 138.321 3.27327 -101.283
vt -5.46008 0.246979
vt -5.43387 0.246979
vt -5.43387 0.349341
f 2130/5120/599 2155/5121/599 2154/5122/598 2129/5123/598 

vt -6.63258 0.349341
vn -0.258819 9.32169e-16 -0.965926
v 138.981 3.27327 -101.37
vt -6.63258 0.246979
vt -6.60637 0.246979
vt -6.60637 0.349341
f 2131/5124/600 2156/5125/600 2155/5126/599 2130/5127/599 

vt -7.35398 0.349341
vn -0.5 -3.33071e-15 -0.866025
v 139.596 3.27327 -101.624
vt -7.35398 0.246979
vt -7.32777 0.246979
vt -7.32777 0.349341
f 2132/5128/601 2157/5129/601 2156/5130/600 2131/5131/600 

vt -7.57511 0.349341
vn -0.707107 -6.13665e-15 -0.707107
v 140.124 3.27327 -102.03
vt -7.57511 0.246979
vt -7.5489 0.246979
vt -7.5489 0.349341
f 2133/5132/602 2158/5133/602 2157/5134/601 2132/5135/601 

vt -7.2809 0.349341
vn -0.866025 -6.67516e-15 -0.5
v 140.529 3.27327 -102.558
vt -7.2809 0.246979
vt -7.25469 0.246979
vt -7.25469 0.349341
f 2134/5136/603 2159/5137/603 2158/5138/602 2133/5139/602 

vt -6.4914 0.349341
vn -0.965926 -7.25718e-15 -0.258819
v 140.784 3.27327 -103.173
vt -6.4914 0.246979
vt -6.46519 0.246979
vt -6.46519 0.349341
f 2135/5140/604 2160/5141/604 2159/5142/603 2134/5143/603 

vt -5.26042 0.349341
vn -1 -8.39219e-15 1.09181e-15
v 140.871 3.27327 -103.833
vt -5.26042 0.246979
vt -5.23421 0.246979
vt -5.23421 0.349341
f 2136/5144/605 2161/5145/605 2160/5146/604 2135/5147/604 

vt -3.67184 0.349341
vn -0.965926 -8.3813e-15 0.258819
v 140.784 3.27327 -104.493
vt -3.67184 0.246979
vt -3.64563 0.246979
vt -3.64563 0.349341
f 2137/5148/606 2162/5149/606 2161/5150/605 2136/5151/605 

vt -1.83393 0.349341
vn -0.866025 -7.51389e-15 0.5
v 140.529 3.27327 -105.108
vt -1.83393 0.246979
vt -1.80772 0.246979
vt -1.80772 0.349341
f 2138/5152/607 2163/5153/607 2162/5154/606 2137/5155/606 

vt 0.128073 0.349341
vn -0.707107 -6.13348e-15 0.707107
v 140.124 3.27327 -105.636
vt 0.128073 0.246979
vt 0.154281 0.246979
vt 0.154281 0.349341
f 2139/5156/608 2164/5157/608 2163/5158/607 2138/5159/607 

vt 2.08045 0.349341
vn -0.5 -4.33756e-15 0.866025
v 139.596 3.27327 -106.041
vt 2.08045 0.246979
vt 2.10666 0.246979
vt 2.10666 0.349341
f 2140/5160/609 2165/5161/609 2164/5162/608 2139/5163/608 

vt 3.89016 0.349341
vn -0.258819 -2.24625e-15 0.965926
v 138.981 3.27327 -106.296
vt 3.89016 0.246979
vt 3.91637 0.246979
vt 3.91637 0.349341
f 2141/5164/610 2166/5165/610 2165/5166/609 2140/5167/609 

vt 5.43387 0.349341
vn 1.10581e-15 -2.85394e-16 1
v 138.321 3.27327 -106.383
vt 5.43387 0.246979
vt 5.46008 0.246979
vt 5.46008 0.349341
f 2142/5168/611 2167/5169/611 2166/5170/610 2141/5171/610 

vt 6.60637 0.349341
vn 0.258819 1.12412e-15 0.965926
v 137.661 3.27327 -106.296
vt 6.60637 0.246979
vt 6.63258 0.246979
vt 6.63258 0.349341
f 2143/5172/612 2168/5173/612 2167/5174/611 2142/5175/611 

vt 7.32777 0.349341
vn 0.5 3.50082e-15 0.866025
v 137.046 3.27327 -106.041
vt 7.32777 0.246979
vt 7.35398 0.246979
vt 7.35398 0.349341
f 2144/5176/613 2169/5177/613 2168/5178/612 2143/5179/612 

vt 7.5489 0.349341
vt 7.5489 0.246979
vt 7.57511 0.246979
vt 7.57511 0.349341
f 2145/5180/591 2147/5181/591 2169/5182/613 2144/5183/613 

vt 6.11127 4.58843
vt 6.08528 4.59185
vt 6.0593 4.58843
vt 6.03509 4.5784
vt 6.0143 4.56244
vt 5.99834 4.54165
vt 5.98831 4.51744
vt 5.98489 4.49145
vt 5.98831 4.46547
vt 5.99834 4.44126
vt 6.0143 4.42046
vt 6.03509 4.40451
vt 6.0593 4.39448
vt 6.08528 4.39106
vt 6.11127 4.39448
vt 6.13548 4.40451
vt 6.15627 4.42046
vt 6.17223 4.44126
vt 6.18226 4.46547
vt 6.18568 4.49145
vt 6.18226 4.51744
vt 6.17223 4.54165
vt 6.15627 4.56244
vt 6.13548 4.5784
f 2166/5184/3 2167/5185/3 2168/5186/3 2169/5187/3 2147/5188/3 2146/5189/3 2148/5190/3 2149/5191/3 2150/5192/3 2151/5193/3 2152/5194/3 2153/5195/3 2154/5196/3 2155/5197/3 2156/5198/3 2157/5199/3 2158/5200/3 2159/5201/3 2160/5202/3 2161/5203/3 2162/5204/3 2163/5205/3 2164/5206/3 2165/5207/3 

vt -3.93496 0.11811
vt -3.87157 0.11811
vt -3.87157 0.369026
vt -3.93496 0.369026
f 2084/5208/134 2087/5209/587 2095/5210/587 2111/5211/134 

vt -2.12526 0.11811
vn 0.707107 -2.75601e-18 -0.707107
vt -2.06186 0.11811
vt -2.06186 0.369026
v 142.682 6.37327 -108.194
vt -2.12526 0.369026
f 2080/5212/614 2084/5213/134 2111/5214/134 2170/5215/614 

f 2111/4814/3 2059/4753/3 2170/4810/3

f 2111/4814/3 2057/1915/3 2059/4753/3

v 143.663 6.37327 -100.748
f 2170/4810/3 2059/4753/3 2171/4773/3

vt 7.2361 0.11811
vt 7.29949 0.11811
vn 0.866025 1.32939e-18 0.5
vt 7.29949 0.369026
vt 7.2361 0.369026
f 2058/5216/577 2064/5217/615 2171/5218/615 2059/5219/577 

vt 6.4466 0.11811
vt 6.51 0.11811
vt 6.51 0.369026
vt 6.4466 0.369026
f 2064/5220/615 2067/5221/579 2072/5222/579 2171/5223/615 

v 143.663 6.37327 -106.917
f 2172/4807/3 2171/4773/3 2072/4784/3

f 2170/4810/3 2171/4773/3 2172/4807/3

vt -0.172876 0.11811
vn 0.866025 -2.75601e-18 -0.5
vt -0.109479 0.11811
vt -0.109479 0.369026
vt -0.172876 0.369026
f 2077/5224/616 2080/5225/614 2170/5226/614 2172/5227/616 

vt 1.78912 0.11811
vt 1.85252 0.11811
vt 1.85252 0.369026
vt 1.78912 0.369026
f 2073/5228/581 2077/5229/616 2172/5230/616 2074/5231/581 

f 2172/4807/3 2072/4784/3 2074/4805/3

f 2074/4805/3 2072/4784/3 2071/4794/3

v 104.083 -3 -74.3652
vt -4.73735 3.33132
f 2173/5232/75 836/1822/75 2039/4686/75

vt -4.73735 4.05467
f 2173/5232/75 1692/5233/75 836/1822/75

v 103.923 -3 -74.7511
vt -4.73105 3.34651
f 2174/5234/75 1692/5233/75 2173/5232/75

vt -4.73105 4.03948
f 2174/5234/75 1690/5235/75 1692/5233/75

v 103.669 -3 -75.0825
vt -4.72104 3.35956
f 2175/5236/75 1690/5235/75 2174/5234/75

vt -4.72104 4.02643
f 2175/5236/75 1688/5237/75 1690/5235/75

v 103.338 -3 -75.3368
vt -4.708 3.36957
f 2176/5238/75 1688/5237/75 2175/5236/75

vt -4.708 4.01642
f 2176/5238/75 1686/5239/75 1688/5237/75

v 102.952 -3 -75.4966
vt -4.6928 3.37586
f 2177/5240/75 1686/5239/75 2176/5238/75

vt -4.6928 4.01013
f 2177/5240/75 1684/5241/75 1686/5239/75

v 102.538 -3 -75.5511
vt -4.6765 3.37801
f 2178/5242/75 1684/5241/75 2177/5240/75

vt -4.6765 4.00798
f 2178/5242/75 1682/5243/75 1684/5241/75

v 102.123 -3 -75.4966
vt -4.6602 3.37586
f 2179/5244/75 1682/5243/75 2178/5242/75

vt -4.6602 4.01013
f 2179/5244/75 1680/5245/75 1682/5243/75

v 101.738 -3 -75.3368
vt -4.645 3.36957
f 2180/5246/75 1680/5245/75 2179/5244/75

vt -4.645 4.01642
f 2180/5246/75 1678/5247/75 1680/5245/75

v 101.406 -3 -75.0825
vt -4.63196 3.35956
f 2181/5248/75 1678/5247/75 2180/5246/75

vt -4.63196 4.02643
f 2181/5248/75 1676/5249/75 1678/5247/75

v 101.152 -3 -74.7511
vt -4.62195 3.34651
f 2182/5250/75 1676/5249/75 2181/5248/75

vt -4.62195 4.03948
f 2182/5250/75 1674/5251/75 1676/5249/75

v 100.992 -3 -74.3652
vt -4.61565 3.33132
f 2183/5252/75 1674/5251/75 2182/5250/75

vt -4.61565 4.05467
f 2183/5252/75 1672/5253/75 1674/5251/75

v 100.938 -3 -73.9511
vt -4.61351 3.31502
f 2184/5254/75 1672/5253/75 2183/5252/75

vt -4.61351 4.07098
f 1672/5253/75 2184/5254/75 1670/5255/75

v 100.938 -3 -21.8855
vt -4.61351 1.26519
f 2185/5256/75 1670/5255/75 2184/5254/75

v 72.1462 -3 -54.9511
vt -3.47999 2.56698
f 2185/5256/75 2186/5257/75 1670/5255/75

v 100.992 -3 -21.4714
vt -4.61565 1.24888
f 2187/5258/75 2186/5257/75 2185/5256/75

v 101.152 -3 -21.0855
vt -4.62195 1.23369
f 2188/5259/75 2186/5257/75 2187/5258/75

v 101.406 -3 -20.7541
vt -4.63196 1.22065
f 2189/5260/75 2186/5257/75 2188/5259/75

v 72.0573 -3 -54.276
vt -3.47649 2.5404
f 2189/5260/75 2190/5261/75 2186/5257/75

v 71.7967 -3 -53.6468
vt -3.46623 2.51563
f 2189/5260/75 2191/5262/75 2190/5261/75

v 71.3822 -3 -53.1065
vt -3.44991 2.49436
f 2189/5260/75 2192/5263/75 2191/5262/75

f 2189/5260/75 627/1225/75 2192/5263/75

f 626/1224/75 627/1225/75 2189/5260/75

v 101.738 -1 -20.4999
vt -2.94814 0.0787402
vn 0.5 1.04604e-32 -0.866025
vt -2.94814 8.88178e-16
vt -2.9317 8.88178e-16
vn 0.707107 3.44555e-33 -0.707107
v 101.406 -1 -20.7541
vt -2.9317 0.0787402
f 2193/5264/617 626/5265/617 2189/5266/618 2194/5267/618 

v 102.123 -1 -20.34
vt -3.84458 0.0787402
vn 0.258819 -1.3302e-31 -0.965926
vt -3.84458 8.88178e-16
vt -3.82813 8.88178e-16
vt -3.82813 0.0787402
f 2195/5268/619 625/5269/619 626/5270/617 2193/5271/617 

v 102.538 -1 -20.2855
vt -4.47957 0.0787402
vn 1.39975e-17 -6.61276e-33 -1
vt -4.47957 8.88178e-16
vt -4.46313 8.88178e-16
vt -4.46313 0.0787402
f 2196/5272/620 624/5273/620 625/5274/619 2195/5275/619 

v 102.952 -1 -20.34
vt -4.80985 0.0787402
vn -0.258819 -2.03692e-18 -0.965926
v 102.952 -3 -20.34
vt -4.80985 8.88178e-16
vt -4.79341 8.88178e-16
vt -4.79341 0.0787402
f 2197/5276/621 2198/5277/621 624/5278/620 2196/5279/620 

v 103.338 -1 -20.4999
vt -4.81291 0.0787402
vn -0.5 -2.03692e-18 -0.866025
v 103.338 -3 -20.4999
vt -4.81291 8.85419e-16
vt -4.79647 8.85419e-16
vt -4.79647 0.0787402
f 2199/5280/622 2200/5281/622 2198/5282/621 2197/5283/621 

v 103.669 -1 -20.7541
vt -4.48854 0.0787402
v 103.669 -3 -20.7541
vt -4.48854 8.88178e-16
vt -4.47209 8.88178e-16
vt -4.47209 0.0787402
f 2201/5284/475 2202/5285/475 2200/5286/622 2199/5287/622 

v 103.923 -1 -21.0855
vt -3.85884 0.0787402
v 103.923 -3 -21.0855
vt -3.85884 8.98592e-16
vt -3.84239 8.98592e-16
vt -3.84239 0.0787402
f 2203/5288/476 2204/5289/476 2202/5290/475 2201/5291/475 

v 104.083 -1 -21.4714
vt -2.96672 0.0787402
vn -0.965926 -8.17913e-33 -0.258819
v 104.083 -3 -21.4714
vt -2.96672 8.88178e-16
vt -2.95028 8.88178e-16
vt -2.95028 0.0787402
f 2205/5292/623 2206/5293/623 2204/5294/476 2203/5295/476 

v 104.138 -1 -21.8855
vt -1.87299 0.0787402
vn -1 -1.10421e-46 -8.81845e-16
vt -1.87299 8.88178e-16
vt -1.85655 8.88178e-16
vt -1.85655 0.0787402
f 2207/5296/624 2035/5297/624 2206/5298/623 2205/5299/623 

v 104.083 -1 -22.2996
vt -0.65218 0.0787402
vn -0.965926 8.17913e-33 0.258819
v 104.083 -3 -22.2996
vt -0.65218 8.88178e-16
vt -0.635736 8.88178e-16
vt -0.635736 0.0787402
f 2208/5300/625 2209/5301/625 2035/5302/624 2207/5303/624 

v 103.923 -1 -22.6855
vt 0.612516 0.0787402
v 103.923 -3 -22.6855
vt 0.612516 8.88178e-16
vt 0.62896 8.88178e-16
vt 0.62896 0.0787402
f 2210/5304/479 2211/5305/479 2209/5306/625 2208/5307/625 

v 103.669 -1 -23.0169
vt 1.83491 0.0787402
v 103.669 -3 -23.0169
vt 1.83491 8.72422e-16
vt 1.85135 8.72422e-16
vt 1.85135 0.0787402
f 2212/5308/337 2213/5309/337 2211/5310/479 2210/5311/479 

v 103.338 -1 -23.2711
vt 2.9317 0.0787402
vn -0.5 -2.03692e-18 0.866025
v 103.338 -3 -23.2711
vt 2.9317 8.88178e-16
vt 2.94814 8.88178e-16
vt 2.94814 0.0787402
f 2214/5312/626 2215/5313/626 2213/5314/337 2212/5315/337 

v 102.952 -1 -23.431
vt 3.82813 0.0787402
vn -0.258819 -2.03692e-18 0.965926
v 102.952 -3 -23.431
vt 3.82813 8.75977e-16
vt 3.84458 8.75977e-16
vt 3.84458 0.0787402
f 2216/5316/627 2217/5317/627 2215/5318/626 2214/5319/626 

v 102.538 -1 -23.4855
vt 4.46313 0.0787402
vn 0 -1.30866e-31 1
v 102.538 -3 -23.4855
vt 4.46313 8.88178e-16
vt 4.47957 8.88178e-16
vt 4.47957 0.0787402
f 2218/5320/628 2219/5321/628 2217/5322/627 2216/5323/627 

v 102.123 -1 -23.431
vt 4.79341 0.0787402
v 102.123 -3 -23.431
vt 4.79341 8.88178e-16
vt 4.80985 8.88178e-16
vt 4.80985 0.0787402
f 2220/5324/242 2221/5325/242 2219/5326/628 2218/5327/628 

v 101.738 -1 -23.2711
vt 4.79647 0.0787402
v 101.738 -3 -23.2711
vt 4.79647 8.85924e-16
vt 4.81291 8.85924e-16
vt 4.81291 0.0787402
f 2222/5328/243 2223/5329/243 2221/5330/242 2220/5331/242 

v 101.406 -1 -23.0169
vt 4.47209 0.0787402
vn 0.707107 3.63008e-31 0.707107
v 101.406 -3 -23.0169
vt 4.47209 8.88178e-16
vt 4.48854 8.88178e-16
vt 4.48854 0.0787402
f 2224/5332/629 2225/5333/629 2223/5334/243 2222/5335/243 

vt 3.84239 0.0787402
vn 0.866025 3.92279e-31 0.5
v 101.152 -3 -22.6855
vt 3.84239 8.88178e-16
vt 3.85884 8.88178e-16
vt 3.85884 0.0787402
f 1710/5336/630 2226/5337/630 2225/5338/629 2224/5339/629 

vt 2.95028 0.0787402
vn 0.965926 2.3975e-31 0.258819
v 100.992 -3 -22.2996
vt 2.95028 8.88178e-16
vt 2.96672 8.88178e-16
vt 2.96672 0.0787402
f 1709/5340/631 2227/5341/631 2226/5342/630 1710/5343/630 

vt 1.85655 0.0787402
vn 1 8.17913e-33 -4.47921e-16
vt 1.85655 8.88178e-16
vt 1.87299 8.88178e-16
vt 1.87299 0.0787402
f 1711/5344/632 2185/5345/632 2227/5346/631 1709/5347/631 

vt 0.635736 0.0787402
vn 0.965926 -2.55551e-31 -0.258819
vt 0.635736 8.88178e-16
vt 0.65218 8.88178e-16
vt 0.65218 0.0787402
f 1713/5348/633 2187/5349/633 2185/5350/632 1711/5351/632 

v 101.152 -1 -21.0855
vt -0.62896 0.0787402
vn 0.866025 -4.54406e-31 -0.5
vt -0.62896 8.88178e-16
vt -0.612516 8.88178e-16
vt -0.612516 0.0787402
f 2228/5352/634 2188/5353/634 2187/5354/633 1713/5355/633 

vt -1.85135 0.0787402
vt -1.85135 8.88178e-16
vt -1.83491 8.88178e-16
vt -1.83491 0.0787402
f 2194/5356/618 2189/5357/618 2188/5358/634 2228/5359/634 

vt -1.82901 -3.01254
v 100.693 0 -20.0409
vt -1.85654 -3.01254
vt -1.85135 -3.06822
vt -1.83491 -3.06822
f 1714/5360/158 2229/5361/158 2194/5362/158 2228/5363/158 

vt 4.60388 1.19257
f 1714/3994/3 1715/3995/3 2229/5364/3

v 101.233 0 -19.6264
vt 4.62515 1.17625
f 1715/3995/3 2230/5365/3 2229/5364/3

v 101.297 0 -4.12333
vt 4.62764 0.56589
f 2230/5365/3 1715/3995/3 2231/5366/3

vt -1.58388 0.11811
vn -0.93735 0 -0.34839
vt -1.55305 0.11811
vt -1.55305 0.314961
v 101.297 5 -4.12333
vt -1.58388 0.314961
f 2231/5367/635 1715/5368/487 1717/5369/487 2232/5370/635 

f 1716/1981/3 2232/5366/3 1717/3995/3

f 2232/5366/3 1716/1981/3 1718/1982/3

v 101.663 5 -4.81553
vt 4.64206 0.593142
f 2232/5366/3 1718/1982/3 2233/5371/3

f 2233/5371/3 1718/1982/3 1719/1985/3

v 102.196 5 -5.38933
vt 4.66305 0.615732
f 2233/5371/3 1719/1985/3 2234/5372/3

f 2234/5372/3 1719/1985/3 1720/1987/3

v 102.859 5 -5.80563
vt 4.68916 0.632122
f 2234/5372/3 1720/1987/3 2235/5373/3

f 2235/5373/3 1720/1987/3 1721/1997/3

v 103.608 5 -6.03605
vt 4.71863 0.641194
f 2235/5373/3 1721/1997/3 2236/5374/3

v 103.509 5 -3.07816
vt 4.71473 0.524741
f 2236/5374/3 1721/1997/3 2237/5375/3

f 1723/4020/3 2237/5375/3 1721/1997/3

v 103.529 5 -2.92287
vt 4.71553 0.518628
f 2237/5375/3 1723/4020/3 2238/5376/3

v 103.589 5 -2.77816
vt 4.71789 0.51293
f 2238/5376/3 1723/4020/3 2239/5377/3

v 103.684 5 -2.6539
vt 4.72165 0.508038
f 2239/5377/3 1723/4020/3 2240/5378/3

v 103.809 5 -2.55854
vt 4.72654 0.504284
f 2240/5378/3 1723/4020/3 2241/5379/3

v 103.953 5 -2.4986
vt 4.73224 0.501924
f 2241/5379/3 1723/4020/3 2242/5380/3

v 104.609 5 -0.120268
f 2242/5380/3 1723/4020/3 2243/4021/3

vt 4.73905 0.11811
vt 4.76988 0.11811
vn 0.16696 0 0.985964
vt 4.76988 0.314961
vt 4.73905 0.314961
f 1722/5381/493 1724/5382/636 2243/5383/636 1723/5384/493 

vt 4.66759 0.11811
vt 4.69842 0.11811
vn 0.416457 0 0.909155
v 105.358 5 -0.350693
vt 4.69842 0.314961
vt 4.66759 0.314961
f 1724/5385/636 1725/5386/637 2244/5387/637 2243/5388/636 

vt 4.27699 0.11811
vt 4.30782 0.11811
vn 0.637573 0 0.77039
v 106.021 5 -0.76699
vt 4.30782 0.314961
vt 4.27699 0.314961
f 1725/5389/637 1726/5390/638 2245/5391/638 2244/5392/637 

vt 3.59387 0.11811
vt 3.6247 0.11811
vn 0.81524 0 0.579123
v 106.554 5 -1.34079
vt 3.6247 0.314961
vt 3.59387 0.314961
f 1726/5393/638 1727/5394/639 2246/5395/639 2245/5396/638 

vt 2.66478 0.11811
vt 2.69562 0.11811
vn 0.93735 0 0.34839
v 106.921 5 -2.03299
vt 2.69562 0.314961
vt 2.66478 0.314961
f 1727/5397/639 1728/5398/640 2247/5399/640 2246/5400/639 

vt 1.55305 0.11811
vt 1.58388 0.11811
vn 0.99558 0 0.0939153
v 107.095 5 -2.79641
vt 1.58388 0.314961
vt 1.55305 0.314961
f 1728/5401/640 1729/5402/641 2248/5403/641 2247/5404/640 

vt 0.33442 0.11811
v 107.066 0 -3.57904
vt 0.365253 0.11811
vn 0.985964 0 -0.16696
v 107.066 5 -3.57904
vt 0.365253 0.314961
vt 0.33442 0.314961
f 1729/5405/641 2249/5406/642 2250/5407/642 2248/5408/641 

vt 4.8548 0.544461
f 950/1961/3 2249/5409/3 1729/4026/3

v 107.006 0 -84.2054
vt 4.85244 3.71873
f 2251/5410/3 2249/5409/3 950/1961/3

v 106.836 0 -4.32753
vt 4.84573 0.573929
f 2251/5410/3 2252/5411/3 2249/5409/3

v 106.707 0 -83.4818
vt 4.84064 3.69024
f 2253/5412/3 2252/5411/3 2251/5410/3

v 106.42 0 -4.99088
vt 4.82934 0.600045
f 2253/5412/3 2254/5413/3 2252/5411/3

v 106.23 0 -82.8605
vt 4.82187 3.66578
f 2255/5414/3 2254/5413/3 2253/5412/3

v 105.846 0 -5.52388
vt 4.80675 0.62103
f 2255/5414/3 2256/5415/3 2254/5413/3

v 105.609 0 -82.3838
vt 4.79741 3.64701
f 2257/5416/3 2256/5415/3 2255/5414/3

v 105.155 0 -74.0174
vt 4.77955 3.31762
f 2258/5417/3 2256/5415/3 2257/5416/3

v 105.154 0 -5.89021
vt 4.7795 0.635452
f 2258/5417/3 2259/5418/3 2256/5415/3

v 105.146 0 -54.9511
vt 4.7792 2.56698
f 2258/5417/3 2260/5419/3 2259/5418/3

v 105.057 0 -73.276
vt 4.7757 3.28843
f 2261/5420/3 2260/5419/3 2258/5417/3

v 105.057 0 -55.6263
vt 4.7757 2.59356
f 2261/5420/3 2262/5421/3 2260/5419/3

v 104.797 0 -56.2554
vt 4.76544 2.61833
f 2261/5420/3 2263/5422/3 2262/5421/3

v 104.797 0 -72.6468
vt 4.76544 3.26366
f 2264/5423/3 2263/5422/3 2261/5420/3

v 104.382 0 -56.7957
vt 4.74912 2.6396
f 2264/5423/3 2265/5424/3 2263/5422/3

v 104.364 0 -72.0824
vt 4.74839 3.24144
f 2266/5425/3 2265/5424/3 2264/5423/3

v 103.87 0 -71.7038
vt 4.72897 3.22654
f 2267/5426/3 2265/5424/3 2266/5425/3

v 103.842 0 -57.2103
vt 4.72785 2.65593
f 2267/5426/3 2268/5427/3 2265/5424/3

v 103.213 0 -57.4709
vt 4.70308 2.66619
f 2267/5426/3 2269/5428/3 2268/5427/3

v 103.213 0 -71.4314
vt 4.70308 3.21581
f 2270/5429/3 2269/5428/3 2267/5426/3

v 102.538 0 -57.5597
vt 4.6765 2.66969
f 2270/5429/3 2271/5430/3 2269/5428/3

v 102.538 0 -71.3425
vt 4.6765 3.21231
f 2272/5431/3 2271/5430/3 2270/5429/3

v 101.862 0 -71.4314
vt 4.64992 3.21581
f 2273/5432/3 2271/5430/3 2272/5431/3

v 101.862 0 -57.4709
vt 4.64992 2.66619
f 2273/5432/3 2274/5433/3 2271/5430/3

v 101.233 0 -57.2103
vt 4.62515 2.65593
f 2273/5432/3 2275/5434/3 2274/5433/3

v 101.233 0 -71.692
vt 4.62515 3.22607
f 2276/5435/3 2275/5434/3 2273/5432/3

v 100.693 0 -56.7957
vt 4.60388 2.6396
f 2276/5435/3 2277/5436/3 2275/5434/3

v 100.693 0 -72.1065
vt 4.60388 3.24239
f 2278/5437/3 2277/5436/3 2276/5435/3

v 100.278 0 -72.6468
vt 4.58756 3.26366
f 2279/5438/3 2277/5436/3 2278/5437/3

v 100.278 0 -56.2554
vt 4.58756 2.61833
f 2279/5438/3 2280/5439/3 2277/5436/3

v 100.018 0 -73.276
vt 4.5773 3.28843
f 2281/5440/3 2280/5439/3 2279/5438/3

v 100.018 0 -55.6263
vt 4.5773 2.59356
f 2281/5440/3 2282/5441/3 2280/5439/3

f 1703/3975/3 2282/5441/3 2281/5440/3

f 2282/5441/3 1703/3975/3 1704/3976/3

vt 3.16883 -2.88606
vt 3.14202 -2.88606
v 100.938 -1 -54.9511
vt 3.14721 -2.94173
v 100.992 -1 -55.3652
vt 3.16365 -2.94173
f 2282/5442/173 1704/5443/173 2283/5444/173 2284/5445/173 

vt 1.94802 -3.3599
v 100.018 0 -54.276
vt 1.92121 -3.3599
v 100.992 -1 -54.537
vt 1.92639 -3.41558
vt 1.94284 -3.41558
f 1704/5446/156 2285/5447/156 2286/5448/156 2283/5449/156 

v 100.018 0 -39.0819
vt 4.5773 1.94221
vt 4.5773 2.5404
f 1704/3976/3 2287/5450/3 2285/5451/3

f 2287/5450/3 1704/3976/3 1705/3977/3

vt 2.52305 -2.94617
vt 2.49624 -2.94617
v 100.938 -1 -38.4067
vt 2.50143 -3.00185
v 100.992 -1 -38.8209
vt 2.51787 -3.00185
f 2287/5452/173 1705/5453/173 2288/5454/173 2289/5455/173 

vt 1.30224 -3.29978
vt 1.27543 -3.29978
v 100.992 -1 -37.9926
vt 1.28061 -3.35546
vt 1.29706 -3.35546
f 1705/5456/156 1707/5457/156 2290/5458/156 2288/5459/156 

vt -0.00640197 -3.41792
v 100.278 0 -37.1024
vt -0.0332126 -3.41792
v 101.152 -1 -37.6067
vt -0.0280294 -3.4736
vt -0.0115851 -3.4736
f 1707/5460/157 2291/5461/157 2292/5462/157 2290/5463/157 

vt 4.58756 1.86428
f 1707/3979/3 1708/3980/3 2291/5464/3

v 100.693 0 -36.5622
vt 4.60388 1.84301
f 2291/5464/3 1708/3980/3 2293/5465/3

v 100.693 0 -23.7301
vt 4.60388 1.33781
f 2293/5465/3 1708/3980/3 2294/5466/3

vt 3.86402 -1.92332
vt 3.83721 -1.92332
vt 3.84239 -1.979
vt 3.85884 -1.979
f 2294/5467/369 1708/5468/369 1710/5469/369 2224/5470/369 

v 101.196 0 -24.1158
vt 4.49185 -1.14777
vt 4.46691 -1.14777
vt 4.47209 -1.20345
vt 4.48854 -1.20345
f 2295/5471/143 2294/5472/143 2224/5473/143 2222/5474/143 

vt 4.62367 1.35299
f 2293/5465/3 2294/5466/3 2295/5475/3

v 101.233 0 -36.1476
vt 4.62515 1.82669
f 2293/5465/3 2295/5475/3 2296/5476/3

v 101.91 0 -24.4115
vt 4.6518 1.36464
f 2296/5476/3 2295/5475/3 2297/5477/3

vt 4.81305 -0.335452
vn 0.272193 0.702704 0.657357
vt 4.82005 -0.280119
vn 0.272123 0.702678 0.657414
vt 4.78961 -0.280119
f 2220/5478/643 2297/5479/644 2295/5480/643

v 102.538 0 -24.4941
vt 4.81504 0.610864
vt 4.79012 0.610864
vt 4.79341 0.555186
vt 4.80985 0.555186
f 2298/5481/141 2297/5482/141 2220/5483/141 2218/5484/141 

v 102.538 0 -35.7981
vt 4.6765 1.81293
vt 4.6765 1.36789
f 2299/5485/3 2297/5477/3 2298/5486/3

v 101.862 0 -35.887
vt 4.64992 1.81643
f 2300/5487/3 2297/5477/3 2299/5485/3

f 2296/5476/3 2297/5477/3 2300/5487/3

vt -3.57404 -2.36138
vt -3.60085 -2.36138
v 102.123 -1 -36.8613
vt -3.59567 -2.41706
v 101.738 -1 -37.0211
vt -3.57922 -2.41706
f 2296/5488/252 2300/5489/252 2301/5490/252 2302/5491/252 

vt -4.37305 -1.61907
vt -4.39986 -1.61907
v 102.538 -1 -36.8067
vt -4.39467 -1.67475
vt -4.37823 -1.67475
f 2300/5492/147 2299/5493/147 2303/5494/147 2301/5495/147 

vt -4.87313 -0.755828
v 103.213 0 -35.887
vt -4.89994 -0.755828
v 102.952 -1 -36.8613
vt -4.89475 -0.811506
vt -4.87831 -0.811506
f 2299/5496/164 2304/5497/164 2305/5498/164 2303/5499/164 

v 103.213 0 -24.4052
vt 4.70308 1.36439
vt 4.70308 1.81643
f 2299/5485/3 2306/5500/3 2304/5501/3

f 2299/5485/3 2298/5486/3 2306/5500/3

vt 4.48476 1.47411
vt 4.45795 1.47411
vt 4.46313 1.41843
vt 4.47957 1.41843
f 2306/5502/140 2298/5503/140 2218/5504/140 2216/5505/140 

v 103.852 0 -24.1406
vt 3.85018 2.24749
vt 3.82295 2.24749
vt 3.82813 2.19181
vt 3.84458 2.19181
f 2307/5506/309 2306/5507/309 2216/5508/309 2214/5509/309 

vt 4.72824 1.35397
f 2304/5501/3 2306/5500/3 2307/5510/3

v 103.842 0 -36.1476
vt 4.72785 1.82669
f 2304/5501/3 2307/5510/3 2308/5511/3

v 104.382 0 -36.5622
vt 4.74912 1.84301
f 2308/5511/3 2307/5510/3 2309/5512/3

v 104.376 0 -23.7385
vt 4.74887 1.33814
f 2309/5512/3 2307/5510/3 2310/5513/3

vt 2.95292 2.88208
vn -0.429872 0.708071 0.56022
vt 2.92692 2.88208
vt 2.9317 2.82633
vt 2.94814 2.82633
f 2310/5514/645 2307/5515/645 2214/5516/645 2212/5517/645 

v 104.797 0 -23.1898
vt 1.85654 3.32358
vt 1.82931 3.32358
vt 1.83491 3.2679
vt 1.85135 3.2679
f 2311/5518/308 2310/5519/308 2212/5520/308 2210/5521/308 

vt 4.76544 1.31654
f 2309/5512/3 2310/5513/3 2311/5522/3

v 104.797 0 -37.1024
vt 4.76544 1.86428
f 2309/5512/3 2311/5522/3 2312/5523/3

v 105.057 0 -22.5607
vt 4.7757 1.29177
f 2312/5523/3 2311/5522/3 2313/5524/3

vt 0.634143 3.55295
vt 0.607333 3.55295
vt 0.612516 3.49727
vt 0.62896 3.49727
f 2313/5525/371 2311/5526/371 2210/5527/371 2208/5528/371 

v 105.146 0 -21.8855
vt -0.630553 3.55078
vt -0.657364 3.55078
vt -0.65218 3.49511
vt -0.635736 3.49511
f 2314/5529/162 2313/5530/162 2208/5531/162 2207/5532/162 

v 105.057 0 -37.7316
vt 4.7757 1.88905
vt 4.7792 1.26519
f 2315/5533/3 2313/5524/3 2314/5534/3

f 2312/5523/3 2313/5524/3 2315/5533/3

vt -3.54603 2.69222
vt -3.57284 2.69222
v 104.083 -1 -37.9926
vt -3.56765 2.63654
v 103.923 -1 -37.6067
vt -3.55121 2.63654
f 2312/5535/152 2315/5536/152 2316/5537/152 2317/5538/152 

vt -2.49624 3.25721
v 105.146 0 -38.4067
vt -2.52305 3.25721
v 104.138 -1 -38.4067
vt -2.51787 3.20153
vt -2.50143 3.20153
f 2315/5539/153 2318/5540/153 2319/5541/153 2316/5542/153 

vt 4.7792 1.91563
f 2315/5533/3 2314/5534/3 2318/5543/3

f 2314/5534/3 2259/5418/3 2318/5543/3

v 105.057 0 -21.2103
vt 4.7757 1.23861
f 2320/5544/3 2259/5418/3 2314/5534/3

v 104.797 0 -20.5812
vt 4.76544 1.21384
f 2321/5545/3 2259/5418/3 2320/5544/3

v 104.39 0 -6.0649
vt 4.74944 0.64233
f 2321/5545/3 2322/5546/3 2259/5418/3

v 104.382 0 -20.0409
vt 4.74912 1.19257
f 2323/5547/3 2322/5546/3 2321/5545/3

v 103.842 0 -19.6264
vt 4.72785 1.17625
f 2324/5548/3 2322/5546/3 2323/5547/3

v 103.608 0 -6.03605
f 2324/5548/3 2325/5374/3 2322/5546/3

v 103.213 0 -19.3658
vt 4.70308 1.16599
f 2326/5549/3 2325/5374/3 2324/5548/3

v 102.859 0 -5.80563
f 2326/5549/3 2327/5373/3 2325/5374/3

v 102.538 0 -19.2769
vt 4.6765 1.16249
f 2328/5550/3 2327/5373/3 2326/5549/3

v 102.196 0 -5.38933
f 2328/5550/3 2329/5372/3 2327/5373/3

v 101.862 0 -19.3658
vt 4.64992 1.16599
f 2330/5551/3 2329/5372/3 2328/5550/3

v 101.663 0 -4.81553
f 2330/5551/3 2331/5371/3 2329/5372/3

f 2330/5551/3 2231/5366/3 2331/5371/3

f 2230/5365/3 2231/5366/3 2330/5551/3

vt -3.82295 -1.93646
vt -3.84976 -1.93646
vt -3.84458 -1.99214
vt -3.82813 -1.99214
f 2230/5552/252 2330/5553/252 2195/5554/252 2193/5555/252 

vt -4.45795 -1.16308
vt -4.48476 -1.16308
vt -4.47957 -1.21875
vt -4.46313 -1.21875
f 2330/5556/147 2328/5557/147 2196/5558/147 2195/5559/147 

vt -4.78823 -0.299831
vt -4.81504 -0.299831
vt -4.80985 -0.355509
vt -4.79341 -0.355509
f 2328/5560/164 2326/5561/164 2197/5562/164 2196/5563/164 

vt -4.79128 0.594444
vt -4.81809 0.594444
vt -4.81291 0.538767
vt -4.79647 0.538767
f 2326/5564/149 2324/5565/149 2199/5566/149 2197/5567/149 

vt -4.46691 1.45881
vt -4.49372 1.45881
vt -4.48854 1.40313
vt -4.47209 1.40313
f 2324/5568/150 2323/5569/150 2201/5570/150 2199/5571/150 

vt -3.83721 2.23435
vt -3.86402 2.23435
vt -3.85884 2.17868
vt -3.84239 2.17868
f 2323/5572/151 2321/5573/151 2203/5574/151 2201/5575/151 

vt -2.9451 2.86823
vt -2.97191 2.86823
vt -2.96672 2.81255
vt -2.95028 2.81255
f 2321/5576/152 2320/5577/152 2205/5578/152 2203/5579/152 

vt -1.85136 3.31724
vt -1.87818 3.31724
vt -1.87299 3.26156
vt -1.85655 3.26156
f 2320/5580/153 2314/5581/153 2207/5582/153 2205/5583/153 

vt -2.92651 -2.56728
vt -2.95332 -2.56728
vt -2.94814 -2.62296
vt -2.9317 -2.62296
f 2229/5584/159 2230/5585/159 2193/5586/159 2194/5587/159 

vt -2.69562 0.11811
vn -0.81524 0 -0.579123
vt -2.66478 0.11811
vt -2.66478 0.314961
vt -2.69562 0.314961
f 2331/5588/646 2231/5589/635 2232/5590/635 2233/5591/646 

vt -3.6247 0.11811
vn -0.637573 0 -0.77039
vt -3.59387 0.11811
vt -3.59387 0.314961
vt -3.6247 0.314961
f 2329/5592/647 2331/5593/646 2233/5594/646 2234/5595/647 

vt -4.30782 0.11811
vn -0.416457 0 -0.909155
vt -4.27699 0.11811
vt -4.27699 0.314961
vt -4.30782 0.314961
f 2327/5596/648 2329/5597/647 2234/5598/647 2235/5599/648 

vt -4.69842 0.11811
vn -0.16696 0 -0.985964
vt -4.66759 0.11811
vt -4.66759 0.314961
vt -4.69842 0.314961
f 2325/5600/649 2327/5601/648 2235/5602/648 2236/5603/649 

vt -4.76988 0.11811
vn 0.0939153 0 -0.99558
vt -4.73905 0.11811
vt -4.73905 0.314961
v 104.39 5 -6.0649
vt -4.76988 0.314961
f 2322/5604/650 2325/5605/649 2236/5606/649 2332/5607/650 

v 103.684 5 -3.50242
vt 4.72165 0.541445
f 2236/5374/3 2333/5608/3 2332/5546/3

v 103.589 5 -3.37816
vt 4.71789 0.536552
f 2236/5374/3 2334/5609/3 2333/5608/3

v 103.529 5 -3.23345
vt 4.71553 0.530855
f 2236/5374/3 2335/5610/3 2334/5609/3

f 2236/5374/3 2237/5375/3 2335/5610/3

vt 1.14181 0.314961
vn 0.965926 4.01989e-31 0.258819
vt 1.13565 0.314961
vn 1 -1.9655e-45 1.39975e-16
v 103.509 1.06581e-14 -3.07816
vt 1.13565 0.11811
v 103.529 1.06581e-14 -3.23345
vt 1.14181 0.11811
f 2335/5611/651 2237/5612/652 2336/5613/652 2337/5614/651 

vt -0.0951435 0.314961
vt -0.10131 0.314961
vn 0.965926 -4.01989e-31 -0.258819
v 103.529 1.06581e-14 -2.92287
vt -0.10131 0.11811
vt -0.0951435 0.11811
f 2237/5615/652 2238/5616/653 2338/5617/653 2336/5618/652 

vt -1.32541 0.314961
vt -1.33157 0.314961
vn 0.866025 -7.76583e-31 -0.5
v 103.589 1.06581e-14 -2.77816
vt -1.33157 0.11811
vt -1.32541 0.11811
f 2238/5619/653 2239/5620/654 2339/5621/654 2338/5622/653 

vt -2.46514 0.314961
vt -2.4713 0.314961
vn 0.707107 -1.09825e-30 -0.707107
v 103.684 1.06581e-14 -2.6539
vt -2.4713 0.11811
vt -2.46514 0.11811
f 2239/5623/654 2240/5624/655 2340/5625/655 2339/5626/654 

vt -3.43666 0.314961
vt -3.44283 0.314961
vn 0.5 -1.34508e-30 -0.866025
v 103.809 1.06581e-14 -2.55854
vt -3.44283 0.11811
vt -3.43666 0.11811
f 2240/5627/655 2241/5628/656 2341/5629/656 2340/5630/655 

vt -4.17377 0.314961
vt -4.17994 0.314961
vn 0.258819 -1.50024e-30 -0.965926
v 103.953 1.06581e-14 -2.4986
vt -4.17994 0.11811
vt -4.17377 0.11811
f 2241/5631/656 2242/5632/657 2342/5633/657 2341/5634/656 

vt -4.62624 0.314961
v 104.109 5 -2.47816
vt -4.6324 0.314961
vn 0 -1.55317e-30 -1
v 104.109 1.06581e-14 -2.47816
vt -4.6324 0.11811
vt -4.62624 0.11811
f 2242/5635/657 2343/5636/658 2344/5637/658 2342/5638/657 

vt 4.73835 0.501119
f 2242/5380/3 2243/4021/3 2343/5639/3

v 104.264 5 -2.4986
vt 4.74447 0.501924
f 2343/5639/3 2243/4021/3 2345/5640/3

v 104.409 5 -2.55854
vt 4.75016 0.504284
f 2345/5640/3 2243/4021/3 2346/5641/3

v 104.533 5 -2.6539
vt 4.75505 0.508038
f 2346/5641/3 2243/4021/3 2347/5642/3

v 104.628 5 -2.77816
vt 4.75881 0.51293
f 2347/5642/3 2243/4021/3 2348/5643/3

f 2348/5643/3 2243/4021/3 2244/4022/3

v 104.688 5 -2.92287
vt 4.76117 0.518628
f 2348/5643/3 2244/4022/3 2349/5644/3

v 104.709 5 -3.07816
vt 4.76197 0.524741
f 2349/5644/3 2244/4022/3 2350/5645/3

v 105.154 5 -5.89021
f 2350/5645/3 2244/4022/3 2351/5418/3

v 105.846 5 -5.52388
f 2351/5418/3 2244/4022/3 2352/5415/3

f 2352/5415/3 2244/4022/3 2245/4023/3

v 106.42 5 -4.99088
f 2352/5415/3 2245/4023/3 2353/5413/3

f 2353/5413/3 2245/4023/3 2246/4024/3

v 106.836 5 -4.32753
f 2353/5413/3 2246/4024/3 2354/5411/3

f 2354/5411/3 2246/4024/3 2247/4025/3

f 2354/5411/3 2247/4025/3 2250/5409/3

f 2250/5409/3 2247/4025/3 2248/4026/3

vt -0.908047 0.11811
vt -0.877214 0.11811
vn 0.909155 0 -0.416457
vt -0.877214 0.314961
vt -0.908047 0.314961
f 2249/5646/642 2252/5647/659 2354/5648/659 2250/5649/642 

vt -2.08968 0.11811
vt -2.05885 0.11811
vn 0.77039 0 -0.637573
vt -2.05885 0.314961
vt -2.08968 0.314961
f 2252/5650/659 2254/5651/660 2353/5652/660 2354/5653/659 

vt -3.12996 0.11811
vt -3.09913 0.11811
vn 0.579123 0 -0.81524
vt -3.09913 0.314961
vt -3.12996 0.314961
f 2254/5654/660 2256/5655/661 2352/5656/661 2353/5657/660 

vt -3.95799 0.11811
vt -3.92715 0.11811
vn 0.34839 0 -0.93735
vt -3.92715 0.314961
vt -3.95799 0.314961
f 2256/5658/661 2259/5659/662 2351/5660/662 2352/5661/661 

vt -4.51733 0.11811
vt -4.4865 0.11811
vt -4.4865 0.314961
vt -4.51733 0.314961
f 2259/5662/662 2322/5663/650 2332/5664/650 2351/5665/662 

v 104.409 5 -3.59777
vt 4.75016 0.545199
f 2332/5546/3 2355/5666/3 2351/5418/3

v 104.264 5 -3.65771
vt 4.74447 0.547559
f 2332/5546/3 2356/5667/3 2355/5666/3

v 104.109 5 -3.67816
vt 4.73835 0.548363
f 2332/5546/3 2357/5668/3 2356/5667/3

v 103.953 5 -3.65771
vt 4.73224 0.547559
f 2332/5546/3 2358/5669/3 2357/5668/3

v 103.809 5 -3.59777
vt 4.72654 0.545199
f 2332/5546/3 2359/5670/3 2358/5669/3

f 2332/5546/3 2333/5608/3 2359/5670/3

vt 4.08171 0.314961
vn 0.5 1.34508e-30 0.866025
vt 4.07555 0.314961
vn 0.707107 1.09825e-30 0.707107
v 103.684 1.06581e-14 -3.50242
vt 4.07555 0.11811
v 103.809 1.06581e-14 -3.59777
vt 4.08171 0.11811
f 2359/5671/663 2333/5672/664 2360/5673/664 2361/5674/663 

vt 3.30391 0.314961
vt 3.29775 0.314961
vn 0.866025 7.76583e-31 0.5
v 103.589 1.06581e-14 -3.37816
vt 3.29775 0.11811
vt 3.30391 0.11811
f 2333/5675/664 2334/5676/665 2362/5677/665 2360/5678/664 

vt 2.30117 0.314961
vt 2.295 0.314961
vt 2.295 0.11811
vt 2.30117 0.11811
f 2334/5679/665 2335/5680/651 2337/5681/651 2362/5682/665 

v 104.688 1.06581e-14 -3.23345
vt 4.76117 0.530855
vn 2.17534e-45 1 -1.55317e-30
v 104.628 1.06581e-14 -3.37816
vt 4.75881 0.536552
v 104.533 1.06581e-14 -3.50242
vt 4.75505 0.541445
v 104.409 1.06581e-14 -3.59777
v 104.264 1.06581e-14 -3.65771
v 104.109 1.06581e-14 -3.67816
v 103.953 1.06581e-14 -3.65771
v 104.264 1.06581e-14 -2.4986
v 104.409 1.06581e-14 -2.55854
v 104.533 1.06581e-14 -2.6539
v 104.628 1.06581e-14 -2.77816
v 104.688 1.06581e-14 -2.92287
v 104.709 1.06581e-14 -3.07816
f 2363/5683/666 2364/5684/666 2365/5685/666 2366/5666/666 2367/5667/666 2368/5668/666 2369/5669/666 2361/5670/666 2360/5608/666 2362/5609/666 2337/5610/666 2336/5375/666 2338/5376/666 2339/5377/666 2340/5378/666 2341/5379/666 2342/5380/666 2344/5639/666 2370/5640/666 2371/5641/666 2372/5642/666 2373/5643/666 2374/5644/666 2375/5645/666 

v 104.688 5 -3.23345
vt 1.33157 0.314961
vn -0.965926 4.01989e-31 0.258819
v 104.628 5 -3.37816
vt 1.32541 0.314961
vn -0.866025 7.76583e-31 0.5
vt 1.32541 0.11811
vt 1.33157 0.11811
f 2376/5686/667 2377/5687/668 2364/5688/668 2363/5689/667 

f 2351/5418/3 2377/5684/3 2376/5683/3

v 104.533 5 -3.50242
f 2351/5418/3 2378/5685/3 2377/5684/3

f 2351/5418/3 2355/5666/3 2378/5685/3

vt 3.44283 0.314961
vn -0.707107 1.09825e-30 0.707107
vt 3.43666 0.314961
vn -0.5 1.34508e-30 0.866025
vt 3.43666 0.11811
vt 3.44283 0.11811
f 2378/5690/669 2355/5691/670 2366/5692/670 2365/5693/669 

vt 4.17994 0.314961
vt 4.17377 0.314961
vn -0.258819 1.50024e-30 0.965926
vt 4.17377 0.11811
vt 4.17994 0.11811
f 2355/5694/670 2356/5695/671 2367/5696/671 2366/5697/670 

vt 4.6324 0.314961
vt 4.62624 0.314961
vn 2.23961e-15 1.55317e-30 1
vt 4.62624 0.11811
vt 4.6324 0.11811
f 2356/5698/671 2357/5699/672 2368/5700/672 2367/5701/671 

vt 4.76939 0.314961
vt 4.76322 0.314961
vn 0.258819 1.50024e-30 0.965926
vt 4.76322 0.11811
vt 4.76939 0.11811
f 2357/5702/672 2358/5703/673 2369/5704/673 2368/5705/672 

vt 4.58156 0.314961
vt 4.57539 0.314961
vt 4.57539 0.11811
vt 4.58156 0.11811
f 2358/5706/673 2359/5707/663 2361/5708/663 2369/5709/673 

vt 2.4713 0.314961
vt 2.46514 0.314961
vt 2.46514 0.11811
vt 2.4713 0.11811
f 2377/5710/668 2378/5711/669 2365/5712/669 2364/5713/668 

f 2351/5418/3 2376/5683/3 2350/5645/3

vt 0.10131 0.314961
vn -1 1.9655e-45 -1.39975e-16
vt 0.0951435 0.314961
vt 0.0951435 0.11811
vt 0.10131 0.11811
f 2350/5714/674 2376/5715/667 2363/5716/667 2375/5717/674 

vt -1.13565 0.314961
vn -0.965926 -4.01989e-31 -0.258819
vt -1.14181 0.314961
vt -1.14181 0.11811
vt -1.13565 0.11811
f 2349/5718/675 2350/5719/674 2375/5720/674 2374/5721/675 

vt -2.295 0.314961
vn -0.866025 -7.76583e-31 -0.5
vt -2.30117 0.314961
vt -2.30117 0.11811
vt -2.295 0.11811
f 2348/5722/676 2349/5723/675 2374/5724/675 2373/5725/676 

vt -3.29775 0.314961
vn -0.707107 -1.09825e-30 -0.707107
vt -3.30391 0.314961
vt -3.30391 0.11811
vt -3.29775 0.11811
f 2347/5726/677 2348/5727/676 2373/5728/676 2372/5729/677 

vt -4.07555 0.314961
vn -0.5 -1.34508e-30 -0.866025
vt -4.08171 0.314961
vt -4.08171 0.11811
vt -4.07555 0.11811
f 2346/5730/678 2347/5731/677 2372/5732/677 2371/5733/678 

vt -4.57539 0.314961
vn -0.258819 -1.50024e-30 -0.965926
vt -4.58156 0.314961
vt -4.58156 0.11811
vt -4.57539 0.11811
f 2345/5734/679 2346/5735/678 2371/5736/678 2370/5737/679 

vt -4.76322 0.314961
vt -4.76939 0.314961
vt -4.76939 0.11811
vt -4.76322 0.11811
f 2343/5738/658 2345/5739/679 2370/5740/679 2344/5741/658 

f 2318/5543/3 2259/5418/3 2260/5419/3

v 105.057 0 -39.0819
vt 4.7757 1.94221
f 2260/5419/3 2379/5742/3 2318/5543/3

v 105.056 0 -54.2665
vt 4.77565 2.54003
f 2380/5743/3 2379/5742/3 2260/5419/3

v 104.802 0 -53.6543
vt 4.76567 2.51593
f 2381/5744/3 2379/5742/3 2380/5743/3

v 104.797 0 -39.7111
vt 4.76544 1.96698
f 2381/5744/3 2382/5745/3 2379/5742/3

v 104.382 0 -40.2513
vt 4.74912 1.98825
f 2381/5744/3 2383/5746/3 2382/5745/3

v 104.382 0 -53.1065
vt 4.74912 2.49436
f 2384/5747/3 2383/5746/3 2381/5744/3

v 103.842 0 -52.692
vt 4.72785 2.47804
f 2385/5748/3 2383/5746/3 2384/5747/3

v 103.842 0 -40.6659
vt 4.72785 2.00457
f 2385/5748/3 2386/5749/3 2383/5746/3

v 103.213 0 -52.4314
vt 4.70308 2.46778
f 2387/5750/3 2386/5749/3 2385/5748/3

v 103.213 0 -40.9265
vt 4.70308 2.01483
f 2387/5750/3 2388/5751/3 2386/5749/3

v 102.538 0 -41.0154
vt 4.6765 2.01833
f 2387/5750/3 2389/5752/3 2388/5751/3

v 102.538 0 -52.3425
vt 4.6765 2.46428
f 2390/5753/3 2389/5752/3 2387/5750/3

v 101.862 0 -40.9265
vt 4.64991 2.01483
f 2390/5753/3 2391/5754/3 2389/5752/3

v 101.862 0 -52.4314
vt 4.64991 2.46778
f 2392/5755/3 2391/5754/3 2390/5753/3

v 101.233 0 -52.6919
vt 4.62516 2.47804
f 2393/5756/3 2391/5754/3 2392/5755/3

v 101.233 0 -40.666
vt 4.62515 2.00458
f 2393/5756/3 2394/5757/3 2391/5754/3

v 100.693 0 -40.2513
vt 4.60388 1.98825
f 2393/5756/3 2395/5758/3 2394/5757/3

v 100.693 0 -53.1065
vt 4.60388 2.49436
f 2396/5759/3 2395/5758/3 2393/5756/3

v 100.278 0 -39.7111
vt 4.58756 1.96698
f 2396/5759/3 2397/5760/3 2395/5758/3

v 100.278 0 -53.6468
vt 4.58756 2.51563
f 2398/5761/3 2397/5760/3 2396/5759/3

f 2285/5451/3 2397/5760/3 2398/5761/3

f 2285/5451/3 2287/5450/3 2397/5760/3

vt 3.57284 -2.38119
vt 3.54603 -2.38119
vt 3.55121 -2.43687
v 101.152 -1 -39.2067
vt 3.56765 -2.43687
f 2397/5762/172 2287/5763/172 2289/5764/172 2399/5765/172 

vt 3.55121 0.0787402
vn 0.965926 2.63173e-31 0.258819
v 100.992 -3 -38.8209
vt 3.55121 9.71445e-16
v 101.152 -3 -39.2067
vt 3.56765 9.71445e-16
vn 0.866025 4.02093e-31 0.5
vt 3.56765 0.0787402
f 2289/5766/680 2400/5767/680 2401/5768/681 2399/5769/681 

vt 2.50143 0.0787402
vn 1 -1.63583e-32 -8.95842e-16
v 100.938 -3 -38.4067
vt 2.50143 9.71445e-16
vt 2.51787 9.71445e-16
vt 2.51787 0.0787402
f 2288/5770/682 2402/5771/682 2400/5772/680 2289/5773/680 

vt 1.28061 0.0787402
vn 0.965926 -2.79531e-31 -0.258819
v 100.992 -3 -37.9926
vt 1.28061 9.71445e-16
vt 1.29706 9.71445e-16
vt 1.29706 0.0787402
f 2290/5774/683 2403/5775/683 2402/5776/682 2288/5777/682 

vt -0.0280294 0.0787402
vn 0.866025 -4.02093e-31 -0.5
v 101.152 -3 -37.6067
vt -0.0280294 9.71445e-16
vt -0.0115851 9.71445e-16
vt -0.0115851 0.0787402
f 2292/5778/684 2404/5779/684 2403/5780/683 2290/5781/683 

v 101.406 -1 -37.2754
vt -1.33532 0.0787402
vn 0.707107 3.00252e-32 -0.707107
v 101.406 -3 -37.2754
vt -1.33532 9.71445e-16
vt -1.31888 9.71445e-16
vt -1.31888 0.0787402
f 2405/5782/685 2406/5783/685 2404/5784/684 2292/5785/684 

vt -2.55218 0.0787402
vn 0.5 -3.92533e-32 -0.866025
v 101.738 -3 -37.0211
vt -2.55218 9.71445e-16
vt -2.53573 9.71445e-16
vt -2.53573 0.0787402
f 2302/5786/686 2407/5787/686 2406/5788/685 2405/5789/685 

vt -3.59567 0.0787402
v 102.123 -3 -36.8613
vt -3.59567 9.71445e-16
vt -3.57922 9.71445e-16
vt -3.57922 0.0787402
f 2301/5790/403 2408/5791/403 2407/5792/686 2302/5793/686 

vt -4.39467 0.0787402
vn 2.79951e-17 -1.30928e-31 -1
v 102.538 -3 -36.8067
vt -4.39467 9.74097e-16
vt -4.37823 9.74097e-16
vt -4.37823 0.0787402
f 2303/5794/687 2409/5795/687 2408/5796/403 2301/5797/403 

vt -4.89475 0.0787402
vn -0.258819 5.46472e-19 -0.965926
v 102.952 -3 -36.8613
vt -4.89475 9.70116e-16
vt -4.87831 9.70116e-16
vt -4.87831 0.0787402
f 2305/5798/688 2410/5799/688 2409/5800/687 2303/5801/687 

v 103.338 -1 -37.0211
vt -5.06183 0.0787402
vn -0.5 -1.9184e-31 -0.866025
v 103.338 -3 -37.0211
vt -5.06183 9.71445e-16
vt -5.04538 9.71445e-16
vt -5.04538 0.0787402
f 2411/5802/689 2412/5803/689 2410/5804/688 2305/5805/688 

v 103.669 -1 -37.2754
vt -4.8845 0.0787402
vn -0.707107 3.21416e-31 -0.707107
v 103.669 -3 -37.2754
vt -4.8845 9.71445e-16
vt -4.86806 9.71445e-16
vt -4.86806 0.0787402
f 2413/5806/690 2414/5807/690 2412/5808/689 2411/5809/689 

vt -4.37487 0.0787402
vn -0.866025 3.69376e-31 -0.5
v 103.923 -3 -37.6067
vt -4.37487 9.71445e-16
vt -4.35842 9.71445e-16
vt -4.35842 0.0787402
f 2317/5810/691 2415/5811/691 2414/5812/690 2413/5813/690 

vt -3.56765 0.0787402
vn -0.965926 4.796e-32 -0.258819
v 104.083 -3 -37.9926
vt -3.56765 9.71445e-16
vt -3.55121 9.71445e-16
vt -3.55121 0.0787402
f 2316/5814/692 2416/5815/692 2415/5816/691 2317/5817/691 

vt -2.51787 0.0787402
vn -1 1.63583e-32 -8.95842e-16
vt -2.51787 9.71445e-16
vt -2.50143 9.71445e-16
vt -2.50143 0.0787402
f 2319/5818/693 2036/5819/693 2416/5820/692 2316/5821/692 

v 104.083 -1 -38.8209
vt -1.29706 0.0787402
vn -0.965926 -3.16017e-32 0.258819
v 104.083 -3 -38.8209
vt -1.29706 9.71445e-16
vt -1.28061 9.71445e-16
vt -1.28061 0.0787402
f 2417/5822/694 2418/5823/694 2036/5824/693 2319/5825/693 

v 103.923 -1 -39.2067
vt 0.0115851 0.0787402
vn -0.866025 -3.69376e-31 0.5
v 103.923 -3 -39.2067
vt 0.0115851 9.71445e-16
vt 0.0280294 9.71445e-16
vt 0.0280294 0.0787402
f 2419/5826/695 2420/5827/695 2418/5828/694 2417/5829/694 

v 103.669 -1 -39.5381
vt 1.31888 0.0787402
vn -0.707107 -1.22561e-31 0.707107
v 103.669 -3 -39.5381
vt 1.31888 9.71445e-16
vt 1.33532 9.71445e-16
vt 1.33532 0.0787402
f 2421/5830/696 2422/5831/696 2420/5832/695 2419/5833/695 

v 103.338 -1 -39.7924
vt 2.53573 0.0787402
vn -0.5 7.01484e-33 0.866025
v 103.338 -3 -39.7924
vt 2.53573 9.71445e-16
vt 2.55218 9.71445e-16
vt 2.55218 0.0787402
f 2423/5834/697 2424/5835/697 2422/5836/696 2421/5837/696 

v 102.952 -1 -39.9522
vt 3.57922 0.0787402
vn -0.258819 -5.46472e-19 0.965926
v 102.952 -3 -39.9522
vt 3.57922 9.71445e-16
vt 3.59567 9.71445e-16
vt 3.59567 0.0787402
f 2425/5838/698 2426/5839/698 2424/5840/697 2423/5841/697 

v 102.538 -1 -40.0067
vt 4.37823 0.0787402
vn -2.79951e-17 -1.30928e-31 1
v 102.538 -3 -40.0067
vt 4.37823 9.68658e-16
vt 4.39467 9.68658e-16
vt 4.39467 0.0787402
f 2427/5842/699 2428/5843/699 2426/5844/698 2425/5845/698 

v 102.123 -1 -39.9522
vt 4.87831 0.0787402
vn 0.258819 5.46472e-19 0.965926
v 102.123 -3 -39.9522
vt 4.87831 9.72909e-16
vt 4.89475 9.72909e-16
vt 4.89475 0.0787402
f 2429/5846/700 2430/5847/700 2428/5848/699 2427/5849/699 

v 101.738 -1 -39.7924
vt 5.04538 0.0787402
v 101.738 -3 -39.7924
vt 5.04538 9.71445e-16
vt 5.06183 9.71445e-16
vt 5.06183 0.0787402
f 2431/5850/463 2432/5851/463 2430/5852/700 2429/5853/700 

v 101.406 -1 -39.5381
vt 4.86806 0.0787402
vn 0.707107 2.75148e-31 0.707107
v 101.406 -3 -39.5381
vt 4.86806 9.71445e-16
vt 4.8845 9.71445e-16
vt 4.8845 0.0787402
f 2433/5854/701 2434/5855/701 2432/5856/463 2431/5857/463 

vt 4.35842 0.0787402
vt 4.35842 9.71445e-16
vt 4.37487 9.71445e-16
vt 4.37487 0.0787402
f 2399/5858/681 2401/5859/681 2434/5860/701 2433/5861/701 

vt -4.62195 1.94713
v 101.406 -3 -53.8197
vt -4.63196 2.52244
vt -4.63196 1.96017
f 2401/5862/75 2435/5863/75 2434/5864/75

v 101.152 -3 -54.1511
vt -4.62195 2.53549
f 2401/5862/75 2436/5865/75 2435/5863/75

vt -4.61565 1.93193
f 2400/5866/75 2436/5865/75 2401/5862/75

v 100.992 -3 -54.537
vt -4.61565 2.55068
f 2400/5866/75 2437/5867/75 2436/5865/75

vt -4.61351 1.91563
f 2402/5868/75 2437/5867/75 2400/5866/75

v 100.938 -3 -54.9511
vt -4.61351 2.56698
f 2437/5867/75 2402/5868/75 2438/5869/75

f 2185/5256/75 2438/5869/75 2402/5868/75

f 2185/5256/75 2184/5254/75 2438/5869/75

v 100.992 -3 -73.537
vt -4.61565 3.29871
f 2439/5870/75 2438/5869/75 2184/5254/75

v 100.992 -3 -55.3652
vt -4.61565 2.58329
f 2438/5869/75 2439/5870/75 2440/5871/75

v 101.152 -3 -73.1511
vt -4.62195 3.28352
f 2440/5871/75 2439/5870/75 2441/5872/75

v 101.152 -1 -73.1511
vt 1.26483 0.0787402
vn 0.866025 3.73759e-31 -0.5
vt 1.26483 6.80012e-16
vt 1.28128 6.80012e-16
vn 0.965926 2.94775e-31 -0.258819
v 100.992 -1 -73.537
vt 1.28128 0.0787402
f 2442/5873/702 2441/5874/702 2439/5875/703 2443/5876/703 

v 101.406 -1 -72.8197
vt -0.225117 0.0787402
vn 0.707107 -1.06318e-31 -0.707107
v 101.406 -3 -72.8197
vt -0.225117 6.80012e-16
vt -0.208673 6.80012e-16
vt -0.208673 0.0787402
f 2444/5877/704 2445/5878/704 2441/5879/702 2442/5880/702 

v 101.738 -1 -72.5655
vt -1.70029 0.0787402
vn 0.5 -1.92318e-31 -0.866025
v 101.738 -3 -72.5655
vt -1.70029 6.80012e-16
vt -1.68384 6.80012e-16
vt -1.68384 0.0787402
f 2446/5881/705 2447/5882/705 2445/5883/704 2444/5884/704 

v 102.123 -1 -72.4056
vt -3.06014 0.0787402
vn 0.258819 2.57017e-32 -0.965926
v 102.123 -3 -72.4056
vt -3.06014 6.80012e-16
vt -3.0437 6.80012e-16
vt -3.0437 0.0787402
f 2448/5885/706 2449/5886/706 2447/5887/705 2446/5888/705 

v 102.538 -1 -72.3511
vt -4.21202 0.0787402
vn 2.79951e-17 1.30866e-31 -1
v 102.538 -3 -72.3511
vt -4.21202 6.80012e-16
vt -4.19557 6.80012e-16
vt -4.19557 0.0787402
f 2450/5889/707 2451/5890/707 2449/5891/706 2448/5892/706 

v 102.952 -1 -72.4056
vt -5.07741 0.0787402
vn -0.258819 4.88844e-31 -0.965926
v 102.952 -3 -72.4056
vt -5.07741 6.80012e-16
vt -5.06097 6.80012e-16
vt -5.06097 0.0787402
f 2452/5893/708 2453/5894/708 2451/5895/707 2450/5896/707 

v 103.338 -1 -72.5655
vt -5.59735 0.0787402
vn -0.5 2.57017e-32 -0.866025
v 103.338 -3 -72.5655
vt -5.59735 6.80012e-16
vt -5.5809 6.80012e-16
vt -5.5809 0.0787402
f 2454/5897/709 2455/5898/709 2453/5899/708 2452/5900/708 

v 103.669 -1 -72.8197
vt -5.73639 0.0787402
vn -0.707107 -9.48006e-31 -0.707107
v 103.669 -3 -72.8197
vt -5.73639 6.80012e-16
vt -5.71995 6.80012e-16
vt -5.71995 0.0787402
f 2456/5901/710 2457/5902/710 2455/5903/709 2454/5904/709 

v 103.923 -1 -73.1511
vt -5.48507 0.0787402
vn -0.866025 -6.46216e-31 -0.5
v 103.923 -3 -73.1511
vt -5.48507 6.80012e-16
vt -5.46863 6.80012e-16
vt -5.46863 0.0787402
f 2458/5905/711 2459/5906/711 2457/5907/710 2456/5908/710 

v 104.083 -1 -73.537
vt -4.86052 0.0787402
v 104.083 -3 -73.537
vt -4.86052 6.80012e-16
vt -4.84407 6.80012e-16
vt -4.84407 0.0787402
f 2460/5909/449 2461/5910/449 2459/5911/711 2458/5912/711 

v 104.138 -1 -73.9511
vt -3.90528 0.0787402
vt -3.90528 6.80012e-16
vt -3.88884 6.80012e-16
vt -3.88884 0.0787402
f 2462/5913/450 2039/5914/450 2461/5915/449 2460/5916/449 

v 104.083 -1 -74.3652
vt -2.68447 0.0787402
vt -2.68447 6.80012e-16
vt -2.66803 6.80012e-16
vt -2.66803 0.0787402
f 2463/5917/451 2173/5918/451 2039/5919/450 2462/5920/450 

v 103.923 -1 -74.7511
vt -1.28128 0.0787402
vn -0.866025 3.0179e-31 0.5
vt -1.28128 6.80012e-16
vt -1.26483 6.80012e-16
vt -1.26483 0.0787402
f 2464/5921/712 2174/5922/712 2173/5923/451 2463/5924/451 

v 103.669 -1 -75.0825
vt 0.208673 0.0787402
vn -0.707107 5.96564e-31 0.707107
vt 0.208673 6.80012e-16
vt 0.225117 6.80012e-16
vt 0.225117 0.0787402
f 2465/5925/713 2175/5926/713 2174/5927/712 2464/5928/712 

v 103.338 -1 -75.3368
vt 1.68384 0.0787402
vn -0.5 1.59123e-31 0.866025
vt 1.68384 6.80012e-16
vt 1.70029 6.80012e-16
vt 1.70029 0.0787402
f 2466/5929/714 2176/5930/714 2175/5931/713 2465/5932/713 

v 102.952 -1 -75.4966
vt 3.0437 0.0787402
vn -0.258819 -2.22805e-31 0.965926
vt 3.0437 6.80012e-16
vt 3.06014 6.80012e-16
vt 3.06014 0.0787402
f 2467/5933/715 2177/5934/715 2176/5935/714 2466/5936/714 

v 102.538 -1 -75.5511
vt 4.19557 0.0787402
vn -1.39975e-17 1.30866e-31 1
vt 4.19557 6.80012e-16
vt 4.21202 6.80012e-16
vt 4.21202 0.0787402
f 2468/5937/716 2178/5938/716 2177/5939/715 2467/5940/715 

v 102.123 -1 -75.4966
vt 5.06097 0.0787402
vn 0.258819 2.74208e-31 0.965926
vt 5.06097 6.80012e-16
vt 5.07741 6.80012e-16
vt 5.07741 0.0787402
f 2469/5941/717 2179/5942/717 2178/5943/716 2468/5944/716 

v 101.738 -1 -75.3368
vt 5.5809 0.0787402
vn 0.5 6.53679e-33 0.866025
vt 5.5809 6.80012e-16
vt 5.59735 6.80012e-16
vt 5.59735 0.0787402
f 2470/5945/718 2180/5946/718 2179/5947/717 2469/5948/717 

v 101.406 -1 -75.0825
vt 5.71995 0.0787402
vn 0.707107 -1.52587e-31 0.707107
vt 5.71995 6.80012e-16
vt 5.73639 6.80012e-16
vt 5.73639 0.0787402
f 2471/5949/719 2181/5950/719 2180/5951/718 2470/5952/718 

v 101.152 -1 -74.7511
vt 5.46863 0.0787402
vn 0.866025 -3.34506e-31 0.5
vt 5.46863 6.80012e-16
vt 5.48507 6.80012e-16
vt 5.48507 0.0787402
f 2472/5953/720 2182/5954/720 2181/5955/719 2471/5956/719 

v 100.992 -1 -74.3652
vt 4.84407 0.0787402
vn 0.965926 -1.68368e-31 0.258819
vt 4.84407 6.80012e-16
vt 4.86052 6.80012e-16
vt 4.86052 0.0787402
f 2473/5957/721 2183/5958/721 2182/5959/720 2472/5960/720 

v 100.938 -1 -73.9511
vt 3.88884 0.0787402
vn 1 -6.5433e-32 -3.51338e-15
vt 3.88884 6.80012e-16
vt 3.90528 6.80012e-16
vt 3.90528 0.0787402
f 2474/5961/722 2184/5962/722 2183/5963/721 2473/5964/721 

vt 2.66803 0.0787402
vt 2.66803 6.80012e-16
vt 2.68447 6.80012e-16
vt 2.68447 0.0787402
f 2443/5965/703 2439/5966/703 2184/5967/722 2474/5968/722 

vt 2.68965 -3.42894
vt 2.66284 -3.42894
vt 2.66803 -3.48462
vt 2.68447 -3.48462
f 1703/5969/156 2281/5970/156 2443/5971/156 2474/5972/156 

vt 1.28646 -3.79659
vt 1.25965 -3.79659
vt 1.26483 -3.85227
vt 1.28128 -3.85227
f 2281/5973/157 2279/5974/157 2442/5975/157 2443/5976/157 

vt -0.203489 -3.89491
vt -0.2303 -3.89491
vt -0.225117 -3.95059
vt -0.208673 -3.95059
f 2279/5977/158 2278/5978/158 2444/5979/158 2442/5980/158 

vt -1.67866 -3.7172
vt -1.70547 -3.7172
vt -1.70029 -3.77288
vt -1.68384 -3.77288
f 2278/5981/159 2276/5982/159 2446/5983/159 2444/5984/159 

vt -3.03852 -3.27557
vt -3.06533 -3.27557
vt -3.06014 -3.33125
vt -3.0437 -3.33125
f 2276/5985/252 2273/5986/252 2448/5987/252 2446/5988/252 

vt -4.19039 -2.60012
vt -4.2172 -2.60012
vt -4.21202 -2.6558
vt -4.19557 -2.6558
f 2273/5989/147 2272/5990/147 2450/5991/147 2448/5992/147 

vt -5.05578 -1.73688
vt -5.08259 -1.73688
vt -5.07741 -1.79256
vt -5.06097 -1.79256
f 2272/5993/164 2270/5994/164 2452/5995/164 2450/5996/164 

vt -5.57572 -0.74467
vt -5.60374 -0.74467
vt -5.59735 -0.800347
vt -5.5809 -0.800347
f 2270/5997/149 2267/5998/149 2454/5999/149 2452/6000/149 

vt -5.71991 0.254357
vn -0.428799 0.709889 -0.558738
vt -5.71589 0.310257
vn -0.428832 0.709903 -0.558696
vt -5.74037 0.310257
f 2454/6001/723 2267/6002/724 2266/6003/723

vt -5.74042 0.309659
vt -5.73639 0.253761
vn -0.428767 0.709876 -0.55878
vt -5.71995 0.253761
f 2266/6004/723 2456/6005/725 2454/6006/723

vt -5.46225 1.35199
vt -5.49026 1.35199
vt -5.48507 1.29631
vt -5.46863 1.29631
f 2266/6007/151 2264/6008/151 2458/6009/151 2456/6010/151 

vt -4.83889 2.31355
vt -4.8657 2.31355
vt -4.86052 2.25787
vt -4.84407 2.25787
f 2264/6011/152 2261/6012/152 2460/6013/152 2458/6014/152 

vt -3.88366 3.12805
vt -3.9131 3.12805
vt -3.90528 3.07237
vt -3.88884 3.07237
f 2261/6015/153 2258/6016/153 2462/6017/153 2460/6018/153 

vt -2.66539 3.77097
vn -0.695019 0.713145 0.091501
v 105.083 0 -74.5645
vt -2.68711 3.77097
vt -2.68447 3.7148
vt -2.66803 3.7148
f 2258/6019/726 2475/6020/726 2463/6021/726 2462/6022/726 

vt 4.77671 3.33916
f 2257/5416/3 2475/6023/3 2258/5417/3

v 104.885 0 -82.0841
vt 4.76892 3.63521
f 2476/6024/3 2475/6023/3 2257/5416/3

v 104.797 0 -75.2554
vt 4.76544 3.36637
f 2476/6024/3 2477/6025/3 2475/6023/3

v 104.382 0 -75.7957
vt 4.74912 3.38764
f 2476/6024/3 2478/6026/3 2477/6025/3

v 104.109 0 -81.9818
vt 4.73835 3.63119
f 2479/6027/3 2478/6026/3 2476/6024/3

v 103.842 0 -76.2103
vt 4.72785 3.40396
f 2479/6027/3 2480/6028/3 2478/6026/3

v 103.332 0 -82.0841
vt 4.70778 3.63521
f 2481/6029/3 2480/6028/3 2479/6027/3

v 103.213 0 -76.4709
vt 4.70308 3.41422
f 2481/6029/3 2482/6030/3 2480/6028/3

v 102.609 0 -82.3838
vt 4.6793 3.64701
f 2483/6031/3 2482/6030/3 2481/6029/3

v 102.538 0 -76.5597
vt 4.6765 3.41772
f 2483/6031/3 2484/6032/3 2482/6030/3

v 101.987 0 -82.8605
vt 4.65483 3.66578
f 2485/6033/3 2484/6032/3 2483/6031/3

v 101.862 0 -76.4709
vt 4.64992 3.41422
f 2485/6033/3 2486/6034/3 2484/6032/3

v 101.511 0 -83.4818
vt 4.63606 3.69024
f 2487/6035/3 2486/6034/3 2485/6033/3

v 101.253 0 -76.2185
vt 4.62593 3.40428
f 2487/6035/3 2488/6036/3 2486/6034/3

v 101.211 0 -84.2054
vt 4.62427 3.71873
f 2489/6037/3 2488/6036/3 2487/6035/3

v 101.109 0 -84.9818
vt 4.62024 3.7493
f 2490/6038/3 2488/6036/3 2489/6037/3

v 100.711 0 -91.2939
vt 4.6046 3.9978
f 2491/6039/3 2488/6036/3 2490/6038/3

v 100.68 0 -75.7787
vt 4.60337 3.38697
f 2491/6039/3 2492/6040/3 2488/6036/3

v 100.278 0 -75.2554
vt 4.58756 3.36637
f 2491/6039/3 2493/6041/3 2492/6040/3

v 100.27 0 -91.8695
vt 4.58721 4.02046
f 2494/6042/3 2493/6041/3 2491/6039/3

f 2494/6042/3 1702/3973/3 2493/6041/3

f 1701/3974/3 1702/3973/3 2494/6042/3

vt 1.98488 -4.00115
vt 1.95897 -4.00115
vt 1.96325 -4.05683
vt 1.97969 -4.05683
f 1701/6043/157 2494/6044/157 1673/6045/157 1671/6046/157 

vt 0.397129 -4.20736
vn 0.562659 0.704991 -0.431744
vt 0.368568 -4.20736
vt 0.374627 -4.26287
vt 0.391071 -4.26287
f 2494/6047/727 2491/6048/727 1675/6049/727 1673/6050/727 

vt -1.21937 -4.14129
v 101.233 0 -90.8934
vt -1.24527 -4.14129
vt -1.24009 -4.19696
vt -1.22364 -4.19696
f 2491/6051/159 2495/6052/159 1677/6053/159 1675/6054/159 

vt 4.62515 3.98203
f 2490/6038/3 2495/6055/3 2491/6039/3

v 101.211 0 -85.7583
vt 4.62427 3.77986
f 2495/6055/3 2490/6038/3 2496/6056/3

vt -4.35112 0.11811
vt -4.32028 0.11811
vn -1 0 6.2289e-15
v 101.109 4.40719 -84.9818
vt -4.32028 0.291622
v 101.211 4.40719 -85.7583
vt -4.35112 0.291622
f 2496/6057/254 2490/6058/728 2497/6059/728 2498/6060/254 

vt -3.11416 0.11811
vt -3.08332 0.11811
v 101.211 4.40719 -84.2054
vt -3.08332 0.291622
vt -3.11416 0.291622
f 2490/6061/728 2489/6062/256 2499/6063/256 2497/6064/728 

vt -1.66603 0.11811
vt -1.63519 0.11811
v 101.511 4.40719 -83.4818
vt -1.63519 0.291622
vt -1.66603 0.291622
f 2489/6065/256 2487/6066/257 2500/6067/257 2499/6068/256 

vt -0.105407 0.11811
vt -0.0745742 0.11811
v 101.987 4.40719 -82.8605
vt -0.0745742 0.291622
vt -0.105407 0.291622
f 2487/6069/257 2485/6070/258 2501/6071/258 2500/6072/257 

vt 1.46134 0.11811
vt 1.49218 0.11811
v 102.609 4.40719 -82.3838
vt 1.49218 0.291622
vt 1.46134 0.291622
f 2485/6073/258 2483/6074/253 2502/6075/253 2501/6076/258 

vt 2.92746 0.11811
vt 2.95829 0.11811
v 103.332 4.40719 -82.0841
vt 2.95829 0.291622
vt 2.92746 0.291622
f 2483/6077/253 2481/6078/136 2503/6079/136 2502/6080/253 

vt 4.19302 0.11811
vt 4.22385 0.11811
vn 7.16674e-15 0 1
v 104.109 4.40719 -81.9818
vt 4.22385 0.291622
vt 4.19302 0.291622
f 2481/6081/136 2479/6082/729 2504/6083/729 2503/6084/136 

vt 5.17178 0.11811
vt 5.20261 0.11811
v 104.885 4.40719 -82.0841
vt 5.20261 0.291622
vt 5.17178 0.291622
f 2479/6085/729 2476/6086/145 2505/6087/145 2504/6088/729 

vt 5.79704 0.11811
vt 5.82788 0.11811
v 105.609 4.40719 -82.3838
vt 5.82788 0.291622
vt 5.79704 0.291622
f 2476/6089/145 2257/6090/130 2506/6091/130 2505/6092/145 

vt 6.0262 0.11811
vt 6.05703 0.11811
v 106.23 4.40719 -82.8605
vt 6.05703 0.291622
vt 6.0262 0.291622
f 2257/6093/130 2255/6094/1 2507/6095/1 2506/6096/130 

vt 5.84363 0.11811
vt 5.87446 0.11811
v 106.707 4.40719 -83.4818
vt 5.87446 0.291622
vt 5.84363 0.291622
f 2255/6097/1 2253/6098/2 2508/6099/2 2507/6100/1 

vt 5.26177 0.11811
vt 5.2926 0.11811
v 107.006 4.40719 -84.2054
vt 5.2926 0.291622
vt 5.26177 0.291622
f 2253/6101/2 2251/6102/135 2509/6103/135 2508/6104/2 

vt 4.32028 0.11811
vt 4.35112 0.11811
v 107.109 4.40719 -84.9818
vt 4.35112 0.291622
vt 4.32028 0.291622
f 2251/6105/135 950/6106/7 2510/6107/7 2509/6108/135 

vt 3.08332 0.11811
vt 3.11416 0.11811
v 107.006 4.40719 -85.7583
vt 3.11416 0.291622
vt 3.08332 0.291622
f 950/6109/7 951/6110/131 2511/6111/131 2510/6112/7 

vt 1.63519 0.11811
vt 1.66603 0.11811
v 106.707 4.40719 -86.4818
vt 1.66603 0.291622
vt 1.63519 0.291622
f 951/6113/131 952/6114/132 2512/6115/132 2511/6116/131 

vt 0.0745742 0.11811
vt 0.105407 0.11811
v 106.23 4.40719 -87.1032
vt 0.105407 0.291622
vt 0.0745742 0.291622
f 952/6117/132 954/6118/133 2513/6119/133 2512/6120/132 

vt -1.49218 0.11811
vt -1.46134 0.11811
v 105.609 4.40719 -87.5799
vt -1.46134 0.291622
vt -1.49218 0.291622
f 954/6121/133 955/6122/134 2514/6123/134 2513/6124/133 

vt -2.95829 0.11811
v 104.885 0 -87.8796
vt -2.92746 0.11811
v 104.885 4.40719 -87.8796
vt -2.92746 0.291622
vt -2.95829 0.291622
f 955/6125/134 2515/6126/129 2516/6127/129 2514/6128/134 

v 105.057 0 -92.4773
vt 4.7757 4.04439
vt 4.76892 3.86338
f 2517/6129/3 2515/6130/3 955/1966/3

v 104.797 0 -91.8482
vt 4.76544 4.01962
f 2518/6131/3 2515/6130/3 2517/6129/3

v 104.382 0 -91.3079
vt 4.74912 3.99835
f 2519/6132/3 2515/6130/3 2518/6131/3

v 104.109 0 -87.9818
vt 4.73835 3.86741
f 2519/6132/3 2520/6133/3 2515/6130/3

v 103.842 0 -90.8934
vt 4.72785 3.98203
f 2521/6134/3 2520/6133/3 2519/6132/3

v 103.332 0 -87.8796
vt 4.70778 3.86338
f 2521/6134/3 2522/6135/3 2520/6133/3

v 103.229 0 -90.6393
vt 4.7037 3.97203
f 2523/6136/3 2522/6135/3 2521/6134/3

v 102.609 0 -87.5799
vt 4.6793 3.85158
f 2523/6136/3 2524/6137/3 2522/6135/3

v 102.52 0 -90.5462
vt 4.67581 3.96836
f 2525/6138/3 2524/6137/3 2523/6136/3

v 101.987 0 -87.1032
vt 4.65483 3.83281
f 2525/6138/3 2526/6139/3 2524/6137/3

v 101.862 0 -90.6328
vt 4.64992 3.97177
f 2527/6140/3 2526/6139/3 2525/6138/3

v 101.511 0 -86.4818
vt 4.63606 3.80835
f 2527/6140/3 2528/6141/3 2526/6139/3

f 2495/6055/3 2528/6141/3 2527/6140/3

f 2495/6055/3 2496/6056/3 2528/6141/3

vt -5.2926 0.11811
vt -5.26177 0.11811
vt -5.26177 0.291622
v 101.511 4.40719 -86.4818
vt -5.2926 0.291622
f 2528/6142/4 2496/6143/254 2498/6144/254 2529/6145/4 

f 2498/6056/3 2500/6035/3 2529/6141/3

f 2498/6056/3 2499/6037/3 2500/6035/3

f 2499/6037/3 2498/6056/3 2497/6038/3

f 2529/6141/3 2500/6035/3 2501/6033/3

v 101.987 4.40719 -87.1032
f 2529/6141/3 2501/6033/3 2530/6139/3

f 2530/6139/3 2501/6033/3 2502/6031/3

v 102.609 4.40719 -87.5799
f 2530/6139/3 2502/6031/3 2531/6137/3

f 2531/6137/3 2502/6031/3 2503/6029/3

v 103.332 4.40719 -87.8796
f 2531/6137/3 2503/6029/3 2532/6135/3

v 103.509 4.40719 -84.9818
vt 4.71473 3.7493
f 2532/6135/3 2503/6029/3 2533/6146/3

v 103.529 4.40719 -84.8265
vt 4.71553 3.74318
f 2533/6146/3 2503/6029/3 2534/6147/3

f 2534/6147/3 2503/6029/3 2504/6027/3

v 103.589 4.40719 -84.6818
vt 4.71789 3.73748
f 2534/6147/3 2504/6027/3 2535/6148/3

v 103.684 4.40719 -84.5576
vt 4.72165 3.73259
f 2535/6148/3 2504/6027/3 2536/6149/3

v 103.809 4.40719 -84.4622
vt 4.72654 3.72884
f 2536/6149/3 2504/6027/3 2537/6150/3

v 103.953 4.40719 -84.4023
vt 4.73224 3.72648
f 2537/6150/3 2504/6027/3 2538/6151/3

v 104.109 4.40719 -84.3818
vt 4.73835 3.72567
f 2538/6151/3 2504/6027/3 2539/6152/3

f 2539/6152/3 2504/6027/3 2505/6024/3

v 104.264 4.40719 -84.4023
vt 4.74447 3.72648
f 2539/6152/3 2505/6024/3 2540/6153/3

v 104.409 4.40719 -84.4622
vt 4.75016 3.72884
f 2540/6153/3 2505/6024/3 2541/6154/3

v 104.533 4.40719 -84.5576
vt 4.75505 3.73259
f 2541/6154/3 2505/6024/3 2542/6155/3

v 104.628 4.40719 -84.6818
vt 4.75881 3.73748
f 2542/6155/3 2505/6024/3 2543/6156/3

v 104.688 4.40719 -84.8265
vt 4.76117 3.74318
f 2543/6156/3 2505/6024/3 2544/6157/3

v 104.709 4.40719 -84.9818
vt 4.76197 3.7493
f 2544/6157/3 2505/6024/3 2545/6158/3

f 2516/6130/3 2545/6158/3 2505/6024/3

v 104.688 4.40719 -85.1371
vt 4.76117 3.75541
f 2516/6130/3 2546/6159/3 2545/6158/3

v 104.628 4.40719 -85.2818
vt 4.75881 3.76111
f 2516/6130/3 2547/6160/3 2546/6159/3

v 104.533 4.40719 -85.4061
vt 4.75505 3.766
f 2516/6130/3 2548/6161/3 2547/6160/3

v 104.409 4.40719 -85.5015
vt 4.75016 3.76975
f 2516/6130/3 2549/6162/3 2548/6161/3

v 104.264 4.40719 -85.5614
vt 4.74447 3.77211
f 2516/6130/3 2550/6163/3 2549/6162/3

v 104.109 4.40719 -87.9818
f 2551/6133/3 2550/6163/3 2516/6130/3

v 104.109 4.40719 -85.5818
vt 4.73835 3.77292
f 2551/6133/3 2552/6164/3 2550/6163/3

v 103.953 4.40719 -85.5614
vt 4.73224 3.77211
f 2551/6133/3 2553/6165/3 2552/6164/3

v 103.809 4.40719 -85.5015
vt 4.72654 3.76975
f 2551/6133/3 2554/6166/3 2553/6165/3

v 103.684 4.40719 -85.4061
vt 4.72165 3.766
f 2551/6133/3 2555/6167/3 2554/6166/3

v 103.589 4.40719 -85.2818
vt 4.71789 3.76111
f 2551/6133/3 2556/6168/3 2555/6167/3

v 103.529 4.40719 -85.1371
vt 4.71553 3.75541
f 2551/6133/3 2557/6169/3 2556/6168/3

f 2532/6135/3 2557/6169/3 2551/6133/3

f 2557/6169/3 2532/6135/3 2533/6146/3

vt 4.33878 0.291622
vt 4.33262 0.291622
v 103.509 3.10862e-15 -84.9818
vt 4.33262 0.11811
v 103.529 3.10862e-15 -85.1371
vt 4.33878 0.11811
f 2557/6170/135 2533/6171/7 2558/6172/7 2559/6173/135 

vt 3.10182 0.291622
vt 3.09566 0.291622
v 103.529 3.10862e-15 -84.8265
vt 3.09566 0.11811
vt 3.10182 0.11811
f 2533/6174/7 2534/6175/131 2560/6176/131 2558/6177/7 

vt 1.65369 0.291622
vt 1.64753 0.291622
v 103.589 3.10862e-15 -84.6818
vt 1.64753 0.11811
vt 1.65369 0.11811
f 2534/6178/131 2535/6179/132 2561/6180/132 2560/6181/131 

vt 0.093074 0.291622
vt 0.0869074 0.291622
v 103.684 3.10862e-15 -84.5576
vt 0.0869074 0.11811
vt 0.093074 0.11811
f 2535/6182/132 2536/6183/133 2562/6184/133 2561/6185/132 

vt -1.47368 0.291622
vt -1.47984 0.291622
v 103.809 3.10862e-15 -84.4622
vt -1.47984 0.11811
vt -1.47368 0.11811
f 2536/6186/133 2537/6187/134 2563/6188/134 2562/6189/133 

vt -2.93979 0.291622
vt -2.94596 0.291622
v 103.953 3.10862e-15 -84.4023
vt -2.94596 0.11811
vt -2.93979 0.11811
f 2537/6190/134 2538/6191/129 2564/6192/129 2563/6193/134 

vt -4.20535 0.291622
vt -4.21152 0.291622
v 104.109 3.10862e-15 -84.3818
vt -4.21152 0.11811
vt -4.20535 0.11811
f 2538/6194/129 2539/6195/125 2565/6196/125 2564/6197/129 

vt -5.18411 0.291622
vt -5.19028 0.291622
v 104.264 3.10862e-15 -84.4023
vt -5.19028 0.11811
vt -5.18411 0.11811
f 2539/6198/125 2540/6199/126 2566/6200/126 2565/6201/125 

vt -5.80938 0.291622
vt -5.81554 0.291622
v 104.409 3.10862e-15 -84.4622
vt -5.81554 0.11811
vt -5.80938 0.11811
f 2540/6202/126 2541/6203/127 2567/6204/127 2566/6205/126 

vt -6.03853 0.291622
vt -6.0447 0.291622
v 104.533 3.10862e-15 -84.5576
vt -6.0447 0.11811
vt -6.03853 0.11811
f 2541/6206/127 2542/6207/128 2568/6208/128 2567/6209/127 

vt -5.85596 0.291622
vt -5.86213 0.291622
v 104.628 3.10862e-15 -84.6818
vt -5.86213 0.11811
vt -5.85596 0.11811
f 2542/6210/128 2543/6211/4 2569/6212/4 2568/6213/128 

vt -5.2741 0.291622
vt -5.28027 0.291622
v 104.688 3.10862e-15 -84.8265
vt -5.28027 0.11811
vt -5.2741 0.11811
f 2543/6214/4 2544/6215/254 2570/6216/254 2569/6217/4 

vt -4.33262 0.291622
vt -4.33878 0.291622
v 104.709 3.10862e-15 -84.9818
vt -4.33878 0.11811
vt -4.33262 0.11811
f 2544/6218/254 2545/6219/118 2571/6220/118 2570/6221/254 

vt -3.09566 0.291622
vt -3.10182 0.291622
v 104.688 3.10862e-15 -85.1371
vt -3.10182 0.11811
vt -3.09566 0.11811
f 2545/6222/118 2546/6223/256 2572/6224/256 2571/6225/118 

vt -1.64753 0.291622
vt -1.65369 0.291622
v 104.628 3.10862e-15 -85.2818
vt -1.65369 0.11811
vt -1.64753 0.11811
f 2546/6226/256 2547/6227/257 2573/6228/257 2572/6229/256 

vt -0.0869074 0.291622
vt -0.093074 0.291622
v 104.533 3.10862e-15 -85.4061
vt -0.093074 0.11811
vt -0.0869074 0.11811
f 2547/6230/257 2548/6231/258 2574/6232/258 2573/6233/257 

vt 1.47984 0.291622
vt 1.47368 0.291622
v 104.409 3.10862e-15 -85.5015
vt 1.47368 0.11811
vt 1.47984 0.11811
f 2548/6234/258 2549/6235/253 2575/6236/253 2574/6237/258 

vt 2.94596 0.291622
vt 2.93979 0.291622
v 104.264 3.10862e-15 -85.5614
vt 2.93979 0.11811
vt 2.94596 0.11811
f 2549/6238/253 2550/6239/136 2576/6240/136 2575/6241/253 

vt 4.21152 0.291622
vt 4.20535 0.291622
v 104.109 3.10862e-15 -85.5818
vt 4.20535 0.11811
vt 4.21152 0.11811
f 2550/6242/136 2552/6243/137 2577/6244/137 2576/6245/136 

vt 5.19028 0.291622
vt 5.18411 0.291622
v 103.953 3.10862e-15 -85.5614
vt 5.18411 0.11811
vt 5.19028 0.11811
f 2552/6246/137 2553/6247/145 2578/6248/145 2577/6249/137 

vt 5.81554 0.291622
vt 5.80938 0.291622
v 103.809 3.10862e-15 -85.5015
vt 5.80938 0.11811
vt 5.81554 0.11811
f 2553/6250/145 2554/6251/130 2579/6252/130 2578/6253/145 

vt 6.0447 0.291622
vt 6.03853 0.291622
v 103.684 3.10862e-15 -85.4061
vt 6.03853 0.11811
vt 6.0447 0.11811
f 2554/6254/130 2555/6255/1 2580/6256/1 2579/6257/130 

vt 5.86213 0.291622
vt 5.85596 0.291622
v 103.589 3.10862e-15 -85.2818
vt 5.85596 0.11811
vt 5.86213 0.11811
f 2555/6258/1 2556/6259/2 2581/6260/2 2580/6261/1 

vt 5.28027 0.291622
vt 5.2741 0.291622
vt 5.2741 0.11811
vt 5.28027 0.11811
f 2556/6262/2 2557/6263/135 2559/6264/135 2581/6265/2 

f 2577/6164/3 2578/6165/3 2579/6166/3 2580/6167/3 2581/6168/3 2559/6169/3 2558/6146/3 2560/6147/3 2561/6148/3 2562/6149/3 2563/6150/3 2564/6151/3 2565/6152/3 2566/6153/3 2567/6154/3 2568/6155/3 2569/6156/3 2570/6157/3 2571/6158/3 2572/6159/3 2573/6160/3 2574/6161/3 2575/6162/3 2576/6163/3 

vt -5.20261 0.11811
vn -7.16674e-15 0 -1
vt -5.17178 0.11811
vt -5.17178 0.291622
vt -5.20261 0.291622
f 2520/6266/730 2522/6267/126 2532/6268/126 2551/6269/730 

vt -5.82788 0.11811
vt -5.79704 0.11811
vt -5.79704 0.291622
vt -5.82788 0.291622
f 2522/6270/126 2524/6271/127 2531/6272/127 2532/6273/126 

vt -6.05703 0.11811
vt -6.0262 0.11811
vt -6.0262 0.291622
vt -6.05703 0.291622
f 2524/6274/127 2526/6275/128 2530/6276/128 2531/6277/127 

vt -5.87446 0.11811
vt -5.84363 0.11811
vt -5.84363 0.291622
vt -5.87446 0.291622
f 2526/6278/128 2528/6279/4 2529/6280/4 2530/6281/128 

vt -4.22385 0.11811
vt -4.19302 0.11811
vt -4.19302 0.291622
vt -4.22385 0.291622
f 2515/6282/129 2520/6283/730 2551/6284/730 2516/6285/129 

f 2516/6130/3 2505/6024/3 2506/5416/3

f 2516/6130/3 2506/5416/3 2514/1966/3

f 2514/1966/3 2506/5416/3 2507/5414/3

f 2514/1966/3 2507/5414/3 2513/1965/3

f 2513/1965/3 2507/5414/3 2508/5412/3

f 2513/1965/3 2508/5412/3 2512/1963/3

f 2512/1963/3 2508/5412/3 2509/5410/3

f 2512/1963/3 2509/5410/3 2511/1962/3

f 2511/1962/3 2509/5410/3 2510/1961/3

vt -2.74922 -3.76943
vt -2.77603 -3.76943
vt -2.77085 -3.82511
vt -2.75441 -3.82511
f 2495/6286/252 2527/6287/252 1679/6288/252 1677/6289/252 

vt -4.09172 -3.13009
vt -4.11783 -3.13009
vt -4.11335 -3.18577
vt -4.0969 -3.18577
f 2527/6290/147 2525/6291/147 1681/6292/147 1679/6293/147 

vt -5.15884 -2.31783
vn -0.0924194 0.705514 -0.702644
vt -5.15299 -2.26228
vn -0.0923385 0.70549 -0.702678
vt -5.18112 -2.26228
f 1681/6294/731 2525/6295/732 2523/6296/731

vt -5.18192 -2.26157
vt -5.17608 -2.31713
vn -0.0925002 0.705538 -0.702609
vt -5.15964 -2.31713
f 2523/6297/731 1683/6298/733 1681/6299/731

vt -5.86569 -1.23852
vt -5.89182 -1.23852
vt -5.88664 -1.2942
vt -5.8702 -1.2942
f 2523/6300/149 2521/6301/149 1685/6302/149 1683/6303/149 

vt -6.17496 -0.115198
vt -6.20178 -0.115198
vt -6.19659 -0.170876
vt -6.18015 -0.170876
f 2521/6304/150 2519/6305/150 1687/6306/150 1685/6307/150 

vt -6.06319 1.02658
vt -6.09 1.02658
vt -6.08482 0.970899
vt -6.06837 0.970899
f 2519/6308/151 2518/6309/151 1689/6310/151 1687/6311/151 

vt -5.5373 2.10899
vt -5.56412 2.10899
vt -5.55893 2.05331
vt -5.54249 2.05331
f 2518/6312/152 2517/6313/152 1691/6314/152 1689/6315/152 

vt -4.63315 3.05828
vt -4.65996 3.05828
vt -4.65478 3.0026
vt -4.63833 3.0026
f 2517/6316/153 956/6317/153 1693/6318/153 1691/6319/153 

f 2517/6129/3 955/1966/3 956/1967/3

vt -3.41234 3.80975
vt -3.43915 3.80975
vt -3.43396 3.75407
vt -3.41752 3.75407
f 956/6320/162 957/6321/162 1694/6322/162 1693/6323/162 

vt -1.95807 4.31219
vt -1.98488 4.31219
vt -1.97969 4.25651
vt -1.96325 4.25651
f 957/6324/371 958/6325/371 1695/6326/371 1694/6327/371 

vt -0.369443 4.53135
vt -0.396254 4.53135
vt -0.391071 4.47568
vt -0.374627 4.47568
f 958/6328/308 959/6329/308 1696/6330/308 1695/6331/308 

vt 1.24527 4.45232
vt 1.21705 4.45232
vt 1.22364 4.39664
vt 1.24009 4.39664
f 959/6332/138 960/6333/138 1697/6334/138 1696/6335/138 

vt 2.77176 4.0424
vn -0.269304 0.710334 0.650308
vt 2.7756 4.09834
vn -0.269246 0.710349 0.650317
vt 2.75149 4.09834
f 1697/6336/734 960/6337/735 961/6338/734

vt 2.75057 4.09849
vt 2.75441 4.04256
vn -0.269363 0.710319 0.6503
vt 2.77085 4.04256
f 961/6339/734 1698/6340/736 1697/6341/734

vt 4.11992 3.44113
vt 4.09172 3.44113
vt 4.0969 3.38545
vt 4.11335 3.38545
f 961/6342/140 962/6343/140 1699/6344/140 1698/6345/140 

vt 5.18127 2.57788
vt 5.15194 2.57788
vt 5.15964 2.5222
vt 5.17608 2.5222
f 962/6346/141 963/6347/141 1700/6348/141 1699/6349/141 

vt 5.88696 1.5045
vt 5.88972 1.56064
vn 0.268473 0.712874 0.647868
vt 5.86775 1.56064
f 1700/6350/484 963/6351/737 964/6352/484

vt 4.8657 -2.00252
vt 4.83889 -2.00252
vt 4.84407 -2.0582
vt 4.86052 -2.0582
f 2493/6353/172 1702/6354/172 2473/6355/172 2472/6356/172 

vt 3.91047 -2.81702
vt 3.88366 -2.81702
vt 3.88884 -2.87269
vt 3.90528 -2.87269
f 1702/6357/173 1703/6358/173 2474/6359/173 2473/6360/173 

vt 5.48942 -1.04095
vt 5.46345 -1.04095
vt 5.46863 -1.09663
vt 5.48507 -1.09663
f 2492/6361/369 2493/6362/369 2472/6363/369 2471/6364/369 

vt 5.7424 0.00259485
vn 0.431635 0.705138 0.562559
vt 5.71396 0.00259508
vt 5.71995 -0.0529287
vt 5.7364 -0.0529283
f 2488/6365/738 2492/6366/738 2471/6367/738 2470/6368/738 

vt 5.60253 1.0557
vt 5.57657 1.0557
vt 5.5809 1.00002
vt 5.59735 1.00002
f 2486/6369/142 2488/6370/142 2470/6371/142 2469/6372/142 

vt 5.08259 2.04791
vt 5.05578 2.04791
vt 5.06097 1.99223
vt 5.07741 1.99223
f 2484/6373/141 2486/6374/141 2469/6375/141 2468/6376/141 

vt 4.2172 2.91115
vt 4.19039 2.91115
vt 4.19557 2.85548
vt 4.21202 2.85548
f 2482/6377/140 2484/6378/140 2468/6379/140 2467/6380/140 

vt 3.06533 3.58661
vt 3.03852 3.58661
vt 3.0437 3.53093
vt 3.06014 3.53093
f 2480/6381/309 2482/6382/309 2467/6383/309 2466/6384/309 

vt 1.70547 4.02824
vt 1.67866 4.02824
vt 1.68384 3.97256
vt 1.70029 3.97256
f 2478/6385/138 2480/6386/138 2466/6387/138 2465/6388/138 

vt 0.2303 4.20594
vt 0.203489 4.20594
vt 0.208673 4.15027
vt 0.225117 4.15027
f 2477/6389/308 2478/6390/308 2465/6391/308 2464/6392/308 

vt -1.25702 4.10762
vt -1.28646 4.10762
vt -1.28128 4.05195
vt -1.26483 4.05195
f 2475/6393/371 2477/6394/371 2464/6395/371 2463/6396/371 

v 104.083 -3 -55.3652
vt -4.73735 2.58329
vt -4.73735 3.29871
f 2582/6397/75 2461/6398/75 2039/4686/75

v 103.923 -3 -55.7511
vt -4.73105 2.59848
f 2583/6399/75 2461/6398/75 2582/6397/75

vt -4.73105 3.28352
f 2583/6399/75 2459/6400/75 2461/6398/75

v 103.669 -3 -56.0825
vt -4.72104 2.61153
f 2584/6401/75 2459/6400/75 2583/6399/75

vt -4.72104 3.27047
f 2584/6401/75 2457/6402/75 2459/6400/75

v 103.338 -3 -56.3368
vt -4.708 2.62154
f 2585/6403/75 2457/6402/75 2584/6401/75

vt -4.708 3.26046
f 2585/6403/75 2455/6404/75 2457/6402/75

v 102.952 -3 -56.4966
vt -4.6928 2.62783
f 2586/6405/75 2455/6404/75 2585/6403/75

vt -4.6928 3.25417
f 2586/6405/75 2453/6406/75 2455/6404/75

v 102.538 -3 -56.5511
vt -4.6765 2.62998
f 2587/6407/75 2453/6406/75 2586/6405/75

vt -4.6765 3.25202
f 2587/6407/75 2451/6408/75 2453/6406/75

v 102.123 -3 -56.4966
vt -4.6602 2.62783
f 2588/6409/75 2451/6408/75 2587/6407/75

vt -4.6602 3.25417
f 2588/6409/75 2449/6410/75 2451/6408/75

v 101.738 -3 -56.3368
vt -4.645 2.62154
f 2589/6411/75 2449/6410/75 2588/6409/75

vt -4.645 3.26046
f 2589/6411/75 2447/6412/75 2449/6410/75

v 101.406 -3 -56.0825
vt -4.63196 2.61153
f 2590/6413/75 2447/6412/75 2589/6411/75

vt -4.63196 3.27047
f 2590/6413/75 2445/6414/75 2447/6412/75

v 101.152 -3 -55.7511
vt -4.62195 2.59848
f 2591/6415/75 2445/6414/75 2590/6413/75

f 2591/6415/75 2441/5872/75 2445/6414/75

f 2440/5871/75 2441/5872/75 2591/6415/75

vt 4.15298 0.0787402
vn 0.965926 2.31571e-31 0.258819
vt 4.15298 9.71445e-16
vt 4.16943 9.71445e-16
vn 0.866025 5.83013e-31 0.5
v 101.152 -1 -55.7511
vt 4.16943 0.0787402
f 2284/6416/739 2440/6417/739 2591/6418/740 2592/6419/740 

vt 3.14721 0.0787402
vt 3.14721 9.71445e-16
vt 3.16365 9.71445e-16
vt 3.16365 0.0787402
f 2283/6420/7 2438/6421/7 2440/6422/739 2284/6423/739 

vt 1.92639 0.0787402
vn 0.965926 -2.31571e-31 -0.258819
vt 1.92639 9.71445e-16
vt 1.94284 9.71445e-16
vt 1.94284 0.0787402
f 2286/6424/741 2437/6425/741 2438/6426/7 2283/6427/7 

v 101.152 -1 -54.1511
vt 0.573742 0.0787402
vn 0.866025 -5.83013e-31 -0.5
vt 0.573742 9.71445e-16
vt 0.590187 9.71445e-16
vt 0.590187 0.0787402
f 2593/6428/742 2436/6429/742 2437/6430/741 2286/6431/741 

v 101.406 -1 -53.8197
vt -0.81857 0.0787402
vn 0.707107 -1.98855e-31 -0.707107
vt -0.81857 9.71445e-16
vt -0.802126 9.71445e-16
vt -0.802126 0.0787402
f 2594/6432/743 2435/6433/743 2436/6434/742 2593/6435/742 

v 101.738 -1 -53.5655
vt -2.15566 0.0787402
vn 0.5 1.92318e-31 -0.866025
v 101.738 -3 -53.5655
vt -2.15566 9.71445e-16
vt -2.13921 9.71445e-16
vt -2.13921 0.0787402
f 2595/6436/744 2596/6437/744 2435/6438/743 2594/6439/743 

v 102.123 -1 -53.4056
vt -3.3464 0.0787402
vn 0.258819 2.22805e-31 -0.965926
v 102.123 -3 -53.4056
vt -3.3464 9.71445e-16
vt -3.32996 9.71445e-16
vt -3.32996 0.0787402
f 2597/6440/745 2598/6441/745 2596/6442/744 2595/6443/744 

v 102.538 -1 -53.3511
vt -4.30966 0.0787402
vn 1.39975e-17 3.66147e-31 -1
v 102.538 -3 -53.3511
vt -4.30966 9.71445e-16
vt -4.29321 9.71445e-16
vt -4.29321 0.0787402
f 2599/6444/746 2600/6445/746 2598/6446/745 2597/6447/745 

v 102.952 -1 -53.4056
vt -4.97977 0.0787402
vn -0.258819 2.22805e-31 -0.965926
v 102.952 -3 -53.4056
vt -4.97977 9.71445e-16
vt -4.96333 9.71445e-16
vt -4.96333 0.0787402
f 2601/6448/747 2602/6449/747 2600/6450/746 2599/6451/746 

v 103.338 -1 -53.5655
vt -5.31109 0.0787402
vn -0.5 3.97314e-32 -0.866025
v 103.338 -3 -53.5655
vt -5.31109 9.71445e-16
vt -5.29464 9.71445e-16
vt -5.29464 0.0787402
f 2603/6452/748 2604/6453/748 2602/6454/747 2601/6455/747 

v 103.669 -1 -53.8197
vt -5.28102 0.0787402
vn -0.707107 2.45123e-31 -0.707107
v 103.669 -3 -53.8197
vt -5.28102 9.71445e-16
vt -5.26458 9.71445e-16
vt -5.26458 0.0787402
f 2605/6456/749 2606/6457/749 2604/6458/748 2603/6459/748 

v 103.923 -1 -54.1511
vt -4.89162 0.0787402
vn -0.866025 2.45123e-31 -0.5
v 103.923 -3 -54.1511
vt -4.89162 9.71445e-16
vt -4.87518 9.71445e-16
vt -4.87518 0.0787402
f 2607/6460/750 2608/6461/750 2606/6462/749 2605/6463/749 

v 104.083 -1 -54.537
vt -4.16943 0.0787402
v 104.083 -3 -54.537
vt -4.16943 9.71445e-16
vt -4.15298 9.71445e-16
vt -4.15298 0.0787402
f 2609/6464/254 2610/6465/254 2608/6466/750 2607/6467/750 

v 104.138 -1 -54.9511
vt -3.16365 0.0787402
vt -3.16365 9.71445e-16
vt -3.14721 9.71445e-16
vt -3.14721 0.0787402
f 2611/6468/118 2038/6469/118 2610/6470/254 2609/6471/254 

v 104.083 -1 -55.3652
vt -1.94284 0.0787402
vt -1.94284 9.71445e-16
vt -1.92639 9.71445e-16
vt -1.92639 0.0787402
f 2612/6472/256 2582/6473/256 2038/6474/118 2611/6475/118 

v 103.923 -1 -55.7511
vt -0.590187 0.0787402
vn -0.866025 -2.45123e-31 0.5
vt -0.590187 9.71445e-16
vt -0.573742 9.71445e-16
vt -0.573742 0.0787402
f 2613/6476/751 2583/6477/751 2582/6478/256 2612/6479/256 

v 103.669 -1 -56.0825
vt 0.802126 0.0787402
vn -0.707107 -2.45123e-31 0.707107
vt 0.802126 9.71445e-16
vt 0.81857 9.71445e-16
vt 0.81857 0.0787402
f 2614/6480/752 2584/6481/752 2583/6482/751 2613/6483/751 

v 103.338 -1 -56.3368
vt 2.13921 0.0787402
vt 2.13921 9.71445e-16
vt 2.15566 9.71445e-16
vt 2.15566 0.0787402
f 2615/6484/480 2585/6485/480 2584/6486/752 2614/6487/752 

v 102.952 -1 -56.4966
vt 3.32996 0.0787402
vt 3.32996 9.71445e-16
vt 3.3464 9.71445e-16
vt 3.3464 0.0787402
f 2616/6488/481 2586/6489/481 2585/6490/480 2615/6491/480 

v 102.538 -1 -56.5511
vt 4.29321 0.0787402
vn -4.19926e-17 -1.30866e-31 1
vt 4.29321 9.71445e-16
vt 4.30966 9.71445e-16
vt 4.30966 0.0787402
f 2617/6492/753 2587/6493/753 2586/6494/481 2616/6495/481 

v 102.123 -1 -56.4966
vt 4.96333 0.0787402
vt 4.96333 9.71445e-16
vt 4.97977 9.71445e-16
vt 4.97977 0.0787402
f 2618/6496/483 2588/6497/483 2587/6498/753 2617/6499/753 

v 101.738 -1 -56.3368
vt 5.29464 0.0787402
vt 5.29464 9.71445e-16
vt 5.31109 9.71445e-16
vt 5.31109 0.0787402
f 2619/6500/463 2589/6501/463 2588/6502/483 2618/6503/483 

v 101.406 -1 -56.0825
vt 5.26458 0.0787402
vn 0.707107 5.04028e-31 0.707107
vt 5.26458 9.71445e-16
vt 5.28102 9.71445e-16
vt 5.28102 0.0787402
f 2620/6504/754 2590/6505/754 2589/6506/463 2619/6507/463 

vt 4.87518 0.0787402
vt 4.87518 9.71445e-16
vt 4.89162 9.71445e-16
vt 4.89162 0.0787402
f 2592/6508/740 2591/6509/740 2590/6510/754 2620/6511/754 

vt 4.8968 -1.36295
vt 4.86999 -1.36295
vt 4.87518 -1.41863
vt 4.89162 -1.41863
f 2277/6512/369 2280/6513/369 2592/6514/369 2620/6515/369 

vt 4.17461 -2.20493
vt 4.1478 -2.20493
vt 4.15298 -2.26061
vt 4.16943 -2.26061
f 2280/6516/172 2282/6517/172 2284/6518/172 2592/6519/172 

vt 5.2862 -0.417486
vt 5.25939 -0.417486
vt 5.26458 -0.473164
vt 5.28102 -0.473164
f 2275/6520/143 2277/6521/143 2620/6522/143 2619/6523/143 

vt 5.31627 0.567027
vt 5.28946 0.567027
vt 5.29464 0.51135
vt 5.31109 0.51135
f 2274/6524/142 2275/6525/142 2619/6526/142 2618/6527/142 

vt 4.98496 1.5235
vt 4.95815 1.5235
vt 4.96333 1.46782
vt 4.97977 1.46782
f 2271/6528/141 2274/6529/141 2618/6530/141 2617/6531/141 

vt 4.31484 2.38674
vt 4.28803 2.38674
vt 4.29321 2.33106
vt 4.30966 2.33106
f 2269/6532/140 2271/6533/140 2617/6534/140 2616/6535/140 

vt 3.35159 3.09793
vt 3.32478 3.09793
vt 3.32996 3.04225
vt 3.3464 3.04225
f 2268/6536/309 2269/6537/309 2616/6538/309 2615/6539/309 

vt 2.16084 3.6086
vt 2.13403 3.6086
vt 2.13921 3.55292
vt 2.15566 3.55292
f 2265/6540/138 2268/6541/138 2615/6542/138 2614/6543/138 

vt 0.823753 3.88395
vt 0.796943 3.88395
vt 0.802126 3.82827
vt 0.81857 3.82827
f 2263/6544/308 2265/6545/308 2614/6546/308 2613/6547/308 

vt -0.568559 3.90521
vt -0.59537 3.90521
vt -0.590187 3.84953
vt -0.573742 3.84953
f 2262/6548/371 2263/6549/371 2613/6550/371 2612/6551/371 

vt -1.92121 3.67093
vt -1.94802 3.67093
vt -1.94284 3.61526
vt -1.92639 3.61526
f 2260/6552/162 2262/6553/162 2612/6554/162 2611/6555/162 

vt -3.14165 3.19709
vt -3.16883 3.19709
vt -3.16365 3.14141
vt -3.14721 3.14141
f 2380/6556/153 2260/6557/153 2611/6558/153 2609/6559/153 

vt -4.14816 2.51892
vn -0.652479 0.707974 -0.270266
vt -4.17425 2.51892
vt -4.16943 2.46317
vt -4.15298 2.46317
f 2381/6560/755 2380/6561/755 2609/6562/755 2607/6563/755 

vt -4.86999 1.67398
vt -4.89718 1.67398
vt -4.89162 1.61831
vt -4.87518 1.61831
f 2384/6564/151 2381/6565/151 2607/6566/151 2605/6567/151 

vt -5.25939 0.728519
vt -5.2862 0.728519
vt -5.28102 0.672841
vt -5.26458 0.672841
f 2385/6568/150 2384/6569/150 2605/6570/150 2603/6571/150 

vt -5.28946 -0.255995
vt -5.31627 -0.255995
vt -5.31109 -0.311672
vt -5.29464 -0.311672
f 2387/6572/149 2385/6573/149 2603/6574/149 2601/6575/149 

vt -4.95815 -1.21246
vt -4.98496 -1.21246
vt -4.97977 -1.26814
vt -4.96333 -1.26814
f 2390/6576/164 2387/6577/164 2601/6578/164 2599/6579/164 

vt -4.28802 -2.07571
vt -4.31484 -2.07571
vt -4.30966 -2.13139
vt -4.29321 -2.13139
f 2392/6580/147 2390/6581/147 2599/6582/147 2597/6583/147 

vt -3.32478 -2.78696
vn 0.270592 0.707123 -0.653266
vt -3.35158 -2.78696
vt -3.3464 -2.84264
vt -3.32996 -2.84264
f 2393/6584/756 2392/6585/756 2597/6586/756 2595/6587/756 

vt -2.13403 -3.29757
vt -2.16085 -3.29757
vt -2.15566 -3.35325
vt -2.13921 -3.35325
f 2396/6588/159 2393/6589/159 2595/6590/159 2594/6591/159 

vt -0.796943 -3.57291
vt -0.823753 -3.57291
vt -0.81857 -3.62859
vt -0.802126 -3.62859
f 2398/6592/158 2396/6593/158 2594/6594/158 2593/6595/158 

vt 0.59537 -3.59418
vt 0.568559 -3.59418
vt 0.573742 -3.64985
vt 0.590187 -3.64985
f 2285/6596/157 2398/6597/157 2593/6598/157 2286/6599/157 

f 2582/6397/75 2039/4686/75 2038/4685/75

vt -4.73735 1.93193
vt -4.73735 2.55068
f 2418/6600/75 2610/6601/75 2038/4685/75

vt -4.73105 1.94713
f 2420/6602/75 2610/6601/75 2418/6600/75

vt -4.73105 2.53549
f 2420/6602/75 2608/6603/75 2610/6601/75

vt -4.72104 1.96017
f 2422/6604/75 2608/6603/75 2420/6602/75

vt -4.72104 2.52244
f 2422/6604/75 2606/6605/75 2608/6603/75

vt -4.708 1.97018
f 2424/6606/75 2606/6605/75 2422/6604/75

vt -4.708 2.51243
f 2424/6606/75 2604/6607/75 2606/6605/75

vt -4.6928 1.97648
f 2426/6608/75 2604/6607/75 2424/6606/75

vt -4.6928 2.50614
f 2426/6608/75 2602/6609/75 2604/6607/75

vt -4.6765 1.97862
f 2428/6610/75 2602/6609/75 2426/6608/75

vt -4.6765 2.50399
f 2428/6610/75 2600/6611/75 2602/6609/75

vt -4.6602 1.97648
f 2430/6612/75 2600/6611/75 2428/6610/75

vt -4.6602 2.50614
f 2430/6612/75 2598/6613/75 2600/6611/75

vt -4.645 1.97018
f 2432/6614/75 2598/6613/75 2430/6612/75

vt -4.645 2.51243
f 2432/6614/75 2596/6615/75 2598/6613/75

f 2434/5864/75 2596/6615/75 2432/6614/75

f 2434/5864/75 2435/5863/75 2596/6615/75

f 2418/6600/75 2038/4685/75 2036/4683/75

vt -4.61565 1.89933
f 2403/6616/75 2185/5256/75 2402/5868/75

vt -4.61565 1.28149
f 2185/5256/75 2403/6616/75 2227/6617/75

vt -4.62195 1.88413
f 2227/6617/75 2403/6616/75 2404/6618/75

vt -4.62195 1.29668
f 2227/6617/75 2404/6618/75 2226/6619/75

vt -4.63196 1.87109
f 2226/6619/75 2404/6618/75 2406/6620/75

vt -4.63196 1.30973
f 2226/6619/75 2406/6620/75 2225/6621/75

vt -4.645 1.86108
f 2225/6621/75 2406/6620/75 2407/6622/75

vt -4.645 1.31974
f 2225/6621/75 2407/6622/75 2223/6623/75

vt -4.6602 1.85478
f 2223/6623/75 2407/6622/75 2408/6624/75

vt -4.6602 1.32603
f 2223/6623/75 2408/6624/75 2221/6625/75

vt -4.6765 1.85264
f 2221/6625/75 2408/6624/75 2409/6626/75

vt -4.6765 1.32818
f 2221/6625/75 2409/6626/75 2219/6627/75

vt -4.6928 1.85478
f 2219/6627/75 2409/6626/75 2410/6628/75

vt -4.6928 1.32603
f 2219/6627/75 2410/6628/75 2217/6629/75

vt -4.708 1.86108
f 2217/6629/75 2410/6628/75 2412/6630/75

vt -4.708 1.31974
f 2217/6629/75 2412/6630/75 2215/6631/75

vt -4.72104 1.87109
f 2215/6631/75 2412/6630/75 2414/6632/75

vt -4.72104 1.30973
f 2215/6631/75 2414/6632/75 2213/6633/75

vt -4.73105 1.88413
f 2213/6633/75 2414/6632/75 2415/6634/75

vt -4.73105 1.29668
f 2213/6633/75 2415/6634/75 2211/6635/75

vt -4.73735 1.89933
f 2211/6635/75 2415/6634/75 2416/6636/75

vt -4.73735 1.28149
f 2211/6635/75 2416/6636/75 2209/6637/75

f 2209/6637/75 2416/6636/75 2036/4683/75

f 2209/6637/75 2036/4683/75 2035/4682/75

vt 4.38005 -1.64333
vt 4.35324 -1.64333
vt 4.35842 -1.69901
vt 4.37487 -1.69901
f 2395/6638/369 2397/6639/369 2399/6640/369 2433/6641/369 

vt 4.88969 -0.782886
vt 4.86287 -0.782886
vt 4.86806 -0.838563
vt 4.8845 -0.838563
f 2394/6642/143 2395/6643/143 2433/6644/143 2431/6645/143 

vt 5.067 0.14151
vn 0.270593 0.707121 0.653269
vt 5.0402 0.14151
vt 5.04538 0.0858309
vt 5.06183 0.0858309
f 2391/6646/757 2394/6647/757 2431/6648/757 2429/6649/757 

vt 4.89994 1.06686
vt 4.87312 1.06686
vt 4.87831 1.01118
vt 4.89475 1.01118
f 2389/6650/141 2391/6651/141 2429/6652/141 2427/6653/141 

vt 4.39986 1.93011
vt 4.37305 1.93011
vt 4.37823 1.87443
vt 4.39467 1.87443
f 2388/6654/140 2389/6655/140 2427/6656/140 2425/6657/140 

vt 3.60085 2.67241
vt 3.57404 2.67241
vt 3.57922 2.61674
vt 3.59567 2.61674
f 2386/6658/309 2388/6659/309 2425/6660/309 2423/6661/309 

vt 2.55736 3.2432
vt 2.53055 3.2432
vt 2.53573 3.18752
vt 2.55218 3.18752
f 2383/6662/138 2386/6663/138 2423/6664/138 2421/6665/138 

vt 1.34051 3.60357
vt 1.3137 3.60357
vt 1.31888 3.54789
vt 1.33532 3.54789
f 2382/6666/308 2383/6667/308 2421/6668/308 2419/6669/308 

vt 0.0332126 3.72895
vt 0.00640197 3.72895
vt 0.0115851 3.67328
vt 0.0280294 3.67328
f 2379/6670/371 2382/6671/371 2419/6672/371 2417/6673/371 

vt -1.27543 3.61082
vt -1.30224 3.61082
vt -1.29706 3.55514
vt -1.28061 3.55514
f 2318/6674/162 2379/6675/162 2417/6676/162 2319/6677/162 

vt -4.35324 1.95436
vt -4.38005 1.95436
vt -4.37487 1.89869
vt -4.35842 1.89869
f 2309/6678/151 2312/6679/151 2317/6680/151 2413/6681/151 

vt -4.86287 1.09392
vt -4.88968 1.09392
vt -4.8845 1.03824
vt -4.86806 1.03824
f 2308/6682/150 2309/6683/150 2413/6684/150 2411/6685/150 

vt -5.0402 0.169522
vt -5.06701 0.169522
vt -5.06183 0.113845
vt -5.04538 0.113845
f 2304/6686/149 2308/6687/149 2411/6688/149 2305/6689/149 

vt -2.53055 -2.93217
vt -2.55736 -2.93217
vt -2.55218 -2.98785
vt -2.53573 -2.98785
f 2293/6690/159 2296/6691/159 2302/6692/159 2405/6693/159 

vt -1.3137 -3.29253
vt -1.34051 -3.29253
vt -1.33532 -3.34821
vt -1.31888 -3.34821
f 2291/6694/158 2293/6695/158 2405/6696/158 2292/6697/158 

vt 4.78948 -0.280966
vt 4.79647 -0.336303
vn 0.272263 0.70273 0.6573
vt 4.81291 -0.336303
f 2295/6698/643 2222/6699/758 2220/6700/643

v 111.561 0 -13.2076
vt 5.03174 0.923537
f 1729/4026/3 2621/6701/3 950/1961/3

v 111.663 0 -12.4311
vt 5.03576 0.892968
f 1729/4026/3 2622/6702/3 2621/6701/3

v 111.963 0 -11.7076
vt 5.04756 0.864482
f 1729/4026/3 2623/6703/3 2622/6702/3

v 112.439 0 -11.0862
vt 5.06633 0.84002
f 1729/4026/3 2624/6704/3 2623/6703/3

v 124.936 0 3.99397
f 1729/4026/3 2625/4130/3 2624/6704/3

f 1729/4026/3 1730/4027/3 2625/4130/3

vt 3.94589 0.11811
vn -0.763708 0 0.645561
vt 4.01298 0.11811
vt 4.01298 0.369026
vt 3.94589 0.369026
f 2625/6705/759 1730/6706/494 1732/6707/494 1782/6708/759 

v 124.016 0 2.56011
vt 2.72913 0.11811
vn -0.904769 0 0.425902
vt 2.79622 0.11811
vt 2.79622 0.369026
vt 2.72913 0.369026
f 2626/6709/760 2625/6710/759 1782/6711/759 1784/6712/760 

v 115.337 0 -10.3098
vt 5.18042 0.809451
f 2627/6713/3 2625/4130/3 2626/4132/3

v 114.561 0 -10.2076
vt 5.14985 0.805427
f 2628/6714/3 2625/4130/3 2627/6713/3

v 113.784 0 -10.3098
vt 5.11928 0.809451
f 2629/6715/3 2625/4130/3 2628/6714/3

v 113.061 0 -10.6095
vt 5.09079 0.821251
f 2630/6716/3 2625/4130/3 2629/6715/3

f 2624/6704/3 2625/4130/3 2630/6716/3

vt 3.50802 0.11811
vt 3.53885 0.11811
v 113.061 5 -10.6095
vt 3.53885 0.314961
v 112.439 5 -11.0862
vt 3.50802 0.314961
f 2624/6717/258 2630/6718/253 2631/6719/253 2632/6720/258 

vt 4.389 0.11811
vt 4.41983 0.11811
v 113.784 5 -10.3098
vt 4.41983 0.314961
vt 4.389 0.314961
f 2630/6721/253 2629/6722/136 2633/6723/136 2631/6724/253 

vt 4.96983 0.11811
vt 5.00066 0.11811
v 114.561 5 -10.2076
vt 5.00066 0.314961
vt 4.96983 0.314961
f 2629/6725/136 2628/6726/137 2634/6727/137 2633/6728/136 

vt 5.21092 0.11811
vt 5.24175 0.11811
v 115.337 5 -10.3098
vt 5.24175 0.314961
vt 5.21092 0.314961
f 2628/6729/137 2627/6730/145 2635/6731/145 2634/6732/137 

vt 5.09585 0.11811
v 116.061 0 -10.6095
vt 5.12668 0.11811
v 116.061 5 -10.6095
vt 5.12668 0.314961
vt 5.09585 0.314961
f 2627/6733/145 2636/6734/130 2637/6735/130 2635/6736/145 

vt 5.2089 0.821251
f 2627/6713/3 2626/4132/3 2636/6737/3

v 116.682 0 -11.0862
vt 5.23337 0.84002
f 2636/6737/3 2626/4132/3 2638/6738/3

v 117.159 0 -11.7076
vt 5.25214 0.864482
f 2638/6738/3 2626/4132/3 2639/6739/3

v 117.458 0 -12.4311
vt 5.26394 0.892968
f 2639/6739/3 2626/4132/3 2640/6740/3

v 117.561 0 -13.2076
vt 5.26796 0.923537
f 2640/6740/3 2626/4132/3 2641/6741/3

v 123.497 0 0.936779
f 2641/6741/3 2626/4132/3 2642/4134/3

vt 1.32411 0.11811
vn -0.984172 0 0.177218
vt 1.3912 0.11811
vt 1.3912 0.369026
vt 1.32411 0.369026
f 2642/6742/761 2626/6743/760 1784/6744/760 1786/6745/761 

vt -0.173441 0.11811
vt -0.106352 0.11811
vt -0.106352 0.369026
vt -0.173441 0.369026
f 1789/6746/501 2642/6747/761 1786/6748/761 1787/6749/501 

v 117.561 0 -84.9818
vt 5.26796 3.7493
f 2643/6750/3 2642/4134/3 1789/4135/3

f 2641/6741/3 2642/4134/3 2643/6750/3

v 117.458 0 -84.2054
vt 5.26394 3.71873
f 2644/6751/3 2641/6741/3 2643/6750/3

v 117.458 0 -13.984
vt 5.26394 0.954106
f 2644/6751/3 2645/6752/3 2641/6741/3

v 117.159 0 -14.7076
vt 5.25214 0.982592
f 2644/6751/3 2646/6753/3 2645/6752/3

v 117.159 0 -83.4818
vt 5.25214 3.69024
f 2647/6754/3 2646/6753/3 2644/6751/3

v 116.682 0 -82.8605
vt 5.23337 3.66578
f 2648/6755/3 2646/6753/3 2647/6754/3

v 116.682 0 -15.3289
vt 5.23337 1.00705
f 2648/6755/3 2649/6756/3 2646/6753/3

v 116.061 0 -82.3838
vt 5.2089 3.64701
f 2650/6757/3 2649/6756/3 2648/6755/3

v 116.061 0 -15.8056
vt 5.2089 1.02582
f 2650/6757/3 2651/6758/3 2649/6756/3

v 115.337 0 -82.0841
vt 5.18042 3.63521
f 2652/6759/3 2651/6758/3 2650/6757/3

v 115.337 0 -16.1053
vt 5.18042 1.03762
f 2652/6759/3 2653/6760/3 2651/6758/3

v 114.561 0 -81.9818
vt 5.14985 3.63119
f 2654/6761/3 2653/6760/3 2652/6759/3

v 114.561 0 -16.2076
vt 5.14985 1.04165
f 2654/6761/3 2655/6762/3 2653/6760/3

v 113.784 0 -82.0841
vt 5.11928 3.63521
f 2656/6763/3 2655/6762/3 2654/6761/3

v 113.784 0 -16.1053
vt 5.11928 1.03762
f 2656/6763/3 2657/6764/3 2655/6762/3

v 113.061 0 -82.3838
vt 5.09079 3.64701
f 2658/6765/3 2657/6764/3 2656/6763/3

v 113.061 0 -15.8056
vt 5.09079 1.02582
f 2658/6765/3 2659/6766/3 2657/6764/3

v 112.439 0 -82.8605
vt 5.06633 3.66578
f 2660/6767/3 2659/6766/3 2658/6765/3

v 112.439 0 -15.3289
vt 5.06633 1.00705
f 2660/6767/3 2661/6768/3 2659/6766/3

v 111.963 0 -83.4818
vt 5.04756 3.69024
f 2662/6769/3 2661/6768/3 2660/6767/3

v 111.963 0 -14.7076
vt 5.04756 0.982592
f 2662/6769/3 2663/6770/3 2661/6768/3

v 111.663 0 -84.2054
vt 5.03576 3.71873
f 2664/6771/3 2663/6770/3 2662/6769/3

v 111.663 0 -13.984
vt 5.03576 0.954106
f 2664/6771/3 2665/6772/3 2663/6770/3

v 111.561 0 -84.9818
vt 5.03174 3.7493
f 2666/6773/3 2665/6772/3 2664/6771/3

f 2665/6772/3 2666/6773/3 2621/6701/3

f 2666/6773/3 950/1961/3 2621/6701/3

v 111.663 0 -85.7583
vt 5.03576 3.77986
f 2667/6774/3 950/1961/3 2666/6773/3

v 111.963 0 -86.4818
vt 5.04756 3.80835
f 2668/6775/3 950/1961/3 2667/6774/3

v 112.439 0 -87.1032
vt 5.06633 3.83281
f 2669/6776/3 950/1961/3 2668/6775/3

f 949/1960/3 950/1961/3 2669/6776/3

v 113.061 0 -87.5799
vt 5.09079 3.85158
f 949/1960/3 2669/6776/3 2670/6777/3

vt -6.38349 0.11811
vt -6.35266 0.11811
v 112.439 5 -87.1032
vt -6.35266 0.314961
v 113.061 5 -87.5799
vt -6.38349 0.314961
f 2670/6778/127 2669/6779/128 2671/6780/128 2672/6781/127 

vt -6.12496 0.11811
vt -6.09413 0.11811
v 111.963 5 -86.4818
vt -6.09413 0.314961
vt -6.12496 0.314961
f 2669/6782/128 2668/6783/4 2673/6784/4 2671/6785/128 

vt -5.45008 0.11811
vt -5.41924 0.11811
v 111.663 5 -85.7583
vt -5.41924 0.314961
vt -5.45008 0.314961
f 2668/6786/4 2667/6787/254 2674/6788/254 2673/6789/4 

vt -4.40483 0.11811
vt -4.37399 0.11811
vn -1 0 -9.0984e-16
v 111.561 5 -84.9818
vt -4.37399 0.314961
vt -4.40483 0.314961
f 2667/6790/254 2666/6791/762 2675/6792/762 2674/6793/254 

vt -3.06045 0.11811
vt -3.02961 0.11811
v 111.663 5 -84.2054
vt -3.02961 0.314961
vt -3.06045 0.314961
f 2666/6794/762 2664/6795/256 2676/6796/256 2675/6797/762 

vt -1.50855 0.11811
vt -1.47772 0.11811
v 111.963 5 -83.4818
vt -1.47772 0.314961
vt -1.50855 0.314961
f 2664/6798/256 2662/6799/257 2677/6800/257 2676/6801/256 

vt 0.145097 0.11811
vt 0.17593 0.11811
v 112.439 5 -82.8605
vt 0.17593 0.314961
vt 0.145097 0.314961
f 2662/6802/257 2660/6803/258 2678/6804/258 2677/6805/257 

vt 1.78781 0.11811
vt 1.81864 0.11811
v 113.061 5 -82.3838
vt 1.81864 0.314961
vt 1.78781 0.314961
f 2660/6806/258 2658/6807/253 2679/6808/253 2678/6809/258 

vt 3.30763 0.11811
vt 3.33846 0.11811
v 113.784 5 -82.0841
vt 3.33846 0.314961
vt 3.30763 0.314961
f 2658/6810/253 2656/6811/136 2680/6812/136 2679/6813/253 

vt 4.60099 0.11811
vt 4.63183 0.11811
v 114.561 5 -81.9818
vt 4.63183 0.314961
vt 4.60099 0.314961
f 2656/6814/136 2654/6815/729 2681/6816/729 2680/6817/136 

vt 5.57976 0.11811
vt 5.61059 0.11811
v 115.337 5 -82.0841
vt 5.61059 0.314961
vt 5.57976 0.314961
f 2654/6818/729 2652/6819/145 2682/6820/145 2681/6821/729 

vt 6.17722 0.11811
vt 6.20805 0.11811
v 116.061 5 -82.3838
vt 6.20805 0.314961
vt 6.17722 0.314961
f 2652/6822/145 2650/6823/130 2683/6824/130 2682/6825/145 

vt 6.35266 0.11811
vt 6.38349 0.11811
v 116.682 5 -82.8605
vt 6.38349 0.314961
vt 6.35266 0.314961
f 2650/6826/130 2648/6827/1 2684/6828/1 2683/6829/130 

vt 6.09413 0.11811
vt 6.12496 0.11811
v 117.159 5 -83.4818
vt 6.12496 0.314961
vt 6.09413 0.314961
f 2648/6830/1 2647/6831/2 2685/6832/2 2684/6833/1 

vt 5.41924 0.11811
vt 5.45008 0.11811
v 117.458 5 -84.2054
vt 5.45008 0.314961
vt 5.41924 0.314961
f 2647/6834/2 2644/6835/135 2686/6836/135 2685/6837/2 

vt 4.37399 0.11811
vt 4.40483 0.11811
v 117.561 5 -84.9818
vt 4.40483 0.314961
vt 4.37399 0.314961
f 2644/6838/135 2643/6839/7 2687/6840/7 2686/6841/135 

vt 3.02961 0.11811
v 117.458 0 -85.7583
vt 3.06045 0.11811
v 117.458 5 -85.7583
vt 3.06045 0.314961
vt 3.02961 0.314961
f 2643/6842/7 2688/6843/131 2689/6844/131 2687/6845/7 

v 120.659 0 -95.8276
vt 5.38996 4.17629
vt 5.26394 3.77986
f 2690/6846/3 2688/6847/3 2643/6750/3

v 117.159 0 -86.4818
vt 5.25214 3.80835
f 2690/6846/3 2691/6848/3 2688/6847/3

v 116.682 0 -87.1032
vt 5.23337 3.83281
f 2690/6846/3 2692/6849/3 2691/6848/3

v 120.934 0 -96.4624
vt 5.40079 4.20129
f 2693/6850/3 2692/6849/3 2690/6846/3

v 116.061 0 -87.5799
vt 5.2089 3.85158
f 2693/6850/3 2694/6851/3 2692/6849/3

v 115.337 0 -87.8796
vt 5.18042 3.86338
f 2693/6850/3 2695/6852/3 2694/6851/3

v 114.561 0 -87.9818
vt 5.14985 3.86741
f 2693/6850/3 2696/6853/3 2695/6852/3

v 113.784 0 -87.8796
vt 5.11928 3.86338
f 2693/6850/3 2697/6854/3 2696/6853/3

f 949/1960/3 2697/6854/3 2693/6850/3

f 949/1960/3 2670/6777/3 2697/6854/3

vt -6.20805 0.11811
vt -6.17722 0.11811
vt -6.17722 0.314961
v 113.784 5 -87.8796
vt -6.20805 0.314961
f 2697/6855/126 2670/6856/127 2672/6857/127 2698/6858/126 

f 2672/6777/3 2680/6763/3 2698/6854/3

f 2672/6777/3 2679/6765/3 2680/6763/3

f 2671/6776/3 2679/6765/3 2672/6777/3

f 2671/6776/3 2678/6767/3 2679/6765/3

f 2673/6775/3 2678/6767/3 2671/6776/3

f 2673/6775/3 2677/6769/3 2678/6767/3

f 2674/6774/3 2677/6769/3 2673/6775/3

f 2674/6774/3 2676/6771/3 2677/6769/3

f 2676/6771/3 2674/6774/3 2675/6773/3

v 113.961 5 -84.9942
vt 5.12623 3.74978
f 2698/6854/3 2680/6763/3 2699/6859/3

v 113.978 5 -84.8385
vt 5.12691 3.74365
f 2699/6859/3 2680/6763/3 2700/6860/3

f 2700/6860/3 2680/6763/3 2681/6761/3

v 114.035 5 -84.6926
vt 5.12915 3.73791
f 2700/6860/3 2681/6761/3 2701/6861/3

v 114.128 5 -84.5664
vt 5.13281 3.73294
f 2701/6861/3 2681/6761/3 2702/6862/3

v 114.25 5 -84.4685
vt 5.13762 3.72909
f 2702/6862/3 2681/6761/3 2703/6863/3

v 114.393 5 -84.4056
vt 5.14327 3.72661
f 2703/6863/3 2681/6761/3 2704/6864/3

v 114.548 5 -84.382
vt 5.14936 3.72568
f 2704/6864/3 2681/6761/3 2705/6865/3

v 114.704 5 -84.3992
vt 5.15549 3.72636
f 2705/6865/3 2681/6761/3 2706/6866/3

f 2706/6866/3 2681/6761/3 2682/6759/3

v 114.85 5 -84.4561
vt 5.16124 3.7286
f 2706/6866/3 2682/6759/3 2707/6867/3

v 114.976 5 -84.5489
vt 5.1662 3.73225
f 2707/6867/3 2682/6759/3 2708/6868/3

v 115.074 5 -84.6712
vt 5.17006 3.73706
f 2708/6868/3 2682/6759/3 2709/6869/3

v 115.137 5 -84.8146
vt 5.17254 3.74271
f 2709/6869/3 2682/6759/3 2710/6870/3

v 115.161 5 -84.9695
vt 5.17347 3.74881
f 2710/6870/3 2682/6759/3 2711/6871/3

v 115.337 5 -87.8796
f 2712/6852/3 2711/6871/3 2682/6759/3

v 115.143 5 -85.1251
vt 5.17279 3.75494
f 2712/6852/3 2713/6872/3 2711/6871/3

v 115.086 5 -85.2711
vt 5.17055 3.76068
f 2712/6852/3 2714/6873/3 2713/6872/3

v 114.994 5 -85.3973
vt 5.16689 3.76565
f 2712/6852/3 2715/6874/3 2714/6873/3

v 114.871 5 -85.4952
vt 5.16208 3.7695
f 2712/6852/3 2716/6875/3 2715/6874/3

v 114.728 5 -85.5581
vt 5.15643 3.77198
f 2712/6852/3 2717/6876/3 2716/6875/3

v 114.573 5 -85.5817
vt 5.15034 3.77291
f 2712/6852/3 2718/6877/3 2717/6876/3

v 114.561 5 -87.9818
f 2719/6853/3 2718/6877/3 2712/6852/3

v 114.417 5 -85.5645
vt 5.14421 3.77223
f 2719/6853/3 2720/6878/3 2718/6877/3

v 114.271 5 -85.5075
vt 5.13846 3.76999
f 2719/6853/3 2721/6879/3 2720/6878/3

v 114.145 5 -85.4148
vt 5.13349 3.76634
f 2719/6853/3 2722/6880/3 2721/6879/3

v 114.047 5 -85.2925
vt 5.12964 3.76153
f 2719/6853/3 2723/6881/3 2722/6880/3

v 113.984 5 -85.1491
vt 5.12716 3.75588
f 2719/6853/3 2724/6882/3 2723/6881/3

f 2698/6854/3 2724/6882/3 2719/6853/3

f 2724/6882/3 2698/6854/3 2699/6859/3

vt 4.48683 0.314961
vn 0.960379 0 0.278697
vt 4.48066 0.314961
vn 0.999787 0 0.0206365
v 113.961 0 -84.9942
vt 4.48066 0.11811
v 113.984 0 -85.1491
vt 4.48683 0.11811
f 2724/6883/763 2699/6884/764 2725/6885/764 2726/6886/763 

vt 3.16293 0.314961
vt 3.15676 0.314961
vn 0.971061 0 -0.238831
v 113.978 0 -84.8385
vt 3.15676 0.11811
vt 3.16293 0.11811
f 2699/6887/764 2700/6888/765 2727/6889/765 2725/6890/764 

vt 1.62369 0.314961
vt 1.61753 0.314961
vn 0.876159 0 -0.482022
v 114.035 0 -84.6926
vt 1.61753 0.11811
vt 1.62369 0.11811
f 2700/6891/765 2701/6892/766 2728/6893/766 2727/6894/765 

vt -0.0259814 0.314961
vt -0.032148 0.314961
vn 0.721548 0 -0.692364
v 114.128 0 -84.5664
vt -0.032148 0.11811
vt -0.0259814 0.11811
f 2701/6895/766 2702/6896/767 2729/6897/767 2728/6898/766 

vt -1.67368 0.314961
vt -1.67984 0.314961
vn 0.517765 0 -0.855523
v 114.25 0 -84.4685
vt -1.67984 0.11811
vt -1.67368 0.11811
f 2702/6899/767 2703/6900/768 2730/6901/768 2729/6902/767 

vt -3.2071 0.314961
vt -3.21327 0.314961
vn 0.278697 0 -0.960379
v 114.393 0 -84.4056
vt -3.21327 0.11811
vt -3.2071 0.11811
f 2703/6903/768 2704/6904/769 2731/6905/769 2730/6906/768 

vt -4.52176 0.314961
vt -4.52793 0.314961
vn 0.0206365 0 -0.999787
v 114.548 0 -84.382
vt -4.52793 0.11811
vt -4.52176 0.11811
f 2704/6907/769 2705/6908/770 2732/6909/770 2731/6910/769 

vt -5.52806 0.314961
vt -5.53423 0.314961
vn -0.238831 0 -0.971061
v 114.704 0 -84.3992
vt -5.53423 0.11811
vt -5.52806 0.11811
f 2705/6911/770 2706/6912/771 2733/6913/771 2732/6914/770 

vt -6.15742 0.314961
vt -6.16359 0.314961
vn -0.482022 0 -0.876159
v 114.85 0 -84.4561
vt -6.16359 0.11811
vt -6.15742 0.11811
f 2706/6915/771 2707/6916/772 2734/6917/772 2733/6918/771 

vt -6.36695 0.314961
vt -6.37312 0.314961
vn -0.692364 0 -0.721548
v 114.976 0 -84.5489
vt -6.37312 0.11811
vt -6.36695 0.11811
f 2707/6919/772 2708/6920/773 2735/6921/773 2734/6922/772 

vt -6.14237 0.314961
vt -6.14854 0.314961
vn -0.855523 0 -0.517765
v 115.074 0 -84.6712
vt -6.14854 0.11811
vt -6.14237 0.11811
f 2708/6923/773 2709/6924/774 2736/6925/774 2735/6926/773 

vt -5.49899 0.314961
vt -5.50516 0.314961
vn -0.960379 0 -0.278697
v 115.137 0 -84.8146
vt -5.50516 0.11811
vt -5.49899 0.11811
f 2709/6927/774 2710/6928/775 2737/6929/775 2736/6930/774 

vt -4.48066 0.314961
vt -4.48683 0.314961
vn -0.999787 0 -0.0206365
v 115.161 0 -84.9695
vt -4.48683 0.11811
vt -4.48066 0.11811
f 2710/6931/775 2711/6932/776 2738/6933/776 2737/6934/775 

vt -3.15676 0.314961
vt -3.16293 0.314961
vn -0.971061 0 0.238831
v 115.143 0 -85.1251
vt -3.16293 0.11811
vt -3.15676 0.11811
f 2711/6935/776 2713/6936/777 2739/6937/777 2738/6938/776 

vt -1.61753 0.314961
vt -1.62369 0.314961
vn -0.876159 0 0.482022
v 115.086 0 -85.2711
vt -1.62369 0.11811
vt -1.61753 0.11811
f 2713/6939/777 2714/6940/778 2740/6941/778 2739/6942/777 

vt 0.032148 0.314961
vt 0.0259814 0.314961
vn -0.721548 0 0.692364
v 114.994 0 -85.3973
vt 0.0259814 0.11811
vt 0.032148 0.11811
f 2714/6943/778 2715/6944/779 2741/6945/779 2740/6946/778 

vt 1.67984 0.314961
vt 1.67368 0.314961
vn -0.517765 0 0.855523
v 114.871 0 -85.4952
vt 1.67368 0.11811
vt 1.67984 0.11811
f 2715/6947/779 2716/6948/780 2742/6949/780 2741/6950/779 

vt 3.21327 0.314961
vt 3.2071 0.314961
vn -0.278697 0 0.960379
v 114.728 0 -85.5581
vt 3.2071 0.11811
vt 3.21327 0.11811
f 2716/6951/780 2717/6952/781 2743/6953/781 2742/6954/780 

vt 4.52793 0.314961
vt 4.52176 0.314961
vn -0.0206365 0 0.999787
v 114.573 0 -85.5817
vt 4.52176 0.11811
vt 4.52793 0.11811
f 2717/6955/781 2718/6956/782 2744/6957/782 2743/6958/781 

vt 5.53423 0.314961
vt 5.52806 0.314961
vn 0.238831 0 0.971061
v 114.417 0 -85.5645
vt 5.52806 0.11811
vt 5.53423 0.11811
f 2718/6959/782 2720/6960/783 2745/6961/783 2744/6962/782 

vt 6.16359 0.314961
vt 6.15742 0.314961
vn 0.482022 0 0.876159
v 114.271 0 -85.5075
vt 6.15742 0.11811
vt 6.16359 0.11811
f 2720/6963/783 2721/6964/784 2746/6965/784 2745/6966/783 

vt 6.37312 0.314961
vt 6.36695 0.314961
vn 0.692364 0 0.721548
v 114.145 0 -85.4148
vt 6.36695 0.11811
vt 6.37312 0.11811
f 2721/6967/784 2722/6968/785 2747/6969/785 2746/6970/784 

vt 6.14854 0.314961
vt 6.14237 0.314961
vn 0.855523 0 0.517765
v 114.047 0 -85.2925
vt 6.14237 0.11811
vt 6.14854 0.11811
f 2722/6971/785 2723/6972/786 2748/6973/786 2747/6974/785 

vt 5.50516 0.314961
vt 5.49899 0.314961
vt 5.49899 0.11811
vt 5.50516 0.11811
f 2723/6975/786 2724/6976/763 2726/6977/763 2748/6978/786 

f 2727/6860/3 2728/6861/3 2729/6862/3 2730/6863/3 2731/6864/3 2732/6865/3 2733/6866/3 2734/6867/3 2735/6868/3 2736/6869/3 2737/6870/3 2738/6871/3 2739/6872/3 2740/6873/3 2741/6874/3 2742/6875/3 2743/6876/3 2744/6877/3 2745/6878/3 2746/6879/3 2747/6880/3 2748/6881/3 2726/6882/3 2725/6859/3 

vt -5.61059 0.11811
vt -5.57976 0.11811
vt -5.57976 0.314961
vt -5.61059 0.314961
f 2696/6979/730 2697/6980/126 2698/6981/126 2719/6982/730 

vt -4.63183 0.11811
vt -4.60099 0.11811
vt -4.60099 0.314961
vt -4.63183 0.314961
f 2695/6983/129 2696/6984/730 2719/6985/730 2712/6986/129 

vt -3.33846 0.11811
vt -3.30763 0.11811
vt -3.30763 0.314961
v 116.061 5 -87.5799
vt -3.33846 0.314961
f 2694/6987/134 2695/6988/129 2712/6989/129 2749/6990/134 

f 2712/6852/3 2683/6757/3 2749/6851/3

f 2712/6852/3 2682/6759/3 2683/6757/3

f 2749/6851/3 2683/6757/3 2684/6755/3

v 116.682 5 -87.1032
f 2749/6851/3 2684/6755/3 2750/6849/3

f 2750/6849/3 2684/6755/3 2685/6754/3

v 117.159 5 -86.4818
f 2750/6849/3 2685/6754/3 2751/6848/3

f 2751/6848/3 2685/6754/3 2686/6751/3

f 2751/6848/3 2686/6751/3 2689/6847/3

f 2689/6847/3 2686/6751/3 2687/6750/3

vt 1.47772 0.11811
vt 1.50855 0.11811
vt 1.50855 0.314961
vt 1.47772 0.314961
f 2688/6991/131 2691/6992/132 2751/6993/132 2689/6994/131 

vt -0.17593 0.11811
vt -0.145097 0.11811
vt -0.145097 0.314961
vt -0.17593 0.314961
f 2691/6995/132 2692/6996/133 2750/6997/133 2751/6998/132 

vt -1.81864 0.11811
vt -1.78781 0.11811
vt -1.78781 0.314961
vt -1.81864 0.314961
f 2692/6999/133 2694/7000/134 2749/7001/134 2750/7002/133 

vt -6.67531 0.11811
vn -0.695531 0 -0.718496
vt -6.64807 0.11811
vn -0.857792 0 -0.513997
v 120.934 5 -96.4624
vt -6.64807 0.314961
v 121.365 5 -97.0045
vt -6.67531 0.314961
f 949/7003/787 2693/7004/788 2752/7005/788 2753/7006/787 

vt -6.00241 0.11811
vt -5.97517 0.11811
vn -0.961596 0 -0.27447
v 120.659 5 -95.8276
vt -5.97517 0.314961
vt -6.00241 0.314961
f 2693/7007/788 2690/7008/789 2754/7009/789 2752/7010/788 

vt -4.92138 0.11811
v 120.558 0 -95.1431
vt -4.89414 0.11811
vn -0.999868 0 -0.0162388
v 120.558 5 -95.1431
vt -4.89414 0.314961
vt -4.92138 0.314961
f 2690/7011/789 2755/7012/790 2756/7013/790 2754/7014/789 

vt 5.38596 4.14935
f 2690/6846/3 2643/6750/3 2755/7015/3

f 2643/6750/3 1789/4135/3 2755/7015/3

v 120.637 0 -94.4557
vt 5.38908 4.12228
f 2755/7015/3 1789/4135/3 2757/7016/3

v 120.891 0 -93.8123
vt 5.39909 4.09695
f 2757/7016/3 1789/4135/3 2758/7017/3

v 121.304 0 -93.2566
vt 5.41532 4.07507
f 2758/7017/3 1789/4135/3 2759/7018/3

v 121.846 0 -92.8265
vt 5.43666 4.05814
f 2759/7018/3 1789/4135/3 2760/7019/3

v 122.481 0 -92.5513
vt 5.46166 4.04731
f 2760/7019/3 1789/4135/3 2761/7020/3

f 2761/7020/3 1789/4135/3 1791/4141/3

vt 4.80927 0.11811
vn -0.27447 0 0.961596
vt 4.83651 0.11811
vt 4.83651 0.314961
v 122.481 5 -92.5513
vt 4.80927 0.314961
f 2761/7021/791 1791/7022/502 1793/7023/502 2762/7024/791 

v 122.629 5 -94.9448
vt 5.46748 4.14154
f 2763/7025/3 2762/7020/3 1793/4141/3

v 122.608 5 -95.1001
vt 5.46668 4.14765
f 2764/7026/3 2762/7020/3 2763/7025/3

v 122.564 5 -97.6711
f 2765/1958/3 2762/7020/3 2764/7026/3

v 121.92 5 -97.4167
f 2766/1959/3 2762/7020/3 2765/1958/3

v 121.846 5 -92.8265
f 2766/1959/3 2767/7019/3 2762/7020/3

f 2753/1960/3 2767/7019/3 2766/1959/3

v 121.304 5 -93.2566
f 2753/1960/3 2768/7018/3 2767/7019/3

f 2752/6850/3 2768/7018/3 2753/1960/3

v 120.891 5 -93.8123
f 2752/6850/3 2769/7017/3 2768/7018/3

f 2754/6846/3 2769/7017/3 2752/6850/3

v 120.637 5 -94.4557
f 2754/6846/3 2770/7016/3 2769/7017/3

f 2770/7016/3 2754/6846/3 2756/7015/3

vt -3.5059 0.11811
vt -3.47866 0.11811
vn -0.970001 0 0.243099
vt -3.47866 0.314961
vt -3.5059 0.314961
f 2755/7027/790 2757/7028/792 2770/7029/792 2756/7030/790 

vt -1.85242 0.11811
vt -1.82518 0.11811
vn -0.874031 0 0.485871
vt -1.82518 0.314961
vt -1.85242 0.314961
f 2757/7031/792 2758/7032/793 2769/7033/793 2770/7034/792 

vt -0.0736316 0.11811
vt -0.0463904 0.11811
vn -0.718496 0 0.695531
vt -0.0463904 0.314961
vt -0.0736316 0.314961
f 2758/7035/793 2759/7036/794 2768/7037/794 2769/7038/793 

vt 1.70925 0.11811
vt 1.73649 0.11811
vn -0.513997 0 0.857792
vt 1.73649 0.314961
vt 1.70925 0.314961
f 2759/7039/794 2760/7040/795 2767/7041/795 2768/7042/794 

vt 3.37471 0.11811
vt 3.40195 0.11811
vt 3.40195 0.314961
vt 3.37471 0.314961
f 2760/7043/795 2761/7044/791 2762/7045/791 2767/7046/795 

vt -6.89423 0.11811
vn -0.485871 0 -0.874031
vt -6.86699 0.11811
vt -6.86699 0.314961
vt -6.89423 0.314961
f 948/7047/796 949/7048/787 2753/7049/787 2766/7050/796 

vt -6.64425 0.11811
vn -0.243099 0 -0.970001
vt -6.61701 0.11811
vt -6.61701 0.314961
vt -6.64425 0.314961
f 947/7051/797 948/7052/796 2766/7053/796 2765/7054/797 

vt -5.9424 0.11811
vn 0.0162388 0 -0.999868
vt -5.91516 0.11811
vt -5.91516 0.314961
v 123.251 5 -97.7503
vt -5.9424 0.314961
f 946/7055/798 947/7056/797 2765/7057/797 2771/7058/798 

v 122.629 5 -95.2554
vt 5.46748 4.15377
f 2765/1958/3 2772/7059/3 2771/1957/3

f 2772/7059/3 2765/1958/3 2764/7026/3

vt 4.83188 0.314961
vt 4.82571 0.314961
v 122.608 0 -95.1001
vt 4.82571 0.11811
v 122.629 0 -95.2554
vt 4.83188 0.11811
f 2772/7060/135 2764/7061/7 2773/7062/7 2774/7063/135 

vt 3.39862 0.314961
vt 3.39246 0.314961
v 122.629 0 -94.9448
vt 3.39246 0.11811
vt 3.39862 0.11811
f 2764/7064/7 2763/7065/131 2775/7066/131 2773/7067/7 

vt 1.73397 0.314961
v 122.688 5 -94.8001
vt 1.7278 0.314961
v 122.688 0 -94.8001
vt 1.7278 0.11811
vt 1.73397 0.11811
f 2763/7068/131 2776/7069/132 2777/7070/132 2775/7071/131 

vt 5.46984 4.13584
f 2763/7025/3 1793/4141/3 2776/7072/3

v 122.784 5 -94.6758
vt 5.4736 4.13095
f 2776/7072/3 1793/4141/3 2778/7073/3

v 122.908 5 -94.5805
vt 5.47849 4.12719
f 2778/7073/3 1793/4141/3 2779/7074/3

v 123.053 5 -94.5205
vt 5.48419 4.12483
f 2779/7074/3 1793/4141/3 2780/7075/3

v 123.208 5 -94.5001
vt 5.4903 4.12403
f 2780/7075/3 1793/4141/3 2781/7076/3

f 2781/7076/3 1793/4141/3 1792/4140/3

v 123.363 5 -94.5205
vt 5.49641 4.12483
f 2781/7076/3 1792/4140/3 2782/7077/3

v 123.508 5 -94.5805
vt 5.50211 4.12719
f 2782/7077/3 1792/4140/3 2783/7078/3

v 123.632 5 -94.6758
vt 5.507 4.13095
f 2783/7078/3 1792/4140/3 2784/7079/3

v 123.728 5 -94.8001
vt 5.51076 4.13584
f 2784/7079/3 1792/4140/3 2785/7080/3

v 123.788 5 -94.9448
vt 5.51312 4.14154
f 2785/7080/3 1792/4140/3 2786/7081/3

v 123.808 5 -95.1001
vt 5.51392 4.14765
f 2786/7081/3 1792/4140/3 2787/7082/3

v 123.936 5 -97.6488
f 2788/1956/3 2787/7082/3 1792/4140/3

v 123.788 5 -95.2554
vt 5.51312 4.15377
f 2788/1956/3 2789/7083/3 2787/7082/3

v 123.728 5 -95.4001
vt 5.51076 4.15946
f 2788/1956/3 2790/7084/3 2789/7083/3

v 123.632 5 -95.5243
vt 5.507 4.16435
f 2788/1956/3 2791/7085/3 2790/7084/3

v 123.508 5 -95.6197
vt 5.50211 4.16811
f 2788/1956/3 2792/7086/3 2791/7085/3

v 123.363 5 -95.6796
vt 5.49641 4.17047
f 2788/1956/3 2793/7087/3 2792/7086/3

f 2771/1957/3 2793/7087/3 2788/1956/3

v 123.208 5 -95.7001
vt 5.4903 4.17127
f 2771/1957/3 2794/7088/3 2793/7087/3

v 123.053 5 -95.6796
vt 5.48419 4.17047
f 2771/1957/3 2795/7089/3 2794/7088/3

v 122.908 5 -95.6197
vt 5.47849 4.16811
f 2771/1957/3 2796/7090/3 2795/7089/3

v 122.784 5 -95.5243
vt 5.4736 4.16435
f 2771/1957/3 2797/7091/3 2796/7090/3

v 122.688 5 -95.4001
vt 5.46984 4.15946
f 2771/1957/3 2798/7092/3 2797/7091/3

f 2771/1957/3 2772/7059/3 2798/7092/3

vt 5.93606 0.314961
vt 5.92989 0.314961
vt 5.92989 0.11811
v 122.688 0 -95.4001
vt 5.93606 0.11811
f 2798/7093/2 2772/7094/135 2774/7095/135 2799/7096/2 

v 123.728 0 -94.8001
v 123.788 0 -94.9448
v 123.808 0 -95.1001
v 123.788 0 -95.2554
v 123.728 0 -95.4001
v 123.632 0 -95.5243
v 123.508 0 -95.6197
v 123.363 0 -95.6796
v 123.208 0 -95.7001
v 123.053 0 -95.6796
v 122.908 0 -95.6197
v 122.784 0 -95.5243
v 122.784 0 -94.6758
v 122.908 0 -94.5805
v 123.053 0 -94.5205
v 123.208 0 -94.5001
v 123.363 0 -94.5205
v 123.508 0 -94.5805
v 123.632 0 -94.6758
f 2800/7080/3 2801/7081/3 2802/7082/3 2803/7083/3 2804/7084/3 2805/7085/3 2806/7086/3 2807/7087/3 2808/7088/3 2809/7089/3 2810/7090/3 2811/7091/3 2799/7092/3 2774/7059/3 2773/7026/3 2775/7025/3 2777/7072/3 2812/7073/3 2813/7074/3 2814/7075/3 2815/7076/3 2816/7077/3 2817/7078/3 2818/7079/3 

vt -5.92989 0.314961
vt -5.93606 0.314961
vt -5.93606 0.11811
vt -5.92989 0.11811
f 2785/7097/4 2786/7098/254 2801/7099/254 2800/7100/4 

vt -4.82571 0.314961
vt -4.83188 0.314961
vt -4.83188 0.11811
vt -4.82571 0.11811
f 2786/7101/254 2787/7102/118 2802/7103/118 2801/7104/254 

vt -3.39246 0.314961
vt -3.39862 0.314961
vt -3.39862 0.11811
vt -3.39246 0.11811
f 2787/7105/118 2789/7106/256 2803/7107/256 2802/7108/118 

vt -1.7278 0.314961
vt -1.73397 0.314961
vt -1.73397 0.11811
vt -1.7278 0.11811
f 2789/7109/256 2790/7110/257 2804/7111/257 2803/7112/256 

vt 0.0548129 0.314961
vt 0.0486463 0.314961
vt 0.0486463 0.11811
vt 0.0548129 0.11811
f 2790/7113/257 2791/7114/258 2805/7115/258 2804/7116/257 

vt 1.8339 0.314961
vt 1.82773 0.314961
vt 1.82773 0.11811
vt 1.8339 0.11811
f 2791/7117/258 2792/7118/253 2806/7119/253 2805/7120/258 

vt 3.48822 0.314961
vt 3.48205 0.314961
vt 3.48205 0.11811
vt 3.48822 0.11811
f 2792/7121/253 2793/7122/136 2807/7123/136 2806/7124/253 

vt 4.90504 0.314961
vt 4.89887 0.314961
vt 4.89887 0.11811
vt 4.90504 0.11811
f 2793/7125/136 2794/7126/137 2808/7127/137 2807/7128/136 

vt 5.98779 0.314961
vt 5.98162 0.314961
vt 5.98162 0.11811
vt 5.98779 0.11811
f 2794/7129/137 2795/7130/145 2809/7131/145 2808/7132/137 

vt 6.6627 0.314961
vt 6.65653 0.314961
vt 6.65653 0.11811
vt 6.6627 0.11811
f 2795/7133/145 2796/7134/130 2810/7135/130 2809/7136/145 

vt 6.88376 0.314961
vt 6.87759 0.314961
vt 6.87759 0.11811
vt 6.88376 0.11811
f 2796/7137/130 2797/7138/1 2811/7139/1 2810/7140/130 

vt 6.63592 0.314961
vt 6.62975 0.314961
vt 6.62975 0.11811
vt 6.63592 0.11811
f 2797/7141/1 2798/7142/2 2799/7143/2 2811/7144/1 

vt -6.62975 0.314961
vt -6.63592 0.314961
vt -6.63592 0.11811
vt -6.62975 0.11811
f 2784/7145/128 2785/7146/4 2800/7147/4 2818/7148/128 

vt -6.87759 0.314961
vt -6.88376 0.314961
vt -6.88376 0.11811
vt -6.87759 0.11811
f 2783/7149/127 2784/7150/128 2818/7151/128 2817/7152/127 

vt -6.65653 0.314961
vt -6.6627 0.314961
vt -6.6627 0.11811
vt -6.65653 0.11811
f 2782/7153/126 2783/7154/127 2817/7155/127 2816/7156/126 

vt -5.98162 0.314961
vt -5.98779 0.314961
vt -5.98779 0.11811
vt -5.98162 0.11811
f 2781/7157/125 2782/7158/126 2816/7159/126 2815/7160/125 

vt -4.89887 0.314961
vt -4.90504 0.314961
vt -4.90504 0.11811
vt -4.89887 0.11811
f 2780/7161/129 2781/7162/125 2815/7163/125 2814/7164/129 

vt -3.48205 0.314961
vt -3.48822 0.314961
vt -3.48822 0.11811
vt -3.48205 0.11811
f 2779/7165/134 2780/7166/129 2814/7167/129 2813/7168/134 

vt -1.82773 0.314961
vt -1.8339 0.314961
vt -1.8339 0.11811
vt -1.82773 0.11811
f 2778/7169/133 2779/7170/134 2813/7171/134 2812/7172/133 

vt -0.0486463 0.314961
vt -0.0548129 0.314961
vt -0.0548129 0.11811
vt -0.0486463 0.11811
f 2776/7173/132 2778/7174/133 2812/7175/133 2777/7176/132 

vt -4.83651 0.11811
vn 0.27447 0 -0.961596
vt -4.80927 0.11811
vt -4.80927 0.314961
vt -4.83651 0.314961
f 945/7177/799 946/7178/798 2771/7179/798 2788/7180/799 

vt -3.40195 0.11811
vn 0.513997 0 -0.857792
vt -3.37471 0.11811
vt -3.37471 0.314961
v 124.57 5 -97.3737
vt -3.40195 0.314961
f 944/7181/800 945/7182/799 2788/7183/799 2819/7184/800 

f 2788/1956/3 1795/4150/3 2819/1955/3

f 2788/1956/3 1792/4140/3 1795/4150/3

f 2819/1955/3 1795/4150/3 1799/4159/3

v 125.112 5 -96.9436
f 2819/1955/3 1799/4159/3 2820/1953/3

f 2820/1953/3 1799/4159/3 1801/4168/3

v 125.525 5 -96.3879
f 2820/1953/3 1801/4168/3 2821/1952/3

v 125.757 5 -94.3726
f 2821/1952/3 1801/4168/3 2822/4169/3

vt 5.97517 0.11811
vt 6.00241 0.11811
vn 0.961596 0 0.27447
vt 6.00241 0.314961
vt 5.97517 0.314961
f 1800/7185/508 1802/7186/801 2822/7187/801 1801/7188/508 

vt 4.89414 0.11811
vt 4.92138 0.11811
vn 0.999868 0 0.0162388
v 125.858 5 -95.057
vt 4.92138 0.314961
vt 4.89414 0.314961
f 1802/7189/801 937/7190/802 2823/7191/802 2822/7192/801 

f 1802/4169/3 936/1947/3 937/1948/3

vt 3.47866 0.11811
vt 3.5059 0.11811
vn 0.970001 0 -0.243099
v 125.779 5 -95.7444
vt 3.5059 0.314961
vt 3.47866 0.314961
f 937/7193/802 940/7194/803 2824/7195/803 2823/7196/802 

vt 1.82518 0.11811
vt 1.85242 0.11811
vn 0.874031 0 -0.485871
vt 1.85242 0.314961
vt 1.82518 0.314961
f 940/7197/803 941/7198/804 2821/7199/804 2824/7200/803 

vt 0.0463904 0.11811
vt 0.0736316 0.11811
vn 0.718496 0 -0.695531
vt 0.0736316 0.314961
vt 0.0463904 0.314961
f 941/7201/804 942/7202/805 2820/7203/805 2821/7204/804 

vt -1.73649 0.11811
vt -1.70925 0.11811
vt -1.70925 0.314961
vt -1.73649 0.314961
f 942/7205/805 944/7206/800 2819/7207/800 2820/7208/805 

f 2821/1952/3 2822/4169/3 2824/1951/3

f 2824/1951/3 2822/4169/3 2823/1948/3

vt -1.60324 0.11811
vt -1.57241 0.11811
v 111.561 5 -13.2076
vt -1.57241 0.314961
v 111.663 5 -13.984
vt -1.60324 0.314961
f 2665/7209/254 2621/7210/541 2825/7211/541 2826/7212/254 

vt -0.258862 0.11811
vt -0.228029 0.11811
v 111.663 5 -12.4311
vt -0.228029 0.314961
vt -0.258862 0.314961
f 2621/7213/541 2622/7214/256 2827/7215/256 2825/7216/541 

vt 1.10211 0.11811
vt 1.13294 0.11811
v 111.963 5 -11.7076
vt 1.13294 0.314961
vt 1.10211 0.314961
f 2622/7217/256 2623/7218/257 2828/7219/257 2827/7220/256 

vt 2.38692 0.11811
vt 2.41776 0.11811
vt 2.41776 0.314961
vt 2.38692 0.314961
f 2623/7221/257 2624/7222/258 2632/7223/258 2828/7224/257 

v 111.963 5 -14.7076
f 2829/6770/3 2828/6703/3 2632/6704/3

f 2826/6772/3 2828/6703/3 2829/6770/3

f 2826/6772/3 2827/6702/3 2828/6703/3

f 2827/6702/3 2826/6772/3 2825/6701/3

vt -2.83942 0.11811
vt -2.80858 0.11811
vt -2.80858 0.314961
vt -2.83942 0.314961
f 2663/7225/4 2665/7226/254 2826/7227/254 2829/7228/4 

vt -3.88314 0.11811
vt -3.8523 0.11811
vt -3.8523 0.314961
v 112.439 5 -15.3289
vt -3.88314 0.314961
f 2661/7229/128 2663/7230/4 2829/7231/4 2830/7232/128 

f 2829/6770/3 2632/6704/3 2830/6768/3

f 2830/6768/3 2632/6704/3 2631/6716/3

v 113.061 5 -15.8056
f 2830/6768/3 2631/6716/3 2831/6766/3

f 2831/6766/3 2631/6716/3 2633/6715/3

v 113.784 5 -16.1053
f 2831/6766/3 2633/6715/3 2832/6764/3

v 113.961 5 -13.2076
vt 5.12623 0.923537
f 2832/6764/3 2633/6715/3 2833/7233/3

v 113.981 5 -13.0523
vt 5.12703 0.917423
f 2833/7233/3 2633/6715/3 2834/7234/3

f 2834/7234/3 2633/6715/3 2634/6714/3

v 114.041 5 -12.9076
vt 5.12939 0.911726
f 2834/7234/3 2634/6714/3 2835/7235/3

v 114.136 5 -12.7833
vt 5.13315 0.906834
f 2835/7235/3 2634/6714/3 2836/7236/3

v 114.261 5 -12.688
vt 5.13804 0.90308
f 2836/7236/3 2634/6714/3 2837/7237/3

v 114.405 5 -12.628
vt 5.14374 0.90072
f 2837/7237/3 2634/6714/3 2838/7238/3

v 114.561 5 -12.6076
vt 5.14985 0.899915
f 2838/7238/3 2634/6714/3 2839/7239/3

f 2839/7239/3 2634/6714/3 2635/6713/3

v 114.716 5 -12.628
vt 5.15596 0.90072
f 2839/7239/3 2635/6713/3 2840/7240/3

v 114.861 5 -12.688
vt 5.16166 0.90308
f 2840/7240/3 2635/6713/3 2841/7241/3

v 114.985 5 -12.7833
vt 5.16655 0.906834
f 2841/7241/3 2635/6713/3 2842/7242/3

v 115.08 5 -12.9076
vt 5.17031 0.911726
f 2842/7242/3 2635/6713/3 2843/7243/3

v 115.14 5 -13.0523
vt 5.17267 0.917423
f 2843/7243/3 2635/6713/3 2844/7244/3

v 115.161 5 -13.2076
vt 5.17347 0.923537
f 2844/7244/3 2635/6713/3 2845/7245/3

v 115.337 5 -16.1053
f 2846/6760/3 2845/7245/3 2635/6713/3

v 115.14 5 -13.3629
vt 5.17267 0.929651
f 2846/6760/3 2847/7246/3 2845/7245/3

v 115.08 5 -13.5076
vt 5.17031 0.935348
f 2846/6760/3 2848/7247/3 2847/7246/3

v 114.985 5 -13.6318
vt 5.16655 0.94024
f 2846/6760/3 2849/7248/3 2848/7247/3

v 114.861 5 -13.7272
vt 5.16166 0.943994
f 2846/6760/3 2850/7249/3 2849/7248/3

v 114.716 5 -13.7871
vt 5.15596 0.946354
f 2846/6760/3 2851/7250/3 2850/7249/3

v 114.561 5 -16.2076
f 2852/6762/3 2851/7250/3 2846/6760/3

v 114.561 5 -13.8076
vt 5.14985 0.947159
f 2852/6762/3 2853/7251/3 2851/7250/3

v 114.405 5 -13.7871
vt 5.14374 0.946354
f 2852/6762/3 2854/7252/3 2853/7251/3

v 114.261 5 -13.7272
vt 5.13804 0.943994
f 2852/6762/3 2855/7253/3 2854/7252/3

v 114.136 5 -13.6318
vt 5.13315 0.94024
f 2852/6762/3 2856/7254/3 2855/7253/3

v 114.041 5 -13.5076
vt 5.12939 0.935348
f 2852/6762/3 2857/7255/3 2856/7254/3

v 113.981 5 -13.3629
vt 5.12703 0.929651
f 2852/6762/3 2858/7256/3 2857/7255/3

f 2832/6764/3 2858/7256/3 2852/6762/3

f 2858/7256/3 2832/6764/3 2833/7233/3

vt 1.59091 0.314961
vt 1.58474 0.314961
v 113.961 -3 -13.2076
vt 1.58474 2.22045e-16
v 113.981 -3 -13.3629
vt 1.59091 2.22045e-16
f 2858/7257/135 2833/7258/7 2859/7259/7 2860/7260/135 

vt 0.246529 0.314961
vt 0.240362 0.314961
v 113.981 -3 -13.0523
vt 0.240362 2.22045e-16
vt 0.246529 2.22045e-16
f 2833/7261/7 2834/7262/131 2861/7263/131 2859/7264/7 

vt -1.11444 0.314961
vt -1.12061 0.314961
v 114.041 -3 -12.9076
vt -1.12061 2.22045e-16
vt -1.11444 2.22045e-16
f 2834/7265/131 2835/7266/132 2862/7267/132 2861/7268/131 

vt -2.39926 0.314961
vt -2.40542 0.314961
v 114.136 -3 -12.7833
vt -2.40542 2.22045e-16
vt -2.39926 2.22045e-16
f 2835/7269/132 2836/7270/133 2863/7271/133 2862/7272/132 

vt -3.52035 0.314961
vt -3.52652 0.314961
vt -3.52652 2.22045e-16
vt -3.52035 2.22045e-16
f 2836/7273/133 2837/7274/134 623/7275/134 2863/7276/133 

vt -4.40133 0.314961
vt -4.4075 0.314961
vt -4.4075 2.22045e-16
vt -4.40133 2.22045e-16
f 2837/7277/134 2838/7278/129 622/7279/129 623/7280/134 

vt -4.98216 0.314961
vt -4.98833 0.314961
vt -4.98833 2.22045e-16
vt -4.98216 2.22045e-16
f 2838/7281/129 2839/7282/125 621/7283/125 622/7284/129 

vt -5.22325 0.314961
vt -5.22942 0.314961
vt -5.22942 2.22045e-16
vt -5.22325 2.22045e-16
f 2839/7285/125 2840/7286/126 620/7287/126 621/7288/125 

vt -5.10818 0.314961
vt -5.11435 0.314961
vt -5.11435 2.22045e-16
vt -5.10818 2.22045e-16
f 2840/7289/126 2841/7290/127 619/7291/127 620/7292/126 

vt -4.64478 0.314961
vt -4.65095 0.314961
vt -4.65095 2.22045e-16
vt -4.64478 2.22045e-16
f 2841/7293/127 2842/7294/128 618/7295/128 619/7296/127 

vt -3.86464 0.314961
vt -3.8708 0.314961
vt -3.8708 2.22045e-16
vt -3.86464 2.22045e-16
f 2842/7297/128 2843/7298/4 617/7299/4 618/7300/128 

vt -2.82092 0.314961
vt -2.82708 0.314961
vt -2.82708 2.22045e-16
vt -2.82092 2.22045e-16
f 2843/7301/4 2844/7302/254 616/7303/254 617/7304/4 

vt -1.58474 0.314961
vt -1.59091 0.314961
vt -1.59091 2.22045e-16
vt -1.58474 2.22045e-16
f 2844/7305/254 2845/7306/118 615/7307/118 616/7308/254 

vt -0.240362 0.314961
vt -0.246529 0.314961
v 115.14 -3 -13.3629
vt -0.246529 2.22045e-16
vt -0.240362 2.22045e-16
f 2845/7309/118 2847/7310/256 2864/7311/256 615/7312/118 

vt 1.12061 0.314961
vt 1.11444 0.314961
v 115.08 -3 -13.5076
vt 1.11444 2.22045e-16
vt 1.12061 2.22045e-16
f 2847/7313/256 2848/7314/257 2865/7315/257 2864/7316/256 

vt 2.40542 0.314961
vt 2.39926 0.314961
v 114.985 -3 -13.6318
vt 2.39926 2.22045e-16
vt 2.40542 2.22045e-16
f 2848/7317/257 2849/7318/258 2866/7319/258 2865/7320/257 

vt 3.52652 0.314961
vt 3.52035 0.314961
v 114.861 -3 -13.7272
vt 3.52035 2.22045e-16
vt 3.52652 2.22045e-16
f 2849/7321/258 2850/7322/253 2867/7323/253 2866/7324/258 

vt 4.4075 0.314961
vt 4.40133 0.314961
v 114.716 -3 -13.7871
vt 4.40133 2.22045e-16
vt 4.4075 2.22045e-16
f 2850/7325/253 2851/7326/136 2868/7327/136 2867/7328/253 

vt 4.98833 0.314961
vt 4.98216 0.314961
v 114.561 -3 -13.8076
vt 4.98216 2.22045e-16
vt 4.98833 2.22045e-16
f 2851/7329/136 2853/7330/137 2869/7331/137 2868/7332/136 

vt 5.22942 0.314961
vt 5.22325 0.314961
v 114.405 -3 -13.7871
vt 5.22325 2.22045e-16
vt 5.22942 2.22045e-16
f 2853/7333/137 2854/7334/145 2870/7335/145 2869/7336/137 

vt 5.11435 0.314961
vt 5.10818 0.314961
v 114.261 -3 -13.7272
vt 5.10818 2.22045e-16
vt 5.11435 2.22045e-16
f 2854/7337/145 2855/7338/130 2871/7339/130 2870/7340/145 

vt 4.65095 0.314961
vt 4.64478 0.314961
v 114.136 -3 -13.6318
vt 4.64478 2.22045e-16
vt 4.65095 2.22045e-16
f 2855/7341/130 2856/7342/1 2872/7343/1 2871/7344/130 

vt 3.8708 0.314961
vt 3.86464 0.314961
v 114.041 -3 -13.5076
vt 3.86464 2.22045e-16
vt 3.8708 2.22045e-16
f 2856/7345/1 2857/7346/2 2873/7347/2 2872/7348/1 

vt 2.82708 0.314961
vt 2.82092 0.314961
vt 2.82092 2.22045e-16
vt 2.82708 2.22045e-16
f 2857/7349/2 2858/7350/135 2860/7351/135 2873/7352/2 

vt -5.12703 0.929651
vt -5.12939 0.935348
f 2860/7353/75 2034/4681/75 2873/7354/75

f 2035/4682/75 2034/4681/75 2860/7353/75

vt -5.12623 0.923537
f 2035/4682/75 2860/7353/75 2859/7355/75

vt -5.12703 0.917423
f 2861/7356/75 2035/4682/75 2859/7355/75

vt -5.12939 0.911726
f 2862/7357/75 2035/4682/75 2861/7356/75

vt -5.13315 0.906834
f 2863/7358/75 2035/4682/75 2862/7357/75

vt -4.73735 1.24888
f 2863/7358/75 2206/7359/75 2035/4682/75

vt -4.73105 1.23369
f 2863/7358/75 2204/7360/75 2206/7359/75

vt -4.72104 1.22065
f 2863/7358/75 2202/7361/75 2204/7360/75

f 623/1221/75 2202/7361/75 2863/7358/75

vt -4.708 1.21064
f 623/1221/75 2200/7362/75 2202/7361/75

vt -4.6928 1.20434
f 623/1221/75 2198/7363/75 2200/7362/75

f 623/1221/75 624/1222/75 2198/7363/75

vt -5.13315 0.94024
f 2873/7354/75 2034/4681/75 2872/7364/75

vt -5.13804 0.943994
f 2872/7364/75 2034/4681/75 2871/7365/75

vt -5.14374 0.946354
f 2871/7365/75 2034/4681/75 2870/7366/75

vt -5.14985 0.947159
f 2870/7366/75 2034/4681/75 2869/7367/75

vt -5.15596 0.946354
f 2869/7367/75 2034/4681/75 2868/7368/75

vt -5.16166 0.943994
f 2868/7368/75 2034/4681/75 2867/7369/75

vt -5.16655 0.94024
f 2867/7369/75 2034/4681/75 2866/7370/75

vt -5.17031 0.935348
f 2866/7370/75 2034/4681/75 2865/7371/75

vt -5.17267 0.929651
f 2865/7371/75 2034/4681/75 2864/7372/75

f 2864/7372/75 2034/4681/75 615/1213/75

f 615/1213/75 2034/4681/75 1933/4465/75

v 135.721 -1 -93.1525
vt 4.81708 0.0787402
vn 1 2.03175e-45 -3.51338e-15
vt 4.81708 7.91034e-16
vt 4.83352 7.91034e-16
vn 0.965926 8.31519e-31 0.258819
v 135.775 -1 -93.5666
vt 4.83352 0.0787402
f 2874/7373/806 1933/7374/806 2034/7375/807 2875/7376/807 

v 135.775 -1 -92.7384
vt 3.23878 0.0787402
vn 0.965926 -1.02336e-30 -0.258819
v 135.775 -3 -92.7384
vt 3.23878 7.91034e-16
vt 3.25522 7.91034e-16
vt 3.25522 0.0787402
f 2876/7377/808 2877/7378/808 1933/7379/806 2874/7380/806 

v 135.935 -1 -92.3525
vt 1.4392 0.0787402
vn 0.866025 -1.61353e-31 -0.5
v 135.935 -3 -92.3525
vt 1.4392 7.91034e-16
vt 1.45564 7.91034e-16
vt 1.45564 0.0787402
f 2878/7381/809 2879/7382/809 2877/7383/808 2876/7384/808 

v 136.189 -1 -92.0211
vt -0.45902 0.0787402
vn 0.707107 -1.37822e-32 -0.707107
v 136.189 -3 -92.0211
vt -0.45902 7.91034e-16
vt -0.442576 7.91034e-16
vt -0.442576 0.0787402
f 2880/7385/810 2881/7386/810 2879/7387/809 2878/7388/809 

v 136.521 -1 -91.7669
vt -2.32652 0.0787402
vn 0.5 -1.7992e-31 -0.866025
v 136.521 -3 -91.7669
vt -2.32652 7.91034e-16
vt -2.31007 7.91034e-16
vt -2.31007 0.0787402
f 2882/7389/811 2883/7390/811 2881/7391/810 2880/7392/810 

v 136.907 -1 -91.607
vt -4.03602 0.0787402
vn 0.258819 2.97004e-31 -0.965926
v 136.907 -3 -91.607
vt -4.03602 7.91034e-16
vt -4.01958 7.91034e-16
vt -4.01958 0.0787402
f 2884/7393/812 2885/7394/812 2883/7395/811 2882/7396/811 

v 137.321 -1 -91.5525
vt -5.47104 0.0787402
vn 3.54138e-15 6.5433e-32 -1
v 137.321 -3 -91.5525
vt -5.47104 7.91034e-16
vt -5.4546 7.91034e-16
vt -5.4546 0.0787402
f 2886/7397/813 2887/7398/813 2885/7399/812 2884/7400/812 

v 137.735 -1 -91.607
vt -6.53378 0.0787402
vn -0.258819 -3.97314e-32 -0.965926
v 137.735 -3 -91.607
vt -6.53378 7.91034e-16
vt -6.51734 7.91034e-16
vt -6.51734 0.0787402
f 2888/7401/814 2889/7402/814 2887/7403/813 2886/7404/813 

v 138.121 -1 -91.7669
vt -7.15181 0.0787402
vn -0.5 6.65871e-32 -0.866025
v 138.121 -3 -91.7669
vt -7.15181 7.91034e-16
vt -7.13537 7.91034e-16
vt -7.13537 0.0787402
f 2890/7405/815 2891/7406/815 2889/7407/814 2888/7408/814 

v 138.452 -1 -92.0211
vt -7.28302 0.0787402
vn -0.707107 1.06318e-31 -0.707107
v 138.452 -3 -92.0211
vt -7.28302 7.91034e-16
vt -7.26658 7.91034e-16
vt -7.26658 0.0787402
f 2892/7409/816 2893/7410/816 2891/7411/815 2890/7412/815 

v 138.706 -1 -92.3525
vt -6.91846 0.0787402
vn -0.866025 5.59063e-31 -0.5
v 138.706 -3 -92.3525
vt -6.91846 7.91034e-16
vt -6.90202 7.91034e-16
vt -6.90202 0.0787402
f 2894/7413/817 2895/7414/817 2893/7415/816 2892/7416/816 

v 138.866 -1 -92.7384
vt -6.08298 0.0787402
vn -0.965926 5.26346e-31 -0.258819
v 138.866 -3 -92.7384
vt -6.08298 7.91034e-16
vt -6.06654 7.91034e-16
vt -6.06654 0.0787402
f 2896/7417/818 2897/7418/818 2895/7419/817 2894/7420/817 

v 138.921 -1 -93.1525
vt -4.83352 0.0787402
vn -1 -6.5433e-32 -3.55537e-15
vt -4.83352 7.91034e-16
vt -4.81708 7.91034e-16
vt -4.81708 0.0787402
f 2898/7421/819 2022/7422/819 2897/7423/818 2896/7424/818 

v 138.866 -1 -93.5666
vt -3.25522 0.0787402
vn -0.965926 3.34506e-31 0.258819
vt -3.25522 7.91034e-16
vt -3.23878 7.91034e-16
vt -3.23878 0.0787402
f 2899/7425/820 2023/7426/820 2022/7427/819 2898/7428/819 

v 138.706 -1 -93.9525
vt -1.45564 0.0787402
vn -0.866025 2.68433e-18 0.5
vt -1.45564 7.91034e-16
vt -1.4392 7.91034e-16
vt -1.4392 0.0787402
f 2900/7429/821 2024/7430/821 2023/7431/820 2899/7432/820 

v 138.452 -1 -94.2839
vt 0.442576 0.0787402
vn -0.707107 2.68433e-18 0.707107
vt 0.442576 8.30088e-16
vt 0.45902 8.30088e-16
vt 0.45902 0.0787402
f 2901/7433/822 2026/7434/822 2024/7435/821 2900/7436/821 

v 138.121 -1 -94.5381
vt 2.31007 0.0787402
vn -0.5 -7.28584e-31 0.866025
vt 2.31007 7.91034e-16
vt 2.32652 7.91034e-16
vt 2.32652 0.0787402
f 2902/7437/823 2027/7438/823 2026/7439/822 2901/7440/822 

v 137.735 -1 -94.698
vt 4.01958 0.0787402
vn -0.258819 -4.23411e-31 0.965926
vt 4.01958 7.91034e-16
vt 4.03602 7.91034e-16
vt 4.03602 0.0787402
f 2903/7441/824 2028/7442/824 2027/7443/823 2902/7444/823 

v 137.321 -1 -94.7525
vt 5.4546 0.0787402
vn 3.54138e-15 -6.5433e-32 1
vt 5.4546 7.91034e-16
vt 5.47104 7.91034e-16
vt 5.47104 0.0787402
f 2904/7445/825 2029/7446/825 2028/7447/824 2903/7448/824 

v 136.907 -1 -94.698
vt 6.51734 0.0787402
vn 0.258819 1.66138e-31 0.965926
vt 6.51734 7.91034e-16
vt 6.53378 7.91034e-16
vt 6.53378 0.0787402
f 2905/7449/826 2030/7450/826 2029/7451/825 2904/7452/825 

v 136.521 -1 -94.5381
vt 7.13537 0.0787402
vn 0.5 2.31571e-31 0.866025
vt 7.13537 7.91034e-16
vt 7.15181 7.91034e-16
vt 7.15181 0.0787402
f 2906/7453/827 2031/7454/827 2030/7455/826 2905/7456/826 

v 136.189 -1 -94.2839
vt 7.26658 0.0787402
vn 0.707107 -2.68433e-18 0.707107
vt 7.26658 7.91034e-16
vt 7.28302 7.91034e-16
vt 7.28302 0.0787402
f 2907/7457/828 2032/7458/828 2031/7459/827 2906/7460/827 

v 135.935 -1 -93.9525
vt 6.90202 0.0787402
vn 0.866025 -2.68433e-18 0.5
vt 6.90202 8.03041e-16
vt 6.91846 8.03041e-16
vt 6.91846 0.0787402
f 2908/7461/829 2033/7462/829 2032/7463/828 2907/7464/828 

vt 6.06654 0.0787402
vt 6.06654 7.91034e-16
vt 6.08298 7.91034e-16
vt 6.08298 0.0787402
f 2875/7465/807 2034/7466/807 2033/7467/829 2908/7468/829 

vt 6.08817 -2.69257
vt 6.06136 -2.69257
vt 6.06654 -2.74825
vt 6.08298 -2.74825
f 922/7469/172 923/7470/172 2875/7471/172 2908/7472/172 

vt 4.8387 -3.70728
vt 4.81189 -3.70728
vt 4.81708 -3.76296
vt 4.83352 -3.76296
f 923/7473/173 924/7474/173 2874/7475/173 2875/7476/173 

vt 3.2604 -4.45875
v 134.801 0 -92.4773
vt 3.23359 -4.45875
vt 3.23878 -4.51443
vt 3.25522 -4.51443
f 924/7477/156 2909/7478/156 2876/7479/156 2874/7480/156 

v 135.333 0 -87.5799
vt 5.96765 3.85158
vt 5.94671 4.04439
f 924/1935/3 2910/7481/3 2909/7482/3

v 134.711 0 -87.1032
vt 5.94318 3.83281
f 2910/7481/3 924/1935/3 2911/7483/3

f 924/1935/3 926/1937/3 2911/7483/3

vt -6.65876 0.11811
vt -6.62792 0.11811
v 134.235 5 -86.4818
vt -6.62792 0.314961
v 134.711 5 -87.1032
vt -6.65876 0.314961
f 2911/7484/128 926/7485/4 2912/7486/4 2913/7487/128 

vt -5.78563 0.11811
vt -5.7548 0.11811
v 133.935 5 -85.7583
vt -5.7548 0.314961
vt -5.78563 0.314961
f 926/7488/4 927/7489/254 2914/7490/254 2912/7491/4 

vt -4.51928 0.11811
vt -4.48845 0.11811
v 133.833 5 -84.9818
vt -4.48845 0.314961
vt -4.51928 0.314961
f 927/7492/254 928/7493/762 2915/7494/762 2914/7495/254 

vt -2.94599 0.11811
vt -2.91516 0.11811
vt -2.91516 0.314961
vt -2.94599 0.314961
f 928/7496/762 1947/7497/256 1952/7498/256 2915/7499/762 

f 1952/4482/3 2914/1938/3 2915/1939/3

f 2914/1938/3 1952/4482/3 1951/4491/3

f 2914/1938/3 1951/4491/3 2912/1937/3

f 2912/1937/3 1951/4491/3 2913/7483/3

f 2913/7483/3 1951/4491/3 1953/4265/3

v 135.333 5 -82.3838
f 2913/7483/3 1953/4265/3 2916/4266/3

vt 2.48346 0.11811
vt 2.51429 0.11811
vt 2.51429 0.314961
vt 2.48346 0.314961
f 1852/7500/258 1853/7501/253 2916/7502/253 1953/7503/258 

vt 4.11774 0.11811
v 136.056 0 -82.0841
vt 4.14857 0.11811
v 136.056 5 -82.0841
vt 4.14857 0.314961
vt 4.11774 0.314961
f 1853/7504/253 2917/7505/136 2918/7506/136 2916/7507/253 

v 135.476 0 -75.7957
vt 5.97329 3.38764
vt 5.99613 3.63521
f 1853/4266/3 2919/7508/3 2917/7509/3

v 135.062 0 -75.2554
vt 5.95697 3.36637
f 1853/4266/3 2920/7510/3 2919/7508/3

f 1853/4266/3 1854/4267/3 2920/7510/3

vt 5.38975 -2.89713
vt 5.36294 -2.89713
vt 5.36812 -2.95281
v 135.935 -1 -74.7511
vt 5.38457 -2.95281
f 2920/7511/172 1854/7512/172 1856/7513/172 2921/7514/172 

vt 5.36812 0.0787402
vn 0.965926 1.02336e-30 0.258819
v 135.775 -3 -74.3652
vt 5.36812 7.91034e-16
v 135.935 -3 -74.7511
vt 5.38457 7.91034e-16
vn 0.866025 1.61353e-31 0.5
vt 5.38457 0.0787402
f 1856/7515/830 2922/7516/830 2923/7517/831 2921/7518/831 

vt 4.06758 0.0787402
vn 1 -6.5433e-32 -3.52738e-15
vt 4.06758 7.91034e-16
vt 4.08403 7.91034e-16
vt 4.08403 0.0787402
f 1855/7519/832 1931/7520/832 2922/7521/830 1856/7522/830 

vt 2.48928 0.0787402
vn 0.965926 -8.96952e-31 -0.258819
vt 2.48928 7.91034e-16
vt 2.50573 7.91034e-16
vt 2.50573 0.0787402
f 1858/7523/833 1930/7524/833 1931/7525/832 1855/7526/832 

v 135.935 -1 -73.1511
vt 0.740781 0.0787402
vn 0.866025 -2.68433e-18 -0.5
vt 0.740781 7.91034e-16
vt 0.757226 7.91034e-16
vt 0.757226 0.0787402
f 2924/7527/834 1929/7528/834 1930/7529/833 1858/7530/833 

v 136.189 -1 -72.8197
vt -1.05876 0.0787402
vn 0.707107 -2.68433e-18 -0.707107
vt -1.05876 8.26974e-16
vt -1.04232 8.26974e-16
vt -1.04232 0.0787402
f 2925/7531/835 1928/7532/835 1929/7533/834 2924/7534/834 

v 136.521 -1 -72.5655
vt -2.78672 0.0787402
vn 0.5 -8.41918e-31 -0.866025
v 136.521 -3 -72.5655
vt -2.78672 7.91034e-16
vt -2.77027 7.91034e-16
vt -2.77027 0.0787402
f 2926/7535/836 2927/7536/836 1928/7537/835 2925/7538/835 

v 136.907 -1 -72.4056
vt -4.32532 0.0787402
vn 0.258819 -1.66138e-31 -0.965926
v 136.907 -3 -72.4056
vt -4.32532 7.91034e-16
vt -4.30887 7.91034e-16
vt -4.30887 0.0787402
f 2928/7539/837 2929/7540/837 2927/7541/836 2926/7542/836 

v 137.321 -1 -72.3511
vt -5.56972 0.0787402
v 137.321 -3 -72.3511
vt -5.56972 7.91034e-16
vt -5.55327 7.91034e-16
vt -5.55327 0.0787402
f 2930/7543/813 2931/7544/813 2929/7545/837 2928/7546/837 

v 137.735 -1 -72.4056
vt -6.43511 0.0787402
vn -0.258819 4.23411e-31 -0.965926
v 137.735 -3 -72.4056
vt -6.43511 7.91034e-16
vt -6.41866 7.91034e-16
vt -6.41866 0.0787402
f 2932/7547/838 2933/7548/838 2931/7549/813 2930/7550/813 

v 138.121 -1 -72.5655
vt -6.86252 0.0787402
vn -0.5 3.30875e-31 -0.866025
v 138.121 -3 -72.5655
vt -6.86252 7.91034e-16
vt -6.84608 7.91034e-16
vt -6.84608 0.0787402
f 2934/7551/839 2935/7552/839 2933/7553/838 2932/7554/838 

v 138.452 -1 -72.8197
vt -6.82282 0.0787402
vn -0.707107 -2.68433e-18 -0.707107
v 138.452 -3 -72.8197
vt -6.82282 7.91034e-16
vt -6.80638 7.91034e-16
vt -6.80638 0.0787402
f 2936/7555/840 2937/7556/840 2935/7557/839 2934/7558/839 

v 138.706 -1 -73.1511
vt -6.31872 0.0787402
vn -0.866025 -2.68433e-18 -0.5
v 138.706 -3 -73.1511
vt -6.31872 7.75912e-16
vt -6.30228 7.75912e-16
vt -6.30228 0.0787402
f 2938/7559/841 2939/7560/841 2937/7561/840 2936/7562/840 

v 138.866 -1 -73.537
vt -5.38457 0.0787402
vn -0.965926 3.99939e-31 -0.258819
v 138.866 -3 -73.537
vt -5.38457 7.91034e-16
vt -5.36812 7.91034e-16
vt -5.36812 0.0787402
f 2940/7563/842 2941/7564/842 2939/7565/841 2938/7566/841 

v 138.921 -1 -73.9511
vt -4.08403 0.0787402
vn -1 6.5433e-32 -3.54138e-15
vt -4.08403 7.91034e-16
vt -4.06758 7.91034e-16
vt -4.06758 0.0787402
f 2942/7567/843 2021/7568/843 2941/7569/842 2940/7570/842 

v 138.866 -1 -74.3652
vt -2.50573 0.0787402
vn -0.965926 3.99939e-31 0.258819
v 138.866 -3 -74.3652
vt -2.50573 7.91034e-16
vt -2.48928 7.91034e-16
vt -2.48928 0.0787402
f 2943/7571/844 2944/7572/844 2021/7573/843 2942/7574/843 

v 138.706 -1 -74.7511
vt -0.757226 0.0787402
vn -0.866025 3.67223e-31 0.5
v 138.706 -3 -74.7511
vt -0.757226 7.91034e-16
vt -0.740781 7.91034e-16
vt -0.740781 0.0787402
f 2945/7575/845 2946/7576/845 2944/7577/844 2943/7578/844 

v 138.452 -1 -75.0825
vt 1.04232 0.0787402
vn -0.707107 -1.06318e-31 0.707107
v 138.452 -3 -75.0825
vt 1.04232 7.91034e-16
vt 1.05876 7.91034e-16
vt 1.05876 0.0787402
f 2947/7579/846 2948/7580/846 2946/7581/845 2945/7582/845 

v 138.121 -1 -75.3368
vt 2.77027 0.0787402
vn -0.5 -5.2973e-31 0.866025
v 138.121 -3 -75.3368
vt 2.77027 7.91034e-16
vt 2.78672 7.91034e-16
vt 2.78672 0.0787402
f 2949/7583/847 2950/7584/847 2948/7585/846 2947/7586/846 

v 137.735 -1 -75.4966
vt 4.30887 0.0787402
vn -0.258819 -6.71918e-31 0.965926
v 137.735 -3 -75.4966
vt 4.30887 7.91034e-16
vt 4.32532 7.91034e-16
vt 4.32532 0.0787402
f 2951/7587/848 2952/7588/848 2950/7589/847 2949/7590/847 

v 137.321 -1 -75.5511
vt 5.55327 0.0787402
vn 3.55537e-15 -6.5433e-32 1
v 137.321 -3 -75.5511
vt 5.55327 7.91034e-16
vt 5.56972 7.91034e-16
vt 5.56972 0.0787402
f 2953/7591/849 2954/7592/849 2952/7593/848 2951/7594/848 

v 136.907 -1 -75.4966
vt 6.41866 0.0787402
vn 0.258819 -4.84977e-32 0.965926
v 136.907 -3 -75.4966
vt 6.41866 7.91034e-16
vt 6.43511 7.91034e-16
vt 6.43511 0.0787402
f 2955/7595/850 2956/7596/850 2954/7597/849 2953/7598/849 

v 136.521 -1 -75.3368
vt 6.84608 0.0787402
vn 0.5 -3.27165e-32 0.866025
v 136.521 -3 -75.3368
vt 6.84608 7.91034e-16
vt 6.86252 7.91034e-16
vt 6.86252 0.0787402
f 2957/7599/851 2958/7600/851 2956/7601/850 2955/7602/850 

v 136.189 -1 -75.0825
vt 6.80638 0.0787402
v 136.189 -3 -75.0825
vt 6.80638 7.91034e-16
vt 6.82282 7.91034e-16
vt 6.82282 0.0787402
f 2959/7603/342 2960/7604/342 2958/7605/851 2957/7606/851 

vt 6.30228 0.0787402
vt 6.30228 7.91034e-16
vt 6.31872 7.91034e-16
vt 6.31872 0.0787402
f 2921/7607/831 2923/7608/831 2960/7609/342 2959/7610/342 

vt -5.99136 3.34651
vt -6.00137 4.02643
vt -6.00137 3.35956
f 2923/7611/75 2881/7612/75 2960/7613/75

vt -5.99136 4.03948
f 2923/7611/75 2879/7614/75 2881/7612/75

vt -5.98507 3.33132
f 2922/7615/75 2879/7614/75 2923/7611/75

vt -5.98507 4.05467
f 2922/7615/75 2877/7616/75 2879/7614/75

f 1931/4463/75 2877/7616/75 2922/7615/75

f 2877/7616/75 1931/4463/75 1933/4465/75

vt -6.01442 4.01642
f 2960/7613/75 2881/7612/75 2883/7617/75

vt -6.01442 3.36957
f 2960/7613/75 2883/7617/75 2958/7618/75

vt -6.02961 4.01013
f 2958/7618/75 2883/7617/75 2885/7619/75

vt -6.02961 3.37586
f 2958/7618/75 2885/7619/75 2956/7620/75

vt -6.04591 4.00798
f 2956/7620/75 2885/7619/75 2887/7621/75

vt -6.04591 3.37801
f 2956/7620/75 2887/7621/75 2954/7622/75

vt -6.06222 4.01013
f 2954/7622/75 2887/7621/75 2889/7623/75

vt -6.06222 3.37586
f 2954/7622/75 2889/7623/75 2952/7624/75

vt -6.07741 4.01642
f 2952/7624/75 2889/7623/75 2891/7625/75

vt -6.07741 3.36957
f 2952/7624/75 2891/7625/75 2950/7626/75

vt -6.09046 4.02643
f 2950/7626/75 2891/7625/75 2893/7627/75

vt -6.09046 3.35956
f 2950/7626/75 2893/7627/75 2948/7628/75

vt -6.10047 4.03948
f 2948/7628/75 2893/7627/75 2895/7629/75

vt -6.10047 3.34651
f 2948/7628/75 2895/7629/75 2946/7630/75

vt -6.10676 4.05467
f 2946/7630/75 2895/7629/75 2897/7631/75

vt -6.10676 3.33132
f 2946/7630/75 2897/7631/75 2944/7632/75

f 2944/7632/75 2897/7631/75 2022/4669/75

f 2944/7632/75 2022/4669/75 2021/4668/75

vt 6.3239 -1.80917
vt 6.29709 -1.80917
vt 6.30228 -1.86485
vt 6.31872 -1.86485
f 2919/7633/369 2920/7634/369 2921/7635/369 2959/7636/369 

v 136.016 0 -76.2103
vt 6.82801 -0.587328
vt 6.80119 -0.587328
vt 6.80638 -0.643006
vt 6.82282 -0.643006
f 2961/7637/143 2919/7638/143 2959/7639/143 2957/7640/143 

vt 5.99456 3.40396
f 2917/7509/3 2919/7508/3 2961/7641/3

v 136.646 0 -76.4709
vt 6.01933 3.41422
f 2917/7509/3 2961/7641/3 2962/7642/3

vt 6.8677 0.685142
vt 6.84089 0.685142
vt 6.84608 0.629464
vt 6.86252 0.629464
f 2962/7643/142 2961/7644/142 2957/7645/142 2955/7646/142 

v 137.321 0 -76.5597
vt 6.44029 1.92152
vt 6.41348 1.92152
vt 6.41866 1.86584
vt 6.43511 1.86584
f 2963/7647/141 2962/7648/141 2955/7649/141 2953/7650/141 

v 136.833 0 -81.9818
vt 6.0267 3.63119
vt 6.04591 3.41772
f 2964/7651/3 2962/7642/3 2963/7652/3

f 2917/7509/3 2962/7642/3 2964/7651/3

vt 5.47034 0.11811
vt 5.50118 0.11811
v 136.833 5 -81.9818
vt 5.50118 0.314961
vt 5.47034 0.314961
f 2917/7653/136 2964/7654/729 2965/7655/729 2918/7656/136 

vt 6.44911 0.11811
v 137.609 0 -82.0841
vt 6.47994 0.11811
v 137.609 5 -82.0841
vt 6.47994 0.314961
vt 6.44911 0.314961
f 2964/7657/729 2966/7658/145 2967/7659/145 2965/7660/729 

vt 6.05727 3.63521
f 2964/7651/3 2963/7652/3 2966/7661/3

v 137.996 0 -76.4709
vt 6.0725 3.41422
f 2966/7661/3 2963/7652/3 2968/7662/3

vt 5.5749 3.03755
vt 5.54809 3.03755
vt 5.55327 2.98187
vt 5.56972 2.98187
f 2968/7663/140 2963/7664/140 2953/7665/140 2951/7666/140 

v 138.625 0 -76.2103
vt 4.3305 3.95717
vt 4.30369 3.95717
vt 4.30887 3.90149
vt 4.32532 3.90149
f 2969/7667/309 2968/7668/309 2951/7669/309 2949/7670/309 

v 138.333 0 -82.3838
vt 6.08576 3.64701
vt 6.09727 3.40396
f 2970/7671/3 2968/7662/3 2969/7672/3

f 2966/7661/3 2968/7662/3 2970/7671/3

vt 6.98732 0.11811
vt 7.01816 0.11811
v 138.333 5 -82.3838
vt 7.01816 0.314961
vt 6.98732 0.314961
f 2966/7673/145 2970/7674/130 2971/7675/130 2967/7676/145 

vt 7.04831 0.11811
v 138.954 0 -82.8605
vt 7.07915 0.11811
v 138.954 5 -82.8605
vt 7.07915 0.314961
vt 7.04831 0.314961
f 2970/7677/130 2972/7678/1 2973/7679/1 2971/7680/130 

vt 6.11022 3.66578
f 2970/7671/3 2969/7672/3 2972/7681/3

v 139.165 0 -75.7957
vt 6.11854 3.38764
f 2972/7681/3 2969/7672/3 2974/7682/3

vt 2.7919 4.61771
vt 2.76509 4.61771
vt 2.77027 4.56203
vt 2.78672 4.56203
f 2974/7683/138 2969/7684/138 2949/7685/138 2947/7686/138 

v 139.58 0 -75.2554
vt 1.06395 4.97417
vt 1.03714 4.97417
vt 1.04232 4.91849
vt 1.05876 4.91849
f 2975/7687/308 2974/7688/308 2947/7689/308 2945/7690/308 

v 139.431 0 -83.4818
vt 6.12899 3.69024
vt 6.13486 3.36637
f 2976/7691/3 2974/7682/3 2975/7692/3

f 2972/7681/3 2974/7682/3 2976/7691/3

vt 6.62792 0.11811
vt 6.65876 0.11811
v 139.431 5 -83.4818
vt 6.65876 0.314961
vt 6.62792 0.314961
f 2972/7693/1 2976/7694/2 2977/7695/2 2973/7696/1 

vt 5.7548 0.11811
v 139.73 0 -84.2054
vt 5.78563 0.11811
v 139.73 5 -84.2054
vt 5.78563 0.314961
vt 5.7548 0.314961
f 2976/7697/2 2978/7698/135 2979/7699/135 2977/7700/2 

vt 6.14079 3.71873
f 2976/7691/3 2975/7692/3 2978/7701/3

v 139.84 0 -74.6263
vt 6.14512 3.3416
f 2978/7701/3 2975/7692/3 2980/7702/3

vt -0.735598 5.00224
vt -0.762409 5.00224
vt -0.757226 4.94656
vt -0.740781 4.94656
f 2980/7703/371 2975/7704/371 2945/7705/371 2943/7706/371 

vt -2.4841 4.70001
vt -2.51091 4.70001
vt -2.50573 4.64433
vt -2.48928 4.64433
f 907/7707/162 2980/7708/162 2943/7709/162 2942/7710/162 

f 908/1919/3 2980/7702/3 907/1918/3

v 139.835 0 -92.465
vt 6.14492 4.04391
f 2981/7711/3 2980/7702/3 908/1919/3

v 139.833 0 -84.9818
vt 6.14481 3.7493
f 2982/7712/3 2980/7702/3 2981/7711/3

f 2978/7701/3 2980/7702/3 2982/7712/3

vt 4.48845 0.11811
vt 4.51928 0.11811
v 139.833 5 -84.9818
vt 4.51928 0.314961
vt 4.48845 0.314961
f 2978/7713/135 2982/7714/7 2983/7715/7 2979/7716/135 

vt 2.91516 0.11811
v 139.73 0 -85.7583
vt 2.94599 0.11811
v 139.73 5 -85.7583
vt 2.94599 0.314961
vt 2.91516 0.314961
f 2982/7717/7 2984/7718/131 2985/7719/131 2983/7720/7 

vt 6.14079 3.77986
f 2981/7711/3 2984/7721/3 2982/7712/3

v 139.58 0 -91.8482
vt 6.13486 4.01962
f 2986/7722/3 2984/7721/3 2981/7711/3

v 139.431 0 -86.4818
vt 6.12899 3.80835
f 2986/7722/3 2987/7723/3 2984/7721/3

v 139.165 0 -91.3079
vt 6.11854 3.99835
f 2988/7724/3 2987/7723/3 2986/7722/3

v 138.954 0 -87.1032
vt 6.11022 3.83281
f 2988/7724/3 2989/7725/3 2987/7723/3

v 138.625 0 -90.8934
vt 6.09727 3.98203
f 2990/7726/3 2989/7725/3 2988/7724/3

v 138.333 0 -87.5799
vt 6.08576 3.85158
f 2990/7726/3 2991/7727/3 2989/7725/3

v 137.996 0 -90.6328
vt 6.0725 3.97177
f 2992/7728/3 2991/7727/3 2990/7726/3

v 137.609 0 -87.8796
vt 6.05727 3.86338
f 2992/7728/3 2993/7729/3 2991/7727/3

v 137.321 0 -90.5439
vt 6.04591 3.96827
f 2994/7730/3 2993/7729/3 2992/7728/3

v 136.833 0 -87.9818
vt 6.0267 3.86741
f 2994/7730/3 2995/7731/3 2993/7729/3

v 136.646 0 -90.6328
vt 6.01933 3.97177
f 2996/7732/3 2995/7731/3 2994/7730/3

v 136.056 0 -87.8796
vt 5.99613 3.86338
f 2996/7732/3 2997/7733/3 2995/7731/3

v 136.016 0 -90.8934
vt 5.99456 3.98203
f 2998/7734/3 2997/7733/3 2996/7732/3

v 135.468 0 -91.3145
vt 5.97295 3.99861
f 2999/7735/3 2997/7733/3 2998/7734/3

f 2999/7735/3 2910/7481/3 2997/7733/3

v 135.066 0 -91.8382
vt 5.95714 4.01923
f 3000/7736/3 2910/7481/3 2999/7735/3

f 2909/7482/3 2910/7481/3 3000/7736/3

vt 1.46082 -4.89577
vt 1.43359 -4.89577
vt 1.4392 -4.95144
vt 1.45564 -4.95144
f 2909/7737/157 3000/7738/157 2878/7739/157 2876/7740/157 

vt -0.437805 -4.99569
vn 0.560198 0.708098 -0.429855
vt -0.46379 -4.99569
vt -0.45902 -5.05145
vt -0.442576 -5.05145
f 3000/7741/852 2999/7742/852 2880/7743/852 2878/7744/852 

vt -2.30446 -4.73076
vt -2.3317 -4.73076
vt -2.32652 -4.78644
vt -2.31007 -4.78644
f 2999/7745/159 2998/7746/159 2882/7747/159 2880/7748/159 

vt -4.0144 -4.13999
vt -4.04121 -4.13999
vt -4.03602 -4.19567
vt -4.01958 -4.19567
f 2998/7749/252 2996/7750/252 2884/7751/252 2882/7752/252 

vt -5.44942 -3.25648
vt -5.47623 -3.25648
vt -5.47104 -3.31216
vt -5.4546 -3.31216
f 2996/7753/147 2994/7754/147 2886/7755/147 2884/7756/147 

vt -6.51215 -2.14046
vt -6.53896 -2.14046
vt -6.53378 -2.19614
vt -6.51734 -2.19614
f 2994/7757/164 2992/7758/164 2888/7759/164 2886/7760/164 

vt -7.13019 -0.867964
vt -7.157 -0.867964
vt -7.15181 -0.923641
vt -7.13537 -0.923641
f 2992/7761/149 2990/7762/149 2890/7763/149 2888/7764/149 

vt -7.26139 0.474279
vt -7.2882 0.474279
vt -7.28302 0.418601
vt -7.26658 0.418601
f 2990/7765/150 2988/7766/150 2892/7767/150 2890/7768/150 

vt -6.89684 1.7948
vt -6.92365 1.7948
vt -6.91846 1.73912
vt -6.90202 1.73912
f 2988/7769/151 2986/7770/151 2894/7771/151 2892/7772/151 

vt -6.06136 3.0036
vt -6.08764 3.0036
vt -6.08298 2.94792
vt -6.06654 2.94792
f 2986/7773/152 2981/7774/152 2896/7775/152 2894/7776/152 

vt -4.81138 4.01155
vn -0.70227 0.705882 -0.0924556
vt -4.83921 4.01155
vt -4.83352 3.95596
vt -4.81708 3.95596
f 2981/7777/853 908/7778/853 2898/7779/853 2896/7780/853 

vt -3.23412 4.76978
vt -3.2604 4.76978
vt -3.25522 4.71411
vt -3.23878 4.71411
f 908/7781/162 910/7782/162 2899/7783/162 2898/7784/162 

vt -1.43401 5.2068
vt -1.46082 5.2068
vt -1.45564 5.15112
vt -1.4392 5.15112
f 910/7785/371 911/7786/371 2900/7787/371 2899/7788/371 

vt 0.464203 5.29958
vt 0.437392 5.29958
vt 0.442576 5.2439
vt 0.45902 5.2439
f 911/7789/308 912/7790/308 2901/7791/308 2900/7792/308 

vt 2.3317 5.0418
vt 2.30489 5.0418
vt 2.31007 4.98612
vt 2.32652 4.98612
f 912/7793/138 913/7794/138 2902/7795/138 2901/7796/138 

vt 4.04121 4.45102
vt 4.0144 4.45102
vt 4.01958 4.39534
vt 4.03602 4.39534
f 913/7797/309 915/7798/309 2903/7799/309 2902/7800/309 

vt 5.47623 3.56752
vt 5.44942 3.56752
vt 5.4546 3.51184
vt 5.47104 3.51184
f 915/7801/140 916/7802/140 2904/7803/140 2903/7804/140 

vt 6.53896 2.45149
vt 6.51215 2.45149
vt 6.51734 2.39581
vt 6.53378 2.39581
f 916/7805/141 918/7806/141 2905/7807/141 2904/7808/141 

vt 7.157 1.179
vt 7.13019 1.179
vt 7.13537 1.12332
vt 7.15181 1.12332
f 918/7809/142 919/7810/142 2906/7811/142 2905/7812/142 

vt 7.2882 -0.163246
vt 7.26139 -0.163246
vt 7.26658 -0.218923
vt 7.28302 -0.218923
f 919/7813/143 920/7814/143 2907/7815/143 2906/7816/143 

vt 6.92365 -1.48376
vt 6.89684 -1.48376
vt 6.90202 -1.53944
vt 6.91846 -1.53944
f 920/7817/369 922/7818/369 2908/7819/369 2907/7820/369 

vt -7.01816 0.11811
vt -6.98732 0.11811
v 135.333 5 -87.5799
vt -6.98732 0.314961
v 136.056 5 -87.8796
vt -7.01816 0.314961
f 2997/7821/126 2910/7822/127 3001/7823/127 3002/7824/126 

vt -7.07915 0.11811
vt -7.04831 0.11811
vt -7.04831 0.314961
vt -7.07915 0.314961
f 2910/7825/127 2911/7826/128 2913/7827/128 3001/7828/127 

f 2913/7483/3 2916/4266/3 3001/7481/3

f 3001/7481/3 2916/4266/3 2918/7509/3

f 3001/7481/3 2918/7509/3 3002/7733/3

v 136.233 5 -84.9818
vt 6.00308 3.7493
f 3002/7733/3 2918/7509/3 3003/7829/3

v 136.253 5 -84.8265
vt 6.00388 3.74318
f 3003/7829/3 2918/7509/3 3004/7830/3

f 3004/7830/3 2918/7509/3 2965/7651/3

v 136.313 5 -84.6818
vt 6.00624 3.73748
f 3004/7830/3 2965/7651/3 3005/7831/3

v 136.408 5 -84.5576
vt 6.01 3.73259
f 3005/7831/3 2965/7651/3 3006/7832/3

v 136.533 5 -84.4622
vt 6.01489 3.72884
f 3006/7832/3 2965/7651/3 3007/7833/3

v 136.677 5 -84.4023
vt 6.02059 3.72648
f 3007/7833/3 2965/7651/3 3008/7834/3

v 136.833 5 -84.3818
vt 6.0267 3.72567
f 3008/7834/3 2965/7651/3 3009/7835/3

f 3009/7835/3 2965/7651/3 2967/7661/3

v 136.988 5 -84.4023
vt 6.03281 3.72648
f 3009/7835/3 2967/7661/3 3010/7836/3

v 137.133 5 -84.4622
vt 6.03851 3.72884
f 3010/7836/3 2967/7661/3 3011/7837/3

v 137.257 5 -84.5576
vt 6.0434 3.73259
f 3011/7837/3 2967/7661/3 3012/7838/3

v 137.352 5 -84.6818
vt 6.04716 3.73748
f 3012/7838/3 2967/7661/3 3013/7839/3

v 137.412 5 -84.8265
vt 6.04952 3.74318
f 3013/7839/3 2967/7661/3 3014/7840/3

v 137.433 5 -84.9818
vt 6.05032 3.7493
f 3014/7840/3 2967/7661/3 3015/7841/3

v 137.609 5 -87.8796
f 3016/7729/3 3015/7841/3 2967/7661/3

v 137.412 5 -85.1371
vt 6.04952 3.75541
f 3016/7729/3 3017/7842/3 3015/7841/3

v 137.352 5 -85.2818
vt 6.04716 3.76111
f 3016/7729/3 3018/7843/3 3017/7842/3

v 137.257 5 -85.4061
vt 6.0434 3.766
f 3016/7729/3 3019/7844/3 3018/7843/3

v 137.133 5 -85.5015
vt 6.03851 3.76975
f 3016/7729/3 3020/7845/3 3019/7844/3

v 136.988 5 -85.5614
vt 6.03281 3.77211
f 3016/7729/3 3021/7846/3 3020/7845/3

v 136.833 5 -87.9818
f 3022/7731/3 3021/7846/3 3016/7729/3

v 136.833 5 -85.5818
vt 6.0267 3.77292
f 3022/7731/3 3023/7847/3 3021/7846/3

v 136.677 5 -85.5614
vt 6.02059 3.77211
f 3022/7731/3 3024/7848/3 3023/7847/3

v 136.533 5 -85.5015
vt 6.01489 3.76975
f 3022/7731/3 3025/7849/3 3024/7848/3

v 136.408 5 -85.4061
vt 6.01 3.766
f 3022/7731/3 3026/7850/3 3025/7849/3

v 136.313 5 -85.2818
vt 6.00624 3.76111
f 3022/7731/3 3027/7851/3 3026/7850/3

v 136.253 5 -85.1371
vt 6.00388 3.75541
f 3022/7731/3 3028/7852/3 3027/7851/3

f 3002/7733/3 3028/7852/3 3022/7731/3

f 3028/7852/3 3002/7733/3 3003/7829/3

vt 4.50695 0.314961
vt 4.50078 0.314961
v 136.233 8.88178e-16 -84.9818
vt 4.50078 0.11811
v 136.253 8.88178e-16 -85.1371
vt 4.50695 0.11811
f 3028/7853/135 3003/7854/7 3029/7855/7 3030/7856/135 

vt 2.93366 0.314961
vt 2.92749 0.314961
v 136.253 8.88178e-16 -84.8265
vt 2.92749 0.11811
vt 2.93366 0.11811
f 3003/7857/7 3004/7858/131 3031/7859/131 3029/7860/7 

vt 1.16066 0.314961
vt 1.1545 0.314961
v 136.313 8.88178e-16 -84.6818
vt 1.1545 0.11811
vt 1.16066 0.11811
f 3004/7861/131 3005/7862/132 3032/7863/132 3031/7864/131 

vt -0.691223 0.314961
vt -0.69739 0.314961
v 136.408 8.88178e-16 -84.5576
vt -0.69739 0.11811
vt -0.691223 0.11811
f 3005/7865/132 3006/7866/133 3033/7867/133 3032/7868/132 

vt -2.49579 0.314961
vt -2.50196 0.314961
v 136.533 8.88178e-16 -84.4622
vt -2.50196 0.11811
vt -2.49579 0.11811
f 3006/7869/133 3007/7870/134 3034/7871/134 3033/7872/133 

vt -4.13007 0.314961
vt -4.13624 0.314961
v 136.677 8.88178e-16 -84.4023
vt -4.13624 0.11811
vt -4.13007 0.11811
f 3007/7873/134 3008/7874/129 3035/7875/129 3034/7876/134 

vt -5.48268 0.314961
vt -5.48884 0.314961
v 136.833 8.88178e-16 -84.3818
vt -5.48884 0.11811
vt -5.48268 0.11811
f 3008/7877/129 3009/7878/125 3036/7879/125 3035/7880/129 

vt -6.46144 0.314961
vt -6.46761 0.314961
v 136.988 8.88178e-16 -84.4023
vt -6.46761 0.11811
vt -6.46144 0.11811
f 3009/7881/125 3010/7882/126 3037/7883/126 3036/7884/125 

vt -6.99966 0.314961
vt -7.00582 0.314961
v 137.133 8.88178e-16 -84.4622
vt -7.00582 0.11811
vt -6.99966 0.11811
f 3010/7885/126 3011/7886/127 3038/7887/127 3037/7888/126 

vt -7.06065 0.314961
vt -7.06681 0.314961
v 137.257 8.88178e-16 -84.5576
vt -7.06681 0.11811
vt -7.06065 0.11811
f 3011/7889/127 3012/7890/128 3039/7891/128 3038/7892/127 

vt -6.64026 0.314961
vt -6.64642 0.314961
v 137.352 8.88178e-16 -84.6818
vt -6.64642 0.11811
vt -6.64026 0.11811
f 3012/7893/128 3013/7894/4 3040/7895/4 3039/7896/128 

vt -5.76713 0.314961
vt -5.7733 0.314961
v 137.412 8.88178e-16 -84.8265
vt -5.7733 0.11811
vt -5.76713 0.11811
f 3013/7897/4 3014/7898/254 3041/7899/254 3040/7900/4 

vt -4.50078 0.314961
vt -4.50695 0.314961
v 137.433 8.88178e-16 -84.9818
vt -4.50695 0.11811
vt -4.50078 0.11811
f 3014/7901/254 3015/7902/118 3042/7903/118 3041/7904/254 

vt -2.92749 0.314961
vt -2.93366 0.314961
v 137.412 8.88178e-16 -85.1371
vt -2.93366 0.11811
vt -2.92749 0.11811
f 3015/7905/118 3017/7906/256 3043/7907/256 3042/7908/118 

vt -1.1545 0.314961
vt -1.16066 0.314961
v 137.352 8.88178e-16 -85.2818
vt -1.16066 0.11811
vt -1.1545 0.11811
f 3017/7909/256 3018/7910/257 3044/7911/257 3043/7912/256 

vt 0.69739 0.314961
vt 0.691223 0.314961
v 137.257 8.88178e-16 -85.4061
vt 0.691223 0.11811
vt 0.69739 0.11811
f 3018/7913/257 3019/7914/258 3045/7915/258 3044/7916/257 

vt 2.50196 0.314961
vt 2.49579 0.314961
v 137.133 8.88178e-16 -85.5015
vt 2.49579 0.11811
vt 2.50196 0.11811
f 3019/7917/258 3020/7918/253 3046/7919/253 3045/7920/258 

vt 4.13624 0.314961
vt 4.13007 0.314961
v 136.988 8.88178e-16 -85.5614
vt 4.13007 0.11811
vt 4.13624 0.11811
f 3020/7921/253 3021/7922/136 3047/7923/136 3046/7924/253 

vt 5.48884 0.314961
vt 5.48268 0.314961
v 136.833 8.88178e-16 -85.5818
vt 5.48268 0.11811
vt 5.48884 0.11811
f 3021/7925/136 3023/7926/137 3048/7927/137 3047/7928/136 

vt 6.46761 0.314961
vt 6.46144 0.314961
v 136.677 8.88178e-16 -85.5614
vt 6.46144 0.11811
vt 6.46761 0.11811
f 3023/7929/137 3024/7930/145 3049/7931/145 3048/7932/137 

vt 7.00582 0.314961
vt 6.99966 0.314961
v 136.533 8.88178e-16 -85.5015
vt 6.99966 0.11811
vt 7.00582 0.11811
f 3024/7933/145 3025/7934/130 3050/7935/130 3049/7936/145 

vt 7.06681 0.314961
vt 7.06065 0.314961
v 136.408 8.88178e-16 -85.4061
vt 7.06065 0.11811
vt 7.06681 0.11811
f 3025/7937/130 3026/7938/1 3051/7939/1 3050/7940/130 

vt 6.64642 0.314961
vt 6.64026 0.314961
v 136.313 8.88178e-16 -85.2818
vt 6.64026 0.11811
vt 6.64642 0.11811
f 3026/7941/1 3027/7942/2 3052/7943/2 3051/7944/1 

vt 5.7733 0.314961
vt 5.76713 0.314961
vt 5.76713 0.11811
vt 5.7733 0.11811
f 3027/7945/2 3028/7946/135 3030/7947/135 3052/7948/2 

f 3035/7834/3 3036/7835/3 3037/7836/3 3038/7837/3 3039/7838/3 3040/7839/3 3041/7840/3 3042/7841/3 3043/7842/3 3044/7843/3 3045/7844/3 3046/7845/3 3047/7846/3 3048/7847/3 3049/7848/3 3050/7849/3 3051/7850/3 3052/7851/3 3030/7852/3 3029/7829/3 3031/7830/3 3032/7831/3 3033/7832/3 3034/7833/3 

vt -6.47994 0.11811
vt -6.44911 0.11811
vt -6.44911 0.314961
vt -6.47994 0.314961
f 2995/7949/730 2997/7950/126 3002/7951/126 3022/7952/730 

vt -5.50118 0.11811
vt -5.47034 0.11811
vt -5.47034 0.314961
vt -5.50118 0.314961
f 2993/7953/129 2995/7954/730 3022/7955/730 3016/7956/129 

vt -4.14857 0.11811
vt -4.11774 0.11811
vt -4.11774 0.314961
v 138.333 5 -87.5799
vt -4.14857 0.314961
f 2991/7957/134 2993/7958/129 3016/7959/129 3053/7960/134 

f 3016/7729/3 2971/7671/3 3053/7727/3

f 3016/7729/3 2967/7661/3 2971/7671/3

f 3053/7727/3 2971/7671/3 2973/7681/3

v 138.954 5 -87.1032
f 3053/7727/3 2973/7681/3 3054/7725/3

f 3054/7725/3 2973/7681/3 2977/7691/3

v 139.431 5 -86.4818
f 3054/7725/3 2977/7691/3 3055/7723/3

f 3055/7723/3 2977/7691/3 2979/7701/3

f 3055/7723/3 2979/7701/3 2985/7721/3

f 2985/7721/3 2979/7701/3 2983/7712/3

vt 1.14216 0.11811
vt 1.173 0.11811
vt 1.173 0.314961
vt 1.14216 0.314961
f 2984/7961/131 2987/7962/132 3055/7963/132 2985/7964/131 

vt -0.709723 0.11811
vt -0.67889 0.11811
vt -0.67889 0.314961
vt -0.709723 0.314961
f 2987/7965/132 2989/7966/133 3054/7967/133 3055/7968/132 

vt -2.51429 0.11811
vt -2.48346 0.11811
vt -2.48346 0.314961
vt -2.51429 0.314961
f 2989/7969/133 2991/7970/134 3053/7971/134 3054/7972/133 

vt -4.06155 4.08809
vt -4.08921 4.08809
vt -4.08403 4.03241
vt -4.06758 4.03241
f 1876/7973/153 907/7974/153 2942/7975/153 2940/7976/153 

vt -5.38893 3.21675
vn -0.651478 0.709094 -0.269743
vt -5.38457 3.16092
vn -0.651464 0.709068 -0.269845
vt -5.36812 3.16092
f 1876/7977/854 2940/7978/855 2938/7979/854

vt -5.36688 3.16223
vt -5.36253 3.21807
vn -0.651492 0.709121 -0.26964
vt -5.38767 3.21807
f 2938/7980/854 1877/7981/856 1876/7982/854

vt -6.29709 2.12021
vt -6.32478 2.12021
vt -6.31872 2.06453
vt -6.30228 2.06453
f 1880/7983/151 1877/7984/151 2938/7985/151 2936/7986/151 

vt -6.80119 0.898361
vt -6.82801 0.898361
vt -6.82282 0.842684
vt -6.80638 0.842684
f 1882/7987/150 1880/7988/150 2936/7989/150 2934/7990/150 

vt -6.84089 -0.374109
vt -6.8677 -0.374109
vt -6.86252 -0.429787
vt -6.84608 -0.429787
f 1884/7991/149 1882/7992/149 2934/7993/149 2932/7994/149 

vt -6.41348 -1.61049
vt -6.44029 -1.61049
vt -6.43511 -1.66616
vt -6.41866 -1.66616
f 1886/7995/164 1884/7996/164 2932/7997/164 2930/7998/164 

vt -5.54809 -2.72651
vt -5.5749 -2.72651
vt -5.56972 -2.78219
vt -5.55327 -2.78219
f 1887/7999/147 1886/8000/147 2930/8001/147 2928/8002/147 

vt -4.30369 -3.64613
vt -4.3305 -3.64613
vt -4.32532 -3.70181
vt -4.30887 -3.70181
f 1890/8003/252 1887/8004/252 2928/8005/252 2926/8006/252 

vt -2.76509 -4.30668
vt -2.7919 -4.30668
vt -2.78672 -4.36236
vt -2.77027 -4.36236
f 1892/8007/159 1890/8008/159 2926/8009/159 2925/8010/159 

vt -1.03714 -4.66313
vt -1.06395 -4.66313
vt -1.05876 -4.71881
vt -1.04232 -4.71881
f 1894/8011/158 1892/8012/158 2925/8013/158 2924/8014/158 

vt 0.762409 -4.6912
vt 0.735598 -4.6912
vt 0.740781 -4.74688
vt 0.757226 -4.74688
f 1857/8015/157 1894/8016/157 2924/8017/157 1858/8018/157 

vt -6.10676 2.58329
vt -6.10676 3.29871
f 1911/8019/75 2941/8020/75 2021/4668/75

vt -6.10047 2.59848
f 1913/8021/75 2941/8020/75 1911/8019/75

vt -6.10047 3.28352
f 1913/8021/75 2939/8022/75 2941/8020/75

vt -6.09046 2.61153
f 1915/8023/75 2939/8022/75 1913/8021/75

vt -6.09046 3.27047
f 1915/8023/75 2937/8024/75 2939/8022/75

vt -6.07741 2.62154
f 1917/8025/75 2937/8024/75 1915/8023/75

vt -6.07741 3.26046
f 1917/8025/75 2935/8026/75 2937/8024/75

vt -6.06222 2.62783
f 1919/8027/75 2935/8026/75 1917/8025/75

vt -6.06222 3.25417
f 1919/8027/75 2933/8028/75 2935/8026/75

vt -6.04591 2.62998
f 1921/8029/75 2933/8028/75 1919/8027/75

vt -6.04591 3.25202
f 1921/8029/75 2931/8030/75 2933/8028/75

vt -6.02961 2.62783
f 1923/8031/75 2931/8030/75 1921/8029/75

vt -6.02961 3.25417
f 1923/8031/75 2929/8032/75 2931/8030/75

vt -6.01442 2.62154
f 1925/8033/75 2929/8032/75 1923/8031/75

vt -6.01442 3.26046
f 1925/8033/75 2927/8034/75 2929/8032/75

f 1927/4458/75 2927/8034/75 1925/8033/75

f 1927/4458/75 1928/4457/75 2927/8034/75

f 1911/8019/75 2021/4668/75 1910/4666/75

vt -5.24175 0.11811
vt -5.21092 0.11811
vt -5.21092 0.314961
vt -5.24175 0.314961
f 2655/8035/125 2657/8036/126 2832/8037/126 2852/8038/125 

vt -5.12668 0.11811
vt -5.09585 0.11811
vt -5.09585 0.314961
vt -5.12668 0.314961
f 2657/8039/126 2659/8040/127 2831/8041/127 2832/8042/126 

vt -4.66328 0.11811
vt -4.63245 0.11811
vt -4.63245 0.314961
vt -4.66328 0.314961
f 2659/8043/127 2661/8044/128 2830/8045/128 2831/8046/127 

vt -5.00066 0.11811
vt -4.96983 0.11811
vt -4.96983 0.314961
vt -5.00066 0.314961
f 2653/8047/129 2655/8048/125 2852/8049/125 2846/8050/129 

vt -4.41983 0.11811
vt -4.389 0.11811
vt -4.389 0.314961
v 116.061 5 -15.8056
vt -4.41983 0.314961
f 2651/8051/134 2653/8052/129 2846/8053/129 3056/8054/134 

f 2846/6760/3 2637/6737/3 3056/6758/3

f 2846/6760/3 2635/6713/3 2637/6737/3

v 116.682 5 -11.0862
f 3056/6758/3 2637/6737/3 3057/6738/3

vt 4.63245 0.11811
vt 4.66328 0.11811
vt 4.66328 0.314961
vt 4.63245 0.314961
f 2636/8055/130 2638/8056/1 3057/8057/1 2637/8058/130 

vt 3.8523 0.11811
vt 3.88314 0.11811
v 117.159 5 -11.7076
vt 3.88314 0.314961
vt 3.8523 0.314961
f 2638/8059/1 2639/8060/2 3058/8061/2 3057/8062/1 

vt 2.80858 0.11811
vt 2.83942 0.11811
v 117.458 5 -12.4311
vt 2.83942 0.314961
vt 2.80858 0.314961
f 2639/8063/2 2640/8064/135 3059/8065/135 3058/8066/2 

vt 1.57241 0.11811
vt 1.60324 0.11811
vn 1 0 1.25978e-16
v 117.561 5 -13.2076
vt 1.60324 0.314961
vt 1.57241 0.314961
f 2640/8067/135 2641/8068/857 3060/8069/857 3059/8070/135 

vt 0.228029 0.11811
vt 0.258862 0.11811
v 117.458 5 -13.984
vt 0.258862 0.314961
vt 0.228029 0.314961
f 2641/8071/857 2645/8072/131 3061/8073/131 3060/8074/857 

vt -1.13294 0.11811
vt -1.10211 0.11811
v 117.159 5 -14.7076
vt -1.10211 0.314961
vt -1.13294 0.314961
f 2645/8075/131 2646/8076/132 3062/8077/132 3061/8078/131 

vt -2.41776 0.11811
vt -2.38692 0.11811
v 116.682 5 -15.3289
vt -2.38692 0.314961
vt -2.41776 0.314961
f 2646/8079/132 2649/8080/133 3063/8081/133 3062/8082/132 

vt -3.53885 0.11811
vt -3.50802 0.11811
vt -3.50802 0.314961
vt -3.53885 0.314961
f 2649/8083/133 2651/8084/134 3056/8085/134 3063/8086/133 

f 3056/6758/3 3057/6738/3 3063/6756/3

f 3063/6756/3 3057/6738/3 3058/6739/3

f 3063/6756/3 3058/6739/3 3062/6753/3

f 3062/6753/3 3058/6739/3 3059/6740/3

f 3062/6753/3 3059/6740/3 3061/6752/3

f 3061/6752/3 3059/6740/3 3060/6741/3

vt -0.633454 -3.24975
vn 0.651717 0.708774 -0.270009
vt -0.62896 -3.30556
vn 0.651751 0.708759 -0.269964
vt -0.612516 -3.30556
f 1714/8087/858 2228/8088/859 1713/8089/858

vt -0.613254 -3.30563
vt -0.608768 -3.24982
vn 0.651682 0.708788 -0.270054
vt -0.634186 -3.24982
f 1713/8090/858 1712/8091/860 1714/8092/858

v 71.1376 -3 -38.4067
vt -3.44028 1.91563
f 3064/8093/75 2192/5263/75 627/1225/75

v 71.0831 -3 -38.8209
vt -3.43813 1.93193
f 3065/8094/75 2192/5263/75 3064/8093/75

v 70.9232 -3 -39.2067
vt -3.43184 1.94713
f 3066/8095/75 2192/5263/75 3065/8094/75

v 70.8419 -3 -52.692
vt -3.42864 2.47804
f 3066/8095/75 3067/8096/75 2192/5263/75

v 70.669 -3 -39.5381
vt -3.42183 1.96017
f 3068/8097/75 3067/8096/75 3066/8095/75

v 70.3376 -3 -39.7924
vt -3.40878 1.97018
f 3069/8098/75 3067/8096/75 3068/8097/75

v 70.2127 -3 -52.4314
vt -3.40387 2.46778
f 3069/8098/75 3070/8099/75 3067/8096/75

v 69.9517 -3 -39.9522
vt -3.39359 1.97648
f 3071/8100/75 3070/8099/75 3069/8098/75

v 69.5376 -3 -40.0067
vt -3.37729 1.97862
f 3072/8101/75 3070/8099/75 3071/8100/75

v 69.5376 -3 -52.3425
vt -3.37729 2.46428
f 3072/8101/75 3073/8102/75 3070/8099/75

v 69.1235 -3 -39.9522
vt -3.36098 1.97648
f 3074/8103/75 3073/8102/75 3072/8101/75

v 68.8624 -3 -52.4314
vt -3.35071 2.46778
f 3074/8103/75 3075/8104/75 3073/8102/75

v 68.7376 -3 -39.7924
vt -3.34579 1.97018
f 3076/8105/75 3075/8104/75 3074/8103/75

v 68.4062 -3 -39.5381
vt -3.33275 1.96017
f 3077/8106/75 3075/8104/75 3076/8105/75

v 68.2333 -3 -52.692
vt -3.32594 2.47804
f 3077/8106/75 3078/8107/75 3075/8104/75

v 68.1519 -3 -39.2067
vt -3.32274 1.94713
f 3079/8108/75 3078/8107/75 3077/8106/75

v 67.9921 -3 -38.8209
vt -3.31644 1.93193
f 3080/8109/75 3078/8107/75 3079/8108/75

v 67.9376 -3 -38.4067
vt -3.3143 1.91563
f 3081/8110/75 3078/8107/75 3080/8109/75

v 67.693 -3 -53.1065
vt -3.30467 2.49436
f 3078/8107/75 3081/8110/75 3082/8111/75

v 67.9376 -3 -21.8855
vt -3.3143 1.26519
f 3083/8112/75 3082/8111/75 3081/8110/75

v 67.2784 -3 -53.6468
vt -3.28835 2.51563
f 3083/8112/75 3084/8113/75 3082/8111/75

v 67.0178 -3 -54.276
vt -3.27809 2.5404
f 3083/8112/75 3085/8114/75 3084/8113/75

v 66.929 -3 -54.9511
vt -3.27459 2.56698
f 3083/8112/75 3086/8115/75 3085/8114/75

f 3083/8112/75 635/1233/75 3086/8115/75

v 67.9921 -3 -21.4714
vt -3.31644 1.24888
f 3087/8116/75 635/1233/75 3083/8112/75

v 68.1519 -3 -21.0855
vt -3.32274 1.23369
f 3088/8117/75 635/1233/75 3087/8116/75

v 68.4062 -3 -20.7541
vt -3.33275 1.22065
f 3089/8118/75 635/1233/75 3088/8117/75

v 68.7376 -3 -20.4999
vt -3.34579 1.21064
f 3090/8119/75 635/1233/75 3089/8118/75

f 634/1232/75 635/1233/75 3090/8119/75

vt -2.64426 0.0787402
vn 0.258819 1.0768e-33 -0.965926
vt -2.64426 8.88178e-16
vt -2.62782 8.88178e-16
vn 0.5 2.9822e-31 -0.866025
vt -2.62782 0.0787402
f 1042/8120/861 634/8121/861 3090/8122/862 1040/8123/862 

vt -3.19148 0.0787402
vn 1.81968e-16 -1.2756e-31 -1
vt -3.19148 8.88178e-16
vt -3.17503 8.88178e-16
vt -3.17503 0.0787402
f 1043/8124/863 633/8125/863 634/8126/861 1042/8127/861 

vt -3.52176 0.0787402
vn -0.258819 6.32035e-32 -0.965926
vt -3.52176 8.88178e-16
vt -3.50531 8.88178e-16
vt -3.50531 0.0787402
f 1044/8128/864 632/8129/864 633/8130/863 1043/8131/863 

vt -3.6126 0.0787402
vn -0.5 -2.58967e-31 -0.866025
vt -3.6126 8.88178e-16
vt -3.59615 8.88178e-16
vt -3.59615 0.0787402
f 1045/8132/865 631/8133/865 632/8134/864 1044/8135/864 

vt -3.4578 0.0787402
vn -0.707107 -1.56032e-31 -0.707107
vt -3.4578 8.88178e-16
vt -3.44136 8.88178e-16
vt -3.44136 0.0787402
f 1046/8136/866 630/8137/866 631/8138/865 1045/8139/865 

vt -3.06793 0.0787402
vn -0.866025 1.98855e-31 -0.5
vt -3.06793 8.88178e-16
vt -3.05148 8.88178e-16
vt -3.05148 0.0787402
f 1047/8140/867 629/8141/867 630/8142/866 1046/8143/866 

vt -2.46954 0.0787402
vt -2.46954 8.88178e-16
vt -2.45309 8.88178e-16
vt -2.45309 0.0787402
f 1048/8144/623 628/8145/623 629/8146/867 1047/8147/867 

vt -1.70341 0.0787402
vn -1 -1.63583e-32 8.39852e-16
vt -1.70341 8.88178e-16
vt -1.68697 8.88178e-16
vt -1.68697 0.0787402
f 1049/8148/868 627/8149/868 628/8150/623 1048/8151/623 

vt -0.821762 0.0787402
vn -0.965926 -8.17913e-33 0.258819
v 71.0831 -3 -22.2996
vt -0.821762 8.88178e-16
vt -0.805318 8.88178e-16
vt -0.805318 0.0787402
f 1051/8152/869 3091/8153/869 627/8154/868 1049/8155/868 

v 70.9232 -1 -22.6855
vt 0.115329 0.0787402
vn -0.866025 -1.60708e-31 0.5
v 70.9232 -3 -22.6855
vt 0.115329 8.88178e-16
vt 0.131773 8.88178e-16
vt 0.131773 0.0787402
f 3092/8156/870 3093/8157/870 3091/8158/869 1051/8159/869 

v 70.669 -1 -23.0169
vt 1.044 0.0787402
vn -0.707107 -1.60708e-31 0.707107
v 70.669 -3 -23.0169
vt 1.044 8.88178e-16
vt 1.06044 8.88178e-16
vt 1.06044 0.0787402
f 3094/8160/871 3095/8161/871 3093/8162/870 3092/8163/870 

v 70.3376 -1 -23.2711
vt 1.90096 0.0787402
vn -0.5 -9.592e-32 0.866025
v 70.3376 -3 -23.2711
vt 1.90096 8.88178e-16
vt 1.91741 8.88178e-16
vt 1.91741 0.0787402
f 3096/8164/872 3097/8165/872 3095/8166/871 3094/8167/871 

v 69.9517 -1 -23.431
vt 2.62782 0.0787402
vn -0.258819 -1.2533e-31 0.965926
v 69.9517 -3 -23.431
vt 2.62782 8.88178e-16
vt 2.64426 8.88178e-16
vt 2.64426 0.0787402
f 3098/8168/873 3099/8169/873 3097/8170/872 3096/8171/872 

v 69.5376 -1 -23.4855
vt 3.17503 0.0787402
vn 6.85879e-15 3.30638e-33 1
v 69.5376 -3 -23.4855
vt 3.17503 8.88178e-16
vt 3.19148 8.88178e-16
vt 3.19148 0.0787402
f 3100/8172/874 3101/8173/874 3099/8174/873 3098/8175/873 

v 69.1235 -1 -23.431
vt 3.50531 0.0787402
vn 0.258819 -6.32035e-32 0.965926
v 69.1235 -3 -23.431
vt 3.50531 8.88178e-16
vt 3.52176 8.88178e-16
vt 3.52176 0.0787402
f 3102/8176/875 3103/8177/875 3101/8178/874 3100/8179/874 

v 68.7376 -1 -23.2711
vt 3.59615 0.0787402
vn 0.5 -4.62063e-32 0.866025
v 68.7376 -3 -23.2711
vt 3.59615 8.88178e-16
vt 3.6126 8.88178e-16
vt 3.6126 0.0787402
f 3104/8180/876 3105/8181/876 3103/8182/875 3102/8183/875 

v 68.4062 -1 -23.0169
vt 3.44136 0.0787402
vn 0.707107 2.48568e-31 0.707107
v 68.4062 -3 -23.0169
vt 3.44136 8.88178e-16
vt 3.4578 8.88178e-16
vt 3.4578 0.0787402
f 3106/8184/877 3107/8185/877 3105/8186/876 3104/8187/876 

v 68.1519 -1 -22.6855
vt 3.05148 0.0787402
vn 0.866025 -3.27165e-32 0.5
v 68.1519 -3 -22.6855
vt 3.05148 8.88178e-16
vt 3.06793 8.88178e-16
vt 3.06793 0.0787402
f 3108/8188/878 3109/8189/878 3107/8190/877 3106/8191/877 

v 67.9921 -1 -22.2996
vt 2.45309 0.0787402
vn 0.965926 -2.23392e-31 0.258819
v 67.9921 -3 -22.2996
vt 2.45309 8.88178e-16
vt 2.46954 8.88178e-16
vt 2.46954 0.0787402
f 3110/8192/879 3111/8193/879 3109/8194/878 3108/8195/878 

v 67.9376 -1 -21.8855
vt 1.68697 0.0787402
vn 1 5.05192e-31 -4.47921e-16
vt 1.68697 8.88178e-16
vt 1.70341 8.88178e-16
vt 1.70341 0.0787402
f 3112/8196/880 3083/8197/880 3111/8198/879 3110/8199/879 

v 67.9921 -1 -21.4714
vt 0.805318 0.0787402
vn 0.965926 7.04604e-31 -0.258819
vt 0.805318 8.88178e-16
vt 0.821762 8.88178e-16
vt 0.821762 0.0787402
f 3113/8200/881 3087/8201/881 3083/8202/880 3112/8203/880 

v 68.1519 -1 -21.0855
vt -0.131773 0.0787402
vn 0.866025 2.07591e-31 -0.5
vt -0.131773 8.88178e-16
vt -0.115329 8.88178e-16
vt -0.115329 0.0787402
f 3114/8204/882 3088/8205/882 3087/8206/881 3113/8207/881 

vt -1.06044 0.0787402
vn 0.707107 2.023e-31 -0.707107
vt -1.06044 8.88178e-16
vt -1.044 8.88178e-16
vt -1.044 0.0787402
f 1041/8208/883 3089/8209/883 3088/8210/882 3114/8211/882 

vt -1.91741 0.0787402
vt -1.91741 8.88178e-16
vt -1.90096 8.88178e-16
vt -1.90096 0.0787402
f 1040/8212/862 3090/8213/862 3089/8214/883 1041/8215/883 

vt -1.0381 -2.28371
vt -1.06563 -2.28371
vt -1.06044 -2.33938
vt -1.044 -2.33938
f 1038/8216/158 1039/8217/158 1041/8218/158 3114/8219/158 

vt -0.136267 -2.39901
vt -0.131773 -2.45482
vt -0.115329 -2.45482
f 1038/8220/858 3114/8221/859 3113/8222/858

vt -0.11588 -2.45491
vt -0.111394 -2.3991
vt -0.136812 -2.3991
f 3113/8223/858 1037/8224/860 1038/8225/858

vt 0.826945 -2.32893
vt 0.799406 -2.32893
vt 0.805318 -2.38461
vt 0.821762 -2.38461
f 1074/8226/156 1037/8227/156 3113/8228/156 3112/8229/156 

f 1035/2100/3 1037/2099/3 1074/2166/3

f 1150/2318/3 1035/2100/3 1074/2166/3

v 67.0199 0 -93.8435
vt 3.27817 4.09818
f 3115/8230/3 1035/2100/3 1150/2318/3

v 67.2687 0 -94.4441
vt 3.28796 4.12183
f 3116/8231/3 1035/2100/3 3115/8230/3

v 67.693 0 -94.9971
vt 3.30467 4.1436
f 3117/8232/3 1035/2100/3 3116/8231/3

v 54.9844 0 -85.8586
vt 2.80433 3.78382
f 3117/8232/3 3118/8233/3 1035/2100/3

f 1207/2475/3 3118/8233/3 3117/8232/3

f 1207/2475/3 1209/2476/3 3118/8233/3

vt 2.28064 0.11811
vn 0.956337 0 -0.292267
vt 2.31147 0.11811
vn 0.848106 0 -0.529827
v 54.6597 5 -86.5713
vt 2.31147 0.314961
v 54.9844 5 -85.8586
vt 2.28064 0.314961
f 3118/8234/884 1209/8235/885 3119/8236/885 3120/8237/884 

vt 1.16619 0.11811
vt 1.19703 0.11811
vn 0.682078 0 -0.731279
v 54.1616 5 -87.1757
vt 1.19703 0.314961
vt 1.16619 0.314961
f 1209/8238/885 1212/8239/886 3121/8240/886 3119/8241/885 

vt -0.0287756 0.11811
vt 0.00205733 0.11811
vn 0.469568 0 -0.882896
v 53.5241 5 -87.6305
vt 0.00205733 0.314961
vt -0.0287756 0.314961
f 1212/8242/886 1214/8243/887 3122/8244/887 3121/8245/886 

vt -1.22284 0.11811
vt -1.192 0.11811
vn 0.225057 0 -0.974346
v 52.7905 5 -87.9049
vt -1.192 0.314961
vt -1.22284 0.314961
f 1214/8246/887 1216/8247/888 3123/8248/888 3122/8249/887 

vt -2.33461 0.11811
vt -2.30378 0.11811
vn -0.0347905 0 -0.999395
v 52.011 5 -87.98
vt -2.30378 0.314961
vt -2.33461 0.314961
f 1216/8250/888 1218/8251/889 3124/8252/889 3123/8253/888 

vt -3.28834 0.11811
vt -3.2575 0.11811
vn -0.292267 0 -0.956337
v 51.2386 5 -87.8508
vt -3.2575 0.314961
vt -3.28834 0.314961
f 1218/8254/889 1220/8255/890 3125/8256/890 3124/8257/889 

vt -4.01902 0.11811
vt -3.98819 0.11811
vn -0.529827 0 -0.848106
v 50.5259 5 -87.5262
vt -3.98819 0.314961
vt -4.01902 0.314961
f 1220/8258/890 1222/8259/891 3126/8260/891 3125/8261/890 

vt -4.47686 0.11811
vt -4.44603 0.11811
vn -0.731279 0 -0.682078
v 49.9215 5 -87.0281
vt -4.44603 0.314961
vt -4.47686 0.314961
f 1222/8262/891 1224/8263/892 3127/8264/892 3126/8265/891 

vt -4.63067 0.11811
vt -4.59983 0.11811
vn -0.882896 0 -0.469568
v 49.4667 5 -86.3905
vt -4.59983 0.314961
vt -4.63067 0.314961
f 1224/8266/892 1226/8267/893 3128/8268/893 3127/8269/892 

vt -4.46995 0.11811
vt -4.43912 0.11811
vn -0.974346 0 -0.225057
v 49.1923 5 -85.657
vt -4.43912 0.314961
vt -4.46995 0.314961
f 1226/8270/893 1227/8271/894 3129/8272/894 3128/8273/893 

vt -4.00566 0.11811
vt -3.97483 0.11811
vn -0.999395 0 0.0347905
v 49.1172 5 -84.8775
vt -3.97483 0.314961
vt -4.00566 0.314961
f 1227/8274/894 1228/8275/895 3130/8276/895 3129/8277/894 

vt -3.26944 0.11811
vt -3.23861 0.11811
vt -3.23861 0.314961
vt -3.26944 0.314961
f 1228/8278/895 1023/8279/291 1025/8280/291 3130/8281/895 

f 1228/2495/3 1022/2053/3 1023/2054/3

f 1229/2496/3 1022/2053/3 1228/2495/3

v 48.7358 0 -93.3947
vt 2.55832 4.08051
f 3131/8282/3 1022/2053/3 1229/2496/3

v 48.6336 0 -94.1711
vt 2.5543 4.11108
f 3132/8283/3 1022/2053/3 3131/8282/3

f 1250/2569/3 1022/2053/3 3132/8283/3

v 48.7358 0 -94.9476
vt 2.55832 4.14165
f 3133/8284/3 1250/2569/3 3132/8283/3

v 49.0355 0 -95.6711
vt 2.57012 4.17013
f 3134/8285/3 1250/2569/3 3133/8284/3

v 49.5122 0 -96.2924
vt 2.58889 4.1946
f 3135/8286/3 1250/2569/3 3134/8285/3

f 1248/2570/3 1250/2569/3 3135/8286/3

vt -4.63824 0.11811
vt -4.60741 0.11811
v 49.5122 5 -96.2924
vt -4.60741 0.314961
vt -4.63824 0.314961
f 1248/8287/127 3135/8288/128 3136/8289/128 1249/8290/127 

vt -4.90381 0.11811
vt -4.87298 0.11811
v 49.0355 5 -95.6711
vt -4.87298 0.314961
vt -4.90381 0.314961
f 3135/8291/128 3134/8292/4 3137/8293/4 3136/8294/128 

vt -4.83624 0.11811
vt -4.80541 0.11811
v 48.7358 5 -94.9476
vt -4.80541 0.314961
vt -4.83624 0.314961
f 3134/8295/4 3133/8296/254 3138/8297/254 3137/8298/4 

vt -4.44014 0.11811
vt -4.40931 0.11811
vn -1 0 -9.37835e-16
v 48.6336 5 -94.1711
vt -4.40931 0.314961
vt -4.44014 0.314961
f 3133/8299/254 3132/8300/896 3139/8301/896 3138/8302/254 

vt -3.74251 0.11811
vt -3.71167 0.11811
v 48.7358 5 -93.3947
vt -3.71167 0.314961
vt -3.74251 0.314961
f 3132/8303/896 3131/8304/256 3140/8305/256 3139/8306/896 

vt -2.79087 0.11811
vt -2.76004 0.11811
vt -2.76004 0.314961
vt -2.79087 0.314961
f 3131/8307/256 1229/8308/257 1231/8309/257 3140/8310/256 

f 3138/8284/3 3140/8282/3 1231/2496/3

f 3140/8282/3 3138/8284/3 3139/8283/3

f 3138/8284/3 1231/2496/3 3137/8285/3

f 3137/8285/3 1231/2496/3 1230/2492/3

f 3137/8285/3 1230/2492/3 3136/8286/3

f 3136/8286/3 1230/2492/3 1232/2490/3

f 3136/8286/3 1232/2490/3 1249/2570/3

f 1249/2570/3 1232/2490/3 1233/2488/3

f 1249/2570/3 1233/2488/3 1247/453/3

v 51.1518 5 -94.1711
vt 2.65344 4.11108
f 1247/453/3 1233/2488/3 3141/8311/3

v 51.1682 5 -94.0464
vt 2.65408 4.10617
f 3141/8311/3 1233/2488/3 3142/8312/3

f 3142/8312/3 1233/2488/3 1234/2486/3

v 51.2163 5 -93.9302
vt 2.65598 4.10159
f 3142/8312/3 1234/2486/3 3143/8313/3

v 51.2929 5 -93.8304
vt 2.65899 4.09767
f 3143/8313/3 1234/2486/3 3144/8314/3

v 51.3927 5 -93.7539
vt 2.66292 4.09465
f 3144/8314/3 1234/2486/3 3145/8315/3

v 51.5089 5 -93.7057
vt 2.6675 4.09276
f 3145/8315/3 1234/2486/3 3146/8316/3

v 51.6336 5 -93.6893
vt 2.67241 4.09211
f 3146/8316/3 1234/2486/3 3147/8317/3

f 3147/8317/3 1234/2486/3 1235/2484/3

v 51.7583 5 -93.7057
vt 2.67732 4.09276
f 3147/8317/3 1235/2484/3 3148/8318/3

v 51.8745 5 -93.7539
vt 2.68189 4.09465
f 3148/8318/3 1235/2484/3 3149/8319/3

v 51.9743 5 -93.8304
vt 2.68582 4.09767
f 3149/8319/3 1235/2484/3 3150/8320/3

v 52.0508 5 -93.9302
vt 2.68883 4.10159
f 3150/8320/3 1235/2484/3 3151/8321/3

v 52.099 5 -94.0464
vt 2.69073 4.10617
f 3151/8321/3 1235/2484/3 3152/8322/3

v 52.1154 5 -94.1711
vt 2.69137 4.11108
f 3152/8322/3 1235/2484/3 3153/8323/3

f 3153/8323/3 1235/2484/3 1245/451/3

f 1245/451/3 1235/2484/3 1244/450/3

f 1244/450/3 1235/2484/3 1236/2482/3

f 1244/450/3 1236/2482/3 1243/449/3

f 1243/449/3 1236/2482/3 1237/2480/3

f 1243/449/3 1237/2480/3 1238/2478/3

f 1243/449/3 1238/2478/3 1242/448/3

f 1242/448/3 1238/2478/3 1239/2477/3

f 1242/448/3 1239/2477/3 1241/447/3

f 1241/447/3 1239/2477/3 1240/446/3

v 52.099 5 -94.2958
vt 2.69073 4.11599
f 1245/451/3 3154/8324/3 3153/8323/3

v 52.0508 5 -94.412
vt 2.68883 4.12056
f 1245/451/3 3155/8325/3 3154/8324/3

v 51.9743 5 -94.5118
vt 2.68582 4.12449
f 1245/451/3 3156/8326/3 3155/8325/3

v 51.8745 5 -94.5884
vt 2.68189 4.12751
f 1245/451/3 3157/8327/3 3156/8326/3

v 51.7583 5 -94.6365
vt 2.67732 4.1294
f 1245/451/3 3158/8328/3 3157/8327/3

f 1246/452/3 3158/8328/3 1245/451/3

v 51.6336 5 -94.6529
vt 2.67241 4.13005
f 1246/452/3 3159/8329/3 3158/8328/3

v 51.5089 5 -94.6365
vt 2.6675 4.1294
f 1246/452/3 3160/8330/3 3159/8329/3

v 51.3927 5 -94.5884
vt 2.66292 4.12751
f 1246/452/3 3161/8331/3 3160/8330/3

v 51.2929 5 -94.5118
vt 2.65899 4.12449
f 1246/452/3 3162/8332/3 3161/8331/3

v 51.2163 5 -94.412
vt 2.65598 4.12056
f 1246/452/3 3163/8333/3 3162/8332/3

v 51.1682 5 -94.2958
vt 2.65408 4.11599
f 1246/452/3 3164/8334/3 3163/8333/3

f 1247/453/3 3164/8334/3 1246/452/3

f 3164/8334/3 1247/453/3 3141/8311/3

vt 4.4272 0.314961
vt 4.42225 0.314961
v 51.1518 8.88178e-16 -94.1711
vt 4.42225 0.11811
v 51.1682 8.88178e-16 -94.2958
vt 4.4272 0.11811
f 3164/8335/135 3141/8336/7 3165/8337/7 3166/8338/135 

vt 3.72956 0.314961
vt 3.72461 0.314961
v 51.1682 8.88178e-16 -94.0464
vt 3.72461 0.11811
vt 3.72956 0.11811
f 3141/8339/7 3142/8340/131 3167/8341/131 3165/8342/7 

vt 2.77793 0.314961
vt 2.77298 0.314961
v 51.2163 8.88178e-16 -93.9302
vt 2.77298 0.11811
vt 2.77793 0.11811
f 3142/8343/131 3143/8344/132 3168/8345/132 3167/8346/131 

vt 1.63716 0.314961
vt 1.6322 0.314961
v 51.2929 8.88178e-16 -93.8304
vt 1.6322 0.11811
vt 1.63716 0.11811
f 3143/8347/132 3144/8348/133 3169/8349/133 3168/8350/132 

vt 0.38498 0.314961
vt 0.380028 0.314961
v 51.3927 8.88178e-16 -93.7539
vt 0.380028 0.11811
vt 0.38498 0.11811
f 3144/8351/133 3145/8352/134 3170/8353/134 3169/8354/133 

vt -0.893263 0.314961
vt -0.898215 0.314961
v 51.5089 8.88178e-16 -93.7057
vt -0.898215 0.11811
vt -0.893263 0.11811
f 3145/8355/134 3146/8356/129 3171/8357/129 3170/8358/134 

vt -2.11046 0.314961
vt -2.11542 0.314961
v 51.6336 8.88178e-16 -93.6893
vt -2.11542 0.11811
vt -2.11046 0.11811
f 3146/8359/129 3147/8360/125 3172/8361/125 3171/8362/129 

vt -3.18367 0.314961
vt -3.18862 0.314961
v 51.7583 8.88178e-16 -93.7057
vt -3.18862 0.11811
vt -3.18367 0.11811
f 3147/8363/125 3148/8364/126 3173/8365/126 3172/8366/125 

vt -4.03975 0.314961
vt -4.0447 0.314961
v 51.8745 8.88178e-16 -93.7539
vt -4.0447 0.11811
vt -4.03975 0.11811
f 3148/8367/126 3149/8368/127 3174/8369/127 3173/8370/126 

vt -4.62035 0.314961
vt -4.6253 0.314961
v 51.9743 8.88178e-16 -93.8304
vt -4.6253 0.11811
vt -4.62035 0.11811
f 3149/8371/127 3150/8372/128 3175/8373/128 3174/8374/127 

vt -4.88592 0.314961
vt -4.89087 0.314961
v 52.0508 8.88178e-16 -93.9302
vt -4.89087 0.11811
vt -4.88592 0.11811
f 3150/8375/128 3151/8376/4 3176/8377/4 3175/8378/128 

vt -4.81835 0.314961
vt -4.8233 0.314961
v 52.099 8.88178e-16 -94.0464
vt -4.8233 0.11811
vt -4.81835 0.11811
f 3151/8379/4 3152/8380/254 3177/8381/254 3176/8382/4 

vt -4.42225 0.314961
vt -4.4272 0.314961
v 52.1154 8.88178e-16 -94.1711
vt -4.4272 0.11811
vt -4.42225 0.11811
f 3152/8383/254 3153/8384/118 3178/8385/118 3177/8386/254 

vt -3.72461 0.314961
vt -3.72956 0.314961
v 52.099 8.88178e-16 -94.2958
vt -3.72956 0.11811
vt -3.72461 0.11811
f 3153/8387/118 3154/8388/256 3179/8389/256 3178/8390/118 

vt -2.77298 0.314961
vt -2.77793 0.314961
v 52.0508 8.88178e-16 -94.412
vt -2.77793 0.11811
vt -2.77298 0.11811
f 3154/8391/256 3155/8392/257 3180/8393/257 3179/8394/256 

vt -1.6322 0.314961
vt -1.63716 0.314961
v 51.9743 8.88178e-16 -94.5118
vt -1.63716 0.11811
vt -1.6322 0.11811
f 3155/8395/257 3156/8396/258 3181/8397/258 3180/8398/257 

vt -0.380028 0.314961
vt -0.38498 0.314961
v 51.8745 8.88178e-16 -94.5884
vt -0.38498 0.11811
vt -0.380028 0.11811
f 3156/8399/258 3157/8400/253 3182/8401/253 3181/8402/258 

vt 0.898215 0.314961
vt 0.893263 0.314961
v 51.7583 8.88178e-16 -94.6365
vt 0.893263 0.11811
vt 0.898215 0.11811
f 3157/8403/253 3158/8404/136 3183/8405/136 3182/8406/253 

vt 2.11542 0.314961
vt 2.11046 0.314961
v 51.6336 8.88178e-16 -94.6529
vt 2.11046 0.11811
vt 2.11542 0.11811
f 3158/8407/136 3159/8408/137 3184/8409/137 3183/8410/136 

vt 3.18862 0.314961
vt 3.18367 0.314961
v 51.5089 8.88178e-16 -94.6365
vt 3.18367 0.11811
vt 3.18862 0.11811
f 3159/8411/137 3160/8412/145 3185/8413/145 3184/8414/137 

vt 4.0447 0.314961
vt 4.03975 0.314961
v 51.3927 8.88178e-16 -94.5884
vt 4.03975 0.11811
vt 4.0447 0.11811
f 3160/8415/145 3161/8416/130 3186/8417/130 3185/8418/145 

vt 4.6253 0.314961
vt 4.62035 0.314961
v 51.2929 8.88178e-16 -94.5118
vt 4.62035 0.11811
vt 4.6253 0.11811
f 3161/8419/130 3162/8420/1 3187/8421/1 3186/8422/130 

vt 4.89087 0.314961
vt 4.88592 0.314961
v 51.2163 8.88178e-16 -94.412
vt 4.88592 0.11811
vt 4.89087 0.11811
f 3162/8423/1 3163/8424/2 3188/8425/2 3187/8426/1 

vt 4.8233 0.314961
vt 4.81835 0.314961
vt 4.81835 0.11811
vt 4.8233 0.11811
f 3163/8427/2 3164/8428/135 3166/8429/135 3188/8430/2 

f 3171/8316/3 3172/8317/3 3173/8318/3 3174/8319/3 3175/8320/3 3176/8321/3 3177/8322/3 3178/8323/3 3179/8324/3 3180/8325/3 3181/8326/3 3182/8327/3 3183/8328/3 3184/8329/3 3185/8330/3 3186/8331/3 3187/8332/3 3188/8333/3 3166/8334/3 3165/8311/3 3167/8312/3 3168/8313/3 3169/8314/3 3170/8315/3 

f 1025/2054/3 3129/2494/3 3130/2495/3

f 3129/2494/3 1025/2054/3 3128/2493/3

f 3128/2493/3 1025/2054/3 1024/2051/3

f 3128/2493/3 1024/2051/3 3127/2491/3

f 3127/2491/3 1024/2051/3 1026/2049/3

f 3127/2491/3 1026/2049/3 3126/2489/3

f 3126/2489/3 1026/2049/3 1027/2047/3

f 3126/2489/3 1027/2047/3 3125/2487/3

f 3125/2487/3 1027/2047/3 1028/2045/3

v 51.5154 5 -84.9818
vt 2.66775 3.7493
f 3125/2487/3 1028/2045/3 3189/8431/3

v 51.5358 5 -84.8265
vt 2.66856 3.74318
f 1028/2045/3 3190/8432/3 3189/8431/3

f 3190/8432/3 1028/2045/3 1029/2043/3

v 51.5958 5 -84.6818
vt 2.67092 3.73748
f 3190/8432/3 1029/2043/3 3191/8433/3

v 51.6911 5 -84.5576
vt 2.67467 3.73259
f 3191/8433/3 1029/2043/3 3192/8434/3

v 51.8154 5 -84.4622
vt 2.67956 3.72884
f 3192/8434/3 1029/2043/3 3193/8435/3

v 51.9601 5 -84.4023
vt 2.68526 3.72648
f 3193/8435/3 1029/2043/3 3194/8436/3

v 52.1154 5 -84.3818
vt 2.69137 3.72567
f 3194/8436/3 1029/2043/3 3195/8437/3

v 52.2707 5 -84.4023
vt 2.69749 3.72648
f 3195/8437/3 1029/2043/3 3196/8438/3

f 3196/8438/3 1029/2043/3 1030/2041/3

v 52.4154 5 -84.4622
vt 2.70319 3.72884
f 3196/8438/3 1030/2041/3 3197/8439/3

v 52.5396 5 -84.5576
vt 2.70808 3.73259
f 3197/8439/3 1030/2041/3 3198/8440/3

v 52.635 5 -84.6818
vt 2.71183 3.73748
f 3198/8440/3 1030/2041/3 3199/8441/3

v 52.6949 5 -84.8265
vt 2.71419 3.74318
f 3199/8441/3 1030/2041/3 3200/8442/3

v 52.7154 5 -84.9818
vt 2.715 3.7493
f 3200/8442/3 1030/2041/3 3201/8443/3

f 3201/8443/3 1030/2041/3 3123/2483/3

f 3123/2483/3 1030/2041/3 3122/2481/3

f 3122/2481/3 1030/2041/3 1031/2039/3

f 3122/2481/3 1031/2039/3 3121/2479/3

f 3121/2479/3 1031/2039/3 1032/2036/3

f 3121/2479/3 1032/2036/3 3119/2476/3

f 3119/2476/3 1032/2036/3 1033/2034/3

f 3119/2476/3 1033/2034/3 3120/8233/3

f 3120/8233/3 1033/2034/3 1034/2032/3

f 3120/8233/3 1034/2032/3 1036/2100/3

vt 3.23861 0.11811
vt 3.26944 0.11811
vt 3.26944 0.314961
vt 3.23861 0.314961
f 1035/8444/302 3118/8445/884 3120/8446/884 1036/8447/302 

v 52.6949 5 -85.1371
vt 2.71419 3.75541
f 3123/2483/3 3202/8448/3 3201/8443/3

v 52.635 5 -85.2818
vt 2.71183 3.76111
f 3123/2483/3 3203/8449/3 3202/8448/3

v 52.5396 5 -85.4061
vt 2.70808 3.766
f 3123/2483/3 3204/8450/3 3203/8449/3

v 52.4154 5 -85.5015
vt 2.70319 3.76975
f 3123/2483/3 3205/8451/3 3204/8450/3

v 52.2707 5 -85.5614
vt 2.69749 3.77211
f 3123/2483/3 3206/8452/3 3205/8451/3

v 52.1154 5 -85.5818
vt 2.69137 3.77292
f 3123/2483/3 3207/8453/3 3206/8452/3

f 3124/2485/3 3207/8453/3 3123/2483/3

v 51.9601 5 -85.5614
vt 2.68526 3.77211
f 3124/2485/3 3208/8454/3 3207/8453/3

v 51.8154 5 -85.5015
vt 2.67956 3.76975
f 3124/2485/3 3209/8455/3 3208/8454/3

v 51.6911 5 -85.4061
vt 2.67467 3.766
f 3124/2485/3 3210/8456/3 3209/8455/3

v 51.5958 5 -85.2818
vt 2.67092 3.76111
f 3124/2485/3 3211/8457/3 3210/8456/3

v 51.5358 5 -85.1371
vt 2.66856 3.75541
f 3124/2485/3 3212/8458/3 3211/8457/3

f 3125/2487/3 3212/8458/3 3124/2485/3

f 3125/2487/3 3189/8431/3 3212/8458/3

vt 4.0716 0.314961
vt 4.06543 0.314961
v 51.5154 1.15463e-14 -84.9818
vt 4.06543 0.11811
v 51.5358 1.15463e-14 -85.1371
vt 4.0716 0.11811
f 3212/8459/135 3189/8460/7 3213/8461/7 3214/8462/135 

vt 3.36901 0.314961
vt 3.36284 0.314961
v 51.5358 1.15463e-14 -84.8265
vt 3.36284 0.11811
vt 3.36901 0.11811
f 3189/8463/7 3190/8464/131 3215/8465/131 3213/8466/7 

vt 2.43704 0.314961
vt 2.43087 0.314961
v 51.5958 1.15463e-14 -84.6818
vt 2.43087 0.11811
vt 2.43704 0.11811
f 3190/8467/131 3191/8468/132 3216/8469/132 3215/8470/131 

vt 1.33919 0.314961
vt 1.33303 0.314961
v 51.6911 1.15463e-14 -84.5576
vt 1.33303 0.11811
vt 1.33919 0.11811
f 3191/8471/132 3192/8472/133 3217/8473/133 3216/8474/132 

vt 0.150299 0.314961
vt 0.144133 0.314961
v 51.8154 1.15463e-14 -84.4622
vt 0.144133 0.11811
vt 0.150299 0.11811
f 3192/8475/133 3193/8476/134 3218/8477/134 3217/8478/133 

vt -1.04863 0.314961
vt -1.0548 0.314961
v 51.9601 1.15463e-14 -84.4023
vt -1.0548 0.11811
vt -1.04863 0.11811
f 3193/8479/134 3194/8480/129 3219/8481/129 3218/8482/134 

vt -2.17588 0.314961
vt -2.18205 0.314961
v 52.1154 1.15463e-14 -84.3818
vt -2.18205 0.11811
vt -2.17588 0.11811
f 3194/8483/129 3195/8484/125 3220/8485/125 3219/8486/129 

vt -3.15465 0.314961
vt -3.16081 0.314961
v 52.2707 1.15463e-14 -84.4023
vt -3.16081 0.11811
vt -3.15465 0.11811
f 3195/8487/125 3196/8488/126 3221/8489/126 3220/8490/125 

vt -3.91822 0.314961
vt -3.92438 0.314961
v 52.4154 1.15463e-14 -84.4622
vt -3.92438 0.11811
vt -3.91822 0.11811
f 3196/8491/126 3197/8492/127 3222/8493/127 3221/8494/126 

vt -4.41455 0.314961
vt -4.42072 0.314961
v 52.5396 1.15463e-14 -84.5576
vt -4.42072 0.11811
vt -4.41455 0.11811
f 3197/8495/127 3198/8496/128 3223/8497/128 3222/8498/127 

vt -4.60984 0.314961
vt -4.616 0.314961
v 52.635 1.15463e-14 -84.6818
vt -4.616 0.11811
vt -4.60984 0.11811
f 3198/8499/128 3199/8500/4 3224/8501/4 3223/8502/128 

vt -4.49076 0.314961
vt -4.49693 0.314961
v 52.6949 1.15463e-14 -84.8265
vt -4.49693 0.11811
vt -4.49076 0.11811
f 3199/8503/4 3200/8504/254 3225/8505/254 3224/8506/4 

vt -4.06543 0.314961
vt -4.0716 0.314961
v 52.7154 1.15463e-14 -84.9818
vt -4.0716 0.11811
vt -4.06543 0.11811
f 3200/8507/254 3201/8508/118 3226/8509/118 3225/8510/254 

vt -3.36284 0.314961
vt -3.36901 0.314961
v 52.6949 1.15463e-14 -85.1371
vt -3.36901 0.11811
vt -3.36284 0.11811
f 3201/8511/118 3202/8512/256 3227/8513/256 3226/8514/118 

vt -2.43087 0.314961
vt -2.43704 0.314961
v 52.635 1.15463e-14 -85.2818
vt -2.43704 0.11811
vt -2.43087 0.11811
f 3202/8515/256 3203/8516/257 3228/8517/257 3227/8518/256 

vt -1.33303 0.314961
vt -1.33919 0.314961
v 52.5396 1.15463e-14 -85.4061
vt -1.33919 0.11811
vt -1.33303 0.11811
f 3203/8519/257 3204/8520/258 3229/8521/258 3228/8522/257 

vt -0.144133 0.314961
vt -0.150299 0.314961
v 52.4154 1.15463e-14 -85.5015
vt -0.150299 0.11811
vt -0.144133 0.11811
f 3204/8523/258 3205/8524/253 3230/8525/253 3229/8526/258 

vt 1.0548 0.314961
vt 1.04863 0.314961
v 52.2707 1.15463e-14 -85.5614
vt 1.04863 0.11811
vt 1.0548 0.11811
f 3205/8527/253 3206/8528/136 3231/8529/136 3230/8530/253 

vt 2.18205 0.314961
vt 2.17588 0.314961
v 52.1154 1.15463e-14 -85.5818
vt 2.17588 0.11811
vt 2.18205 0.11811
f 3206/8531/136 3207/8532/137 3232/8533/137 3231/8534/136 

vt 3.16081 0.314961
vt 3.15465 0.314961
v 51.9601 1.15463e-14 -85.5614
vt 3.15465 0.11811
vt 3.16081 0.11811
f 3207/8535/137 3208/8536/145 3233/8537/145 3232/8538/137 

vt 3.92438 0.314961
vt 3.91822 0.314961
v 51.8154 1.15463e-14 -85.5015
vt 3.91822 0.11811
vt 3.92438 0.11811
f 3208/8539/145 3209/8540/130 3234/8541/130 3233/8542/145 

vt 4.42072 0.314961
vt 4.41455 0.314961
v 51.6911 1.15463e-14 -85.4061
vt 4.41455 0.11811
vt 4.42072 0.11811
f 3209/8543/130 3210/8544/1 3235/8545/1 3234/8546/130 

vt 4.616 0.314961
vt 4.60984 0.314961
v 51.5958 1.15463e-14 -85.2818
vt 4.60984 0.11811
vt 4.616 0.11811
f 3210/8547/1 3211/8548/2 3236/8549/2 3235/8550/1 

vt 4.49693 0.314961
vt 4.49076 0.314961
vt 4.49076 0.11811
vt 4.49693 0.11811
f 3211/8551/2 3212/8552/135 3214/8553/135 3236/8554/2 

f 3227/8448/3 3228/8449/3 3229/8450/3 3230/8451/3 3231/8452/3 3232/8453/3 3233/8454/3 3234/8455/3 3235/8456/3 3236/8457/3 3214/8458/3 3213/8431/3 3215/8432/3 3216/8433/3 3217/8434/3 3218/8435/3 3219/8436/3 3220/8437/3 3221/8438/3 3222/8439/3 3223/8440/3 3224/8441/3 3225/8442/3 3226/8443/3 

vt 5.17104 0.98549
vt 5.14423 0.98549
vt 5.14941 0.929812
vt 5.16586 0.929812
f 1207/8555/143 3117/8556/143 1609/8557/143 1208/8558/143 

vt 5.29909 0.0132962
vt 5.27165 0.0132962
vt 5.27746 -0.0423815
vt 5.29391 -0.0423815
f 3117/8559/369 3116/8560/369 1610/8561/369 1609/8562/369 

vt 5.06632 -0.951394
vt 5.04073 -0.951394
vt 5.0453 -1.00719
vt 5.06175 -1.00719
f 3116/8563/486 3115/8564/486 1612/8565/486 1610/8566/486 

vt 4.49101 -1.83642
vt 4.46357 -1.83642
vt 4.46875 -1.8921
vt 4.48519 -1.8921
f 3115/8567/173 1150/8568/173 1614/8569/173 1612/8570/173 

vt 3.60873 -2.58789
vt 3.58192 -2.58789
vt 3.5871 -2.64357
vt 3.60355 -2.64357
f 1150/8571/156 1151/8572/156 1189/8573/156 1614/8574/156 

f 1150/2318/3 1074/2166/3 1075/2167/3

vt 1.70859 -2.09538
vt 1.68178 -2.09538
vt 1.68697 -2.15106
vt 1.70341 -2.15106
f 1072/8575/173 1074/8576/173 3112/8577/173 3110/8578/173 

vt 2.47472 -1.70845
vt 2.44791 -1.70845
vt 2.45309 -1.76412
vt 2.46954 -1.76412
f 1069/8579/172 1072/8580/172 3110/8581/172 3108/8582/172 

vt 3.07311 -1.19448
vt 3.0463 -1.19448
vt 3.05148 -1.25016
vt 3.06793 -1.25016
f 1067/8583/369 1069/8584/369 3108/8585/369 3106/8586/369 

vt 3.46299 -0.588516
vt 3.43618 -0.588516
vt 3.44136 -0.644194
vt 3.4578 -0.644194
f 1066/8587/143 1067/8588/143 3106/8589/143 3104/8590/143 

vt 3.61778 0.0681529
vt 3.59097 0.0681529
vt 3.59615 0.0124752
vt 3.6126 0.0124752
f 1063/8591/142 1066/8592/142 3104/8593/142 3102/8594/142 

vt 3.52694 0.730776
vt 3.50013 0.730776
vt 3.50531 0.675098
vt 3.52176 0.675098
f 1061/8595/141 1063/8596/141 3102/8597/141 3100/8598/141 

vt 3.19666 1.3542
vt 3.16985 1.3542
vt 3.17503 1.29852
vt 3.19148 1.29852
f 1060/8599/140 1061/8600/140 3100/8601/140 3098/8602/140 

vt 2.64945 1.89593
vt 2.62264 1.89593
vt 2.62782 1.84025
vt 2.64426 1.84025
f 1057/8603/309 1060/8604/309 3098/8605/309 3096/8606/309 

vt 1.92259 2.31905
vt 1.89578 2.31905
vt 1.90096 2.26338
vt 1.91741 2.26338
f 1056/8607/138 1057/8608/138 3096/8609/138 3094/8610/138 

vt 1.06563 2.59474
vt 1.03882 2.59474
vt 1.044 2.53906
vt 1.06044 2.53906
f 1053/8611/308 1056/8612/308 3094/8613/308 3092/8614/308 

vt 0.136956 2.70419
vt 0.110146 2.70419
vt 0.115329 2.64852
vt 0.131773 2.64852
f 1050/8615/371 1053/8616/371 3092/8617/371 1051/8618/371 

v 67.9921 -3 -37.9926
vt -3.31644 1.89933
vt -3.31644 1.28149
f 3083/8112/75 3237/8619/75 3111/8620/75

f 3237/8619/75 3083/8112/75 3081/8110/75

vt 1.4502 0.0787402
vn 0.965926 6.80624e-31 -0.258819
vt 1.4502 9.71445e-16
vt 1.46664 9.71445e-16
vn 1 4.80655e-31 -8.95842e-16
vt 1.46664 0.0787402
f 1080/8621/897 3237/8622/897 3081/8623/898 1078/8624/898 

vt 0.469158 0.0787402
vn 0.866025 2.59905e-31 -0.5
v 68.1519 -3 -37.6067
vt 0.469158 9.71445e-16
vt 0.485602 9.71445e-16
vt 0.485602 0.0787402
f 1081/8625/899 3238/8626/899 3237/8627/897 1080/8628/897 

vt -0.544413 0.0787402
vn 0.707107 2.2888e-31 -0.707107
v 68.4062 -3 -37.2754
vt -0.544413 9.71445e-16
vt -0.527968 9.71445e-16
vt -0.527968 0.0787402
f 1082/8629/900 3239/8630/900 3238/8631/899 1081/8632/899 

vt -1.52144 0.0787402
vn 0.5 2.48507e-31 -0.866025
v 68.7376 -3 -37.0211
vt -1.52144 9.71445e-16
vt -1.505 9.71445e-16
vt -1.505 0.0787402
f 1083/8633/901 3240/8634/901 3239/8635/900 1082/8636/900 

vt -2.39535 0.0787402
v 69.1235 -3 -36.8613
vt -2.39535 9.71445e-16
vt -2.3789 9.71445e-16
vt -2.3789 0.0787402
f 1084/8637/403 3241/8638/403 3240/8639/901 1083/8640/901 

vt -3.10658 0.0787402
vn 3.51338e-15 -6.50754e-32 -1
v 69.5376 -3 -36.8067
vt -3.10658 9.73913e-16
vt -3.09013 9.73913e-16
vt -3.09013 0.0787402
f 1085/8641/902 3242/8642/902 3241/8643/403 1084/8644/403 

vt -3.60666 0.0787402
v 69.9517 -3 -36.8613
vt -3.60666 9.69932e-16
vt -3.59021 9.69932e-16
vt -3.59021 0.0787402
f 1086/8645/688 3243/8646/688 3242/8647/902 1085/8648/902 

vt -3.86151 0.0787402
vn -0.5 9.592e-32 -0.866025
v 70.3376 -3 -37.0211
vt -3.86151 9.71445e-16
vt -3.84507 9.71445e-16
vt -3.84507 0.0787402
f 1087/8649/903 3244/8650/903 3243/8651/688 1086/8652/688 

vt -3.85377 0.0787402
vn -0.707107 1.22561e-31 -0.707107
v 70.669 -3 -37.2754
vt -3.85377 9.71445e-16
vt -3.83732 9.71445e-16
vt -3.83732 0.0787402
f 1088/8653/904 3245/8654/904 3244/8655/903 1087/8656/903 

vt -3.58396 0.0787402
vn -0.866025 1.70521e-31 -0.5
v 70.9232 -3 -37.6067
vt -3.58396 9.71445e-16
vt -3.56751 9.71445e-16
vt -3.56751 0.0787402
f 1089/8657/905 3246/8658/905 3245/8659/904 1088/8660/904 

vt -3.07047 0.0787402
v 71.0831 -3 -37.9926
vt -3.07047 9.71445e-16
vt -3.05402 9.71445e-16
vt -3.05402 0.0787402
f 1090/8661/692 3247/8662/692 3246/8663/905 1089/8664/905 

vt -2.34829 0.0787402
vt -2.34829 9.71445e-16
vt -2.33184 9.71445e-16
vt -2.33184 0.0787402
f 1091/8665/693 3064/8666/693 3247/8667/692 1090/8668/692 

vt -1.46664 0.0787402
vt -1.46664 9.71445e-16
vt -1.4502 9.71445e-16
vt -1.4502 0.0787402
f 1093/8669/694 3065/8670/694 3064/8671/693 1091/8672/693 

v 70.9232 -1 -39.2067
vt -0.485602 0.0787402
vn -0.866025 -1.70521e-31 0.5
vt -0.485602 9.71445e-16
vt -0.469158 9.71445e-16
vt -0.469158 0.0787402
f 3248/8673/906 3066/8674/906 3065/8675/694 1093/8676/694 

v 70.669 -1 -39.5381
vt 0.527968 0.0787402
vn -0.707107 7.62933e-32 0.707107
vt 0.527968 9.71445e-16
vt 0.544413 9.71445e-16
vt 0.544413 0.0787402
f 3249/8677/907 3068/8678/907 3066/8679/906 3248/8680/906 

v 70.3376 -1 -39.7924
vt 1.505 0.0787402
vn -0.5 1.02935e-31 0.866025
vt 1.505 9.71445e-16
vt 1.52144 9.71445e-16
vt 1.52144 0.0787402
f 3250/8681/908 3069/8682/908 3068/8683/907 3249/8684/907 

v 69.9517 -1 -39.9522
vt 2.3789 0.0787402
vt 2.3789 9.71445e-16
vt 2.39535 9.71445e-16
vt 2.39535 0.0787402
f 3251/8685/698 3071/8686/698 3069/8687/908 3250/8688/908 

v 69.5376 -1 -40.0067
vt 3.09013 0.0787402
vn 3.51338e-15 6.50754e-32 1
vt 3.09013 9.68842e-16
vt 3.10658 9.68842e-16
vt 3.10658 0.0787402
f 3252/8689/909 3072/8690/909 3071/8691/698 3251/8692/698 

v 69.1235 -1 -39.9522
vt 3.59021 0.0787402
vt 3.59021 9.73093e-16
vt 3.60666 9.73093e-16
vt 3.60666 0.0787402
f 3253/8693/700 3074/8694/700 3072/8695/909 3252/8696/909 

v 68.7376 -1 -39.7924
vt 3.84507 0.0787402
vn 0.5 -4.80078e-31 0.866025
vt 3.84507 9.71445e-16
vt 3.86151 9.71445e-16
vt 3.86151 0.0787402
f 3254/8697/910 3076/8698/910 3074/8699/700 3253/8700/700 

v 68.4062 -1 -39.5381
vt 3.83732 0.0787402
vn 0.707107 -2.2888e-31 0.707107
vt 3.83732 9.71445e-16
vt 3.85377 9.71445e-16
vt 3.85377 0.0787402
f 3255/8701/911 3077/8702/911 3076/8703/910 3254/8704/910 

v 68.1519 -1 -39.2067
vt 3.56751 0.0787402
vn 0.866025 -2.59905e-31 0.5
vt 3.56751 9.71445e-16
vt 3.58396 9.71445e-16
vt 3.58396 0.0787402
f 3256/8705/912 3079/8706/912 3077/8707/911 3255/8708/911 

vt 3.05402 0.0787402
vn 0.965926 -1.9997e-31 0.258819
vt 3.05402 9.71445e-16
vt 3.07047 9.71445e-16
vt 3.07047 0.0787402
f 1079/8709/913 3080/8710/913 3079/8711/912 3256/8712/912 

vt 2.33184 0.0787402
vt 2.33184 9.71445e-16
vt 2.34829 9.71445e-16
vt 2.34829 0.0787402
f 1078/8713/898 3081/8714/898 3080/8715/913 1079/8716/913 

vt 3.07565 -1.53244
vt 3.04884 -1.53244
vt 3.05402 -1.58811
vt 3.07047 -1.58811
f 1111/8717/172 1077/8718/172 1079/8719/172 3256/8720/172 

vt 3.58914 -0.914492
vt 3.56233 -0.914492
vt 3.56751 -0.97017
vt 3.58396 -0.97017
f 1110/8721/369 1111/8722/369 3256/8723/369 3255/8724/369 

vt 3.85895 -0.223628
vt 3.83214 -0.223628
vt 3.83732 -0.279305
vt 3.85377 -0.279305
f 1107/8725/143 1110/8726/143 3255/8727/143 3254/8728/143 

vt 3.86669 0.493075
vt 3.83988 0.493075
vt 3.84507 0.437397
vt 3.86151 0.437397
f 1106/8729/142 1107/8730/142 3254/8731/142 3253/8732/142 

vt 3.61184 1.18677
vt 3.58503 1.18677
vt 3.59021 1.1311
vt 3.60666 1.1311
f 1103/8733/141 1106/8734/141 3253/8735/141 3252/8736/141 

vt 3.11176 1.81019
vt 3.08495 1.81019
vt 3.09013 1.75452
vt 3.10658 1.75452
f 1101/8737/140 1103/8738/140 3252/8739/140 3251/8740/140 

vt 2.40053 2.32085
vt 2.37372 2.32085
vt 2.3789 2.26517
vt 2.39535 2.26517
f 1100/8741/309 1101/8742/309 3251/8743/309 3250/8744/309 

vt 1.52663 2.68394
vt 1.49982 2.68394
vt 1.505 2.62827
vt 1.52144 2.62827
f 1097/8745/138 1100/8746/138 3250/8747/138 3249/8748/138 

vt 0.549596 2.87473
vt 0.522785 2.87473
vt 0.527968 2.81905
vt 0.544413 2.81905
f 1096/8749/308 1097/8750/308 3249/8751/308 3248/8752/308 

vt -0.463975 2.8802
vt -0.490785 2.8802
vt -0.485602 2.82452
vt -0.469158 2.82452
f 1092/8753/371 1096/8754/371 3248/8755/371 1093/8756/371 

vt -3.43813 1.28149
vt -3.43813 1.89933
f 3091/8757/75 3247/8758/75 3064/8093/75

vt -3.43184 1.29668
f 3093/8759/75 3247/8758/75 3091/8757/75

vt -3.43184 1.88413
f 3093/8759/75 3246/8760/75 3247/8758/75

vt -3.42183 1.30973
f 3095/8761/75 3246/8760/75 3093/8759/75

vt -3.42183 1.87109
f 3095/8761/75 3245/8762/75 3246/8760/75

vt -3.40878 1.31974
f 3097/8763/75 3245/8762/75 3095/8761/75

vt -3.40878 1.86108
f 3097/8763/75 3244/8764/75 3245/8762/75

vt -3.39359 1.32603
f 3099/8765/75 3244/8764/75 3097/8763/75

vt -3.39359 1.85478
f 3099/8765/75 3243/8766/75 3244/8764/75

vt -3.37729 1.32818
f 3101/8767/75 3243/8766/75 3099/8765/75

vt -3.37729 1.85264
f 3101/8767/75 3242/8768/75 3243/8766/75

vt -3.36098 1.32603
f 3103/8769/75 3242/8768/75 3101/8767/75

vt -3.36098 1.85478
f 3103/8769/75 3241/8770/75 3242/8768/75

vt -3.34579 1.31974
f 3105/8771/75 3241/8770/75 3103/8769/75

vt -3.34579 1.86108
f 3105/8771/75 3240/8772/75 3241/8770/75

vt -3.33275 1.87109
f 3105/8771/75 3239/8773/75 3240/8772/75

vt -3.33275 1.30973
f 3107/8774/75 3239/8773/75 3105/8771/75

vt -3.32274 1.29668
f 3109/8775/75 3239/8773/75 3107/8774/75

vt -3.32274 1.88413
f 3109/8775/75 3238/8776/75 3239/8773/75

f 3111/8620/75 3238/8776/75 3109/8775/75

f 3111/8620/75 3237/8619/75 3238/8776/75

f 3091/8757/75 3064/8093/75 627/1225/75

f 635/1233/75 1615/3712/75 3086/8115/75

vt -3.31644 4.08728
f 635/1233/75 1613/8777/75 1615/3712/75

vt -3.32274 4.10247
f 635/1233/75 1611/8778/75 1613/8777/75

v 38.1376 -3 -38.4067
vt -2.14107 1.91563
f 3257/8779/75 1611/8778/75 635/1233/75

f 1606/3590/75 1611/8778/75 3257/8779/75

f 1606/3590/75 1607/3591/75 1611/8778/75

v 38.0831 -3 -38.8209
vt -2.13892 1.93193
f 3258/8780/75 1606/3590/75 3257/8779/75

v 38.0831 -3 -54.537
vt -2.13892 2.55068
f 3258/8780/75 3259/8781/75 1606/3590/75

v 37.9232 -3 -39.2067
vt -2.13263 1.94713
f 3260/8782/75 3259/8781/75 3258/8780/75

v 37.9232 -3 -54.1511
vt -2.13263 2.53549
f 3260/8782/75 3261/8783/75 3259/8781/75

v 37.669 -3 -39.5381
vt -2.12262 1.96017
f 3262/8784/75 3261/8783/75 3260/8782/75

v 37.669 -3 -53.8197
vt -2.12262 2.52244
f 3262/8784/75 3263/8785/75 3261/8783/75

v 37.3376 -3 -39.7924
vt -2.10957 1.97018
f 3264/8786/75 3263/8785/75 3262/8784/75

v 37.3376 -3 -53.5655
vt -2.10957 2.51243
f 3264/8786/75 3265/8787/75 3263/8785/75

v 36.9517 -3 -53.4056
vt -2.09438 2.50614
f 3264/8786/75 3266/8788/75 3265/8787/75

v 36.9517 -3 -39.9522
vt -2.09438 1.97648
f 3267/8789/75 3266/8788/75 3264/8786/75

v 36.5376 -3 -40.0067
vt -2.07808 1.97862
f 3268/8790/75 3266/8788/75 3267/8789/75

v 36.5376 -3 -53.3511
vt -2.07808 2.50399
f 3268/8790/75 3269/8791/75 3266/8788/75

v 36.1235 -3 -39.9522
vt -2.06177 1.97648
f 3270/8792/75 3269/8791/75 3268/8790/75

v 36.1235 -3 -53.4056
vt -2.06177 2.50614
f 3270/8792/75 3271/8793/75 3269/8791/75

v 35.7376 -3 -39.7924
vt -2.04658 1.97018
f 3272/8794/75 3271/8793/75 3270/8792/75

v 35.7376 -3 -53.5655
vt -2.04658 2.51243
f 3272/8794/75 3273/8795/75 3271/8793/75

v 35.4062 -3 -39.5381
vt -2.03353 1.96017
f 3274/8796/75 3273/8795/75 3272/8794/75

v 35.4062 -3 -53.8197
vt -2.03353 2.52244
f 3274/8796/75 3275/8797/75 3273/8795/75

v 35.1519 -3 -39.2067
vt -2.02352 1.94713
f 3276/8798/75 3275/8797/75 3274/8796/75

v 35.1519 -3 -54.1511
vt -2.02352 2.53549
f 3276/8798/75 3277/8799/75 3275/8797/75

v 34.9921 -3 -38.8209
vt -2.01723 1.93193
f 3278/8800/75 3277/8799/75 3276/8798/75

v 34.9921 -3 -54.537
vt -2.01723 2.55068
f 3278/8800/75 3279/8801/75 3277/8799/75

v 34.9376 -3 -38.4067
vt -2.01508 1.91563
f 3280/8802/75 3279/8801/75 3278/8800/75

f 3279/8801/75 3280/8802/75 1594/3566/75

f 1428/3561/75 1594/3566/75 3280/8802/75

v 34.9921 -3 -37.9926
vt -2.01723 1.89933
f 3281/8803/75 1428/3561/75 3280/8802/75

vt -2.01723 1.28149
f 1428/3561/75 3281/8803/75 1427/8804/75

v 35.1519 -3 -37.6067
vt -2.02352 1.88413
f 1427/8804/75 3281/8803/75 3282/8805/75

v 35.1519 -1 -37.6067
vt 0.966345 0.0787402
vt 0.966345 8.77715e-16
vt 0.982789 8.77715e-16
v 34.9921 -1 -37.9926
vt 0.982789 0.0787402
f 3283/8806/346 3282/8807/346 3281/8808/345 3284/8809/345 

v 35.4062 -1 -37.2754
vt 0.246498 0.0787402
vn 0.707107 1.74915e-18 -0.707107
v 35.4062 -3 -37.2754
vt 0.246498 8.88178e-16
vt 0.262942 8.88178e-16
vt 0.262942 0.0787402
f 3285/8810/914 3286/8811/914 3282/8812/346 3283/8813/346 

v 35.7376 -1 -37.0211
vt -0.490708 0.0787402
vn 0.5 1.74915e-18 -0.866025
v 35.7376 -3 -37.0211
vt -0.490708 8.78736e-16
vt -0.474264 8.78736e-16
vt -0.474264 0.0787402
f 3287/8814/915 3288/8815/915 3286/8816/914 3285/8817/914 

v 36.1235 -1 -36.8613
vt -1.19503 0.0787402
vn 0.258819 6.43182e-32 -0.965926
v 36.1235 -3 -36.8613
vt -1.19503 8.88178e-16
vt -1.17859 8.88178e-16
vt -1.17859 0.0787402
f 3289/8818/916 3290/8819/916 3288/8820/915 3287/8821/915 

v 36.5376 -1 -36.8067
vt -1.81848 0.0787402
vn 2.65953e-15 1.63583e-32 -1
v 36.5376 -3 -36.8067
vt -1.81848 8.88178e-16
vt -1.80204 8.88178e-16
vt -1.80204 0.0787402
f 3291/8822/917 3292/8823/917 3290/8824/916 3289/8825/916 

v 36.9517 -1 -36.8613
vt -2.31856 0.0787402
v 36.9517 -3 -36.8613
vt -2.31856 8.88178e-16
vt -2.30211 8.88178e-16
vt -2.30211 0.0787402
f 3293/8826/331 3294/8827/331 3292/8828/917 3291/8829/917 

v 37.3376 -1 -37.0211
vt -2.66119 0.0787402
vn -0.5 -2.83333e-32 -0.866025
v 37.3376 -3 -37.0211
vt -2.66119 8.88178e-16
vt -2.64475 8.88178e-16
vt -2.64475 0.0787402
f 3295/8830/918 3296/8831/918 3294/8832/331 3293/8833/331 

v 37.669 -1 -37.2754
vt -2.82303 0.0787402
vn -0.707107 -1.52587e-31 -0.707107
v 37.669 -3 -37.2754
vt -2.82303 8.88178e-16
vt -2.80659 8.88178e-16
vt -2.80659 0.0787402
f 3297/8834/919 3298/8835/919 3296/8836/918 3295/8837/918 

v 37.9232 -1 -37.6067
vt -2.79305 0.0787402
vn -0.866025 -2.83333e-32 -0.5
v 37.9232 -3 -37.6067
vt -2.79305 8.88178e-16
vt -2.7766 8.88178e-16
vt -2.7766 0.0787402
f 3299/8838/920 3300/8839/920 3298/8840/919 3297/8841/919 

v 38.0831 -1 -37.9926
vt -2.57328 0.0787402
v 38.0831 -3 -37.9926
vt -2.57328 8.88178e-16
vt -2.55683 8.88178e-16
vt -2.55683 0.0787402
f 3301/8842/692 3302/8843/692 3300/8844/920 3299/8845/920 

v 38.1376 -1 -38.4067
vt -2.17871 0.0787402
vt -2.17871 8.88178e-16
vt -2.16226 8.88178e-16
vt -2.16226 0.0787402
f 3303/8846/693 3257/8847/693 3302/8848/692 3301/8849/692 

v 38.0831 -1 -38.8209
vt -1.63622 0.0787402
vt -1.63622 8.88178e-16
vt -1.61978 8.88178e-16
vt -1.61978 0.0787402
f 3304/8850/192 3258/8851/192 3257/8852/693 3303/8853/693 

v 37.9232 -1 -39.2067
vt -0.982789 0.0787402
vt -0.982789 8.77211e-16
vt -0.966345 8.77211e-16
vt -0.966345 0.0787402
f 3305/8854/336 3260/8855/336 3258/8856/192 3304/8857/192 

v 37.669 -1 -39.5381
vt -0.262942 0.0787402
vt -0.262942 8.78199e-16
vt -0.246498 8.78199e-16
vt -0.246498 0.0787402
f 3306/8858/337 3262/8859/337 3260/8860/336 3305/8861/336 

v 37.3376 -1 -39.7924
vt 0.474264 0.0787402
vn -0.5 -1.07318e-31 0.866025
vt 0.474264 8.88178e-16
vt 0.490708 8.88178e-16
vt 0.490708 0.0787402
f 3307/8862/921 3264/8863/921 3262/8864/337 3306/8865/337 

v 36.9517 -1 -39.9522
vt 1.17859 0.0787402
vn -0.258819 -1.83611e-31 0.965926
vt 1.17859 8.88178e-16
vt 1.19503 8.88178e-16
vt 1.19503 0.0787402
f 3308/8866/922 3267/8867/922 3264/8868/921 3307/8869/921 

v 36.5376 -1 -40.0067
vt 1.80204 0.0787402
vn 8.81845e-16 2.64865e-31 1
vt 1.80204 8.88178e-16
vt 1.81848 8.88178e-16
vt 1.81848 0.0787402
f 3309/8870/923 3268/8871/923 3267/8872/922 3308/8873/922 

v 36.1235 -1 -39.9522
vt 2.30211 0.0787402
vn 0.258819 2.64865e-31 0.965926
vt 2.30211 8.88178e-16
vt 2.31856 8.88178e-16
vt 2.31856 0.0787402
f 3310/8874/924 3270/8875/924 3268/8876/923 3309/8877/923 

v 35.7376 -1 -39.7924
vt 2.64475 0.0787402
vt 2.64475 8.88178e-16
vt 2.66119 8.88178e-16
vt 2.66119 0.0787402
f 3311/8878/130 3272/8879/130 3270/8880/924 3310/8881/924 

v 35.4062 -1 -39.5381
vt 2.80659 0.0787402
vn 0.707107 -2.75148e-31 0.707107
vt 2.80659 8.88178e-16
vt 2.82303 8.88178e-16
vt 2.82303 0.0787402
f 3312/8882/925 3274/8883/925 3272/8884/130 3311/8885/130 

v 35.1519 -1 -39.2067
vt 2.7766 0.0787402
vt 2.7766 8.88178e-16
vt 2.79305 8.88178e-16
vt 2.79305 0.0787402
f 3313/8886/245 3276/8887/245 3274/8888/925 3312/8889/925 

v 34.9921 -1 -38.8209
vt 2.55683 0.0787402
vt 2.55683 8.83637e-16
vt 2.57328 8.83637e-16
vt 2.57328 0.0787402
f 3314/8890/343 3278/8891/343 3276/8892/245 3313/8893/245 

v 34.9376 -1 -38.4067
vt 2.16226 0.0787402
vn 1 -3.27165e-32 -1.39975e-17
vt 2.16226 8.88178e-16
vt 2.17871 8.88178e-16
vt 2.17871 0.0787402
f 3315/8894/926 3280/8895/926 3278/8896/343 3314/8897/343 

vt 1.61978 0.0787402
vt 1.61978 8.88178e-16
vt 1.63622 8.88178e-16
vt 1.63622 0.0787402
f 3284/8898/345 3281/8899/345 3280/8900/926 3315/8901/926 

vt 1.6414 -1.47814
v 34.0178 0 -37.7316
vt 1.61459 -1.47814
vt 1.61978 -1.53382
vt 1.63622 -1.53382
f 1313/8902/156 3316/8903/156 3284/8904/156 3315/8905/156 

vt 1.97887 1.88905
f 1313/2709/3 1314/2710/3 3316/8906/3

v 34.2784 0 -23.1898
vt 1.98913 1.31654
f 3316/8906/3 1314/2710/3 3317/8907/3

vt 1.97753 -0.859694
vt 1.95072 -0.859694
vt 1.9559 -0.915372
vt 1.97235 -0.915372
f 3317/8908/172 1314/8909/172 1316/8910/172 1425/8911/172 

v 34.7108 0 -23.7533
vt 2.28335 -0.465642
vt 2.25539 -0.465642
vt 2.26057 -0.521319
vt 2.27702 -0.521319
f 3318/8912/369 3317/8913/369 1425/8914/369 1423/8915/369 

v 34.693 0 -36.5622
vt 2.00545 1.84301
vt 2.00616 1.33872
f 3319/8916/3 3317/8907/3 3318/8917/3

v 34.2784 0 -37.1024
vt 1.98913 1.86428
f 3320/8918/3 3317/8907/3 3319/8916/3

f 3316/8906/3 3317/8907/3 3320/8918/3

vt 0.987972 -1.72042
vt 0.961162 -1.72042
vt 0.966345 -1.7761
vt 0.982789 -1.7761
f 3316/8919/157 3320/8920/157 3283/8921/157 3284/8922/157 

vt 0.268125 -1.83485
vt 0.241315 -1.83485
vt 0.246498 -1.89053
vt 0.262942 -1.89053
f 3320/8923/158 3319/8924/158 3285/8925/158 3283/8926/158 

vt -0.469081 -1.81365
v 35.2333 0 -36.1476
vt -0.495891 -1.81365
vt -0.490708 -1.86933
vt -0.474264 -1.86933
f 3319/8927/159 3321/8928/159 3287/8929/159 3285/8930/159 

vt 2.02672 1.82669
f 3319/8916/3 3318/8917/3 3321/8931/3

v 35.2059 0 -24.1333
vt 2.02565 1.35368
f 3321/8931/3 3318/8917/3 3322/8932/3

vt 2.42704 -0.0859414
vn 0.428863 0.709788 0.558819
vt 2.4311 -0.0300499
vn 0.428896 0.709801 0.558776
vt 2.40653 -0.0300499
f 1421/8933/927 3322/8934/928 3318/8935/927

v 35.8624 0 -24.4052
vt 2.41746 0.419717
vt 2.38948 0.419717
vt 2.39584 0.36404
vt 2.41228 0.36404
f 3323/8936/142 3322/8937/142 1421/8938/142 1419/8939/142 

vt 2.05149 1.36439
f 3321/8931/3 3322/8932/3 3323/8940/3

v 35.8624 0 -35.887
vt 2.05149 1.81643
f 3321/8931/3 3323/8940/3 3324/8941/3

v 36.5376 0 -35.7981
vt 2.07808 1.81293
f 3324/8941/3 3323/8940/3 3325/8942/3

v 36.5376 0 -24.4941
vt 2.07808 1.36789
f 3325/8942/3 3323/8940/3 3326/8943/3

vt 2.23884 0.850688
vt 2.21203 0.850688
vt 2.21722 0.79501
vt 2.23366 0.79501
f 3326/8944/141 3323/8945/141 1419/8946/141 1417/8947/141 

v 37.1562 0 -24.4127
vt 1.90632 1.23428
vt 1.88175 1.23428
vt 1.88693 1.17861
vt 1.90338 1.17861
f 3327/8948/140 3326/8949/140 1417/8950/140 1415/8951/140 

v 37.1503 0 -35.8788
vt 2.1022 1.8161
vt 2.10243 1.36468
f 3328/8952/3 3326/8943/3 3327/8953/3

f 3325/8942/3 3326/8943/3 3328/8952/3

vt -2.29693 -0.995653
vt -2.32126 -0.995653
vt -2.31856 -1.05133
vt -2.30211 -1.05133
f 3325/8954/164 3328/8955/164 3293/8956/164 3291/8957/164 

vt -2.64462 -0.58377
vn -0.272758 0.701297 -0.658624
vt -2.63705 -0.528544
vn -0.272719 0.701282 -0.658656
v 37.8915 0 -36.1857
vt -2.66864 -0.528544
f 3293/8958/929 3328/8959/930 3329/8960/929

vt 2.13138 1.82819
f 3328/8952/3 3327/8953/3 3329/8961/3

v 37.8872 0 -24.1099
vt 2.13121 1.35276
f 3329/8961/3 3327/8953/3 3330/8962/3

vt 1.4513 1.53366
vn -0.272604 0.701826 0.658124
vt 1.42015 1.53366
vt 1.4275 1.4784
vt 1.44395 1.4784
f 3330/8963/931 3327/8964/931 1415/8965/931 1413/8966/931 

v 38.3822 0 -23.7301
vt 0.891856 1.7598
vt 0.867292 1.7598
vt 0.870228 1.70412
vt 0.886672 1.70412
f 3331/8967/138 3330/8968/138 1413/8969/138 1411/8970/138 

vt 2.1507 1.33781
f 3329/8961/3 3330/8962/3 3331/8971/3

v 38.3822 0 -36.5622
vt 2.1507 1.84301
f 3329/8961/3 3331/8971/3 3332/8972/3

v 38.7967 0 -23.1898
vt 2.16702 1.31654
f 3332/8972/3 3331/8971/3 3333/8973/3

vt 0.274716 1.8659
vt 0.247906 1.8659
vt 0.253089 1.81022
vt 0.269533 1.81022
f 3333/8974/308 3331/8975/308 1411/8976/308 1409/8977/308 

v 39.0573 0 -22.5607
vt -0.360231 1.85544
vt -0.387042 1.85544
vt -0.381858 1.79976
vt -0.365414 1.79976
f 3334/8978/371 3333/8979/371 1409/8980/371 1407/8981/371 

v 39.0573 0 -37.7316
vt 2.17728 1.88905
vt 2.17728 1.29177
f 3335/8982/3 3333/8973/3 3334/8983/3

v 38.7967 0 -37.1024
vt 2.16702 1.86428
f 3336/8984/3 3333/8973/3 3335/8982/3

f 3332/8972/3 3333/8973/3 3336/8984/3

vt -2.77142 0.496686
vt -2.79823 0.496686
vt -2.79305 0.441008
vt -2.7766 0.441008
f 3332/8985/151 3336/8986/151 3299/8987/151 3297/8988/151 

vt -2.55165 0.994719
vt -2.57846 0.994719
vt -2.57328 0.939041
vt -2.55683 0.939041
f 3336/8989/152 3335/8990/152 3301/8991/152 3299/8992/152 

vt -2.15708 1.43556
vt -2.18389 1.43556
vt -2.17871 1.37988
vt -2.16226 1.37988
f 3335/8993/153 1287/8994/153 3303/8995/153 3301/8996/153 

f 3335/8982/3 1285/2682/3 1287/2683/3

f 3335/8982/3 3334/8983/3 1285/2682/3

vt -0.969716 1.72914
vt -0.996526 1.72914
vt -0.991343 1.67346
vt -0.974899 1.67346
f 1285/8997/162 3334/8998/162 1407/8999/162 1286/9000/162 

vt -1.61459 1.78917
v 39.0573 0 -39.0819
vt -1.6414 1.78917
vt -1.63622 1.73349
vt -1.61978 1.73349
f 1287/9001/162 3337/9002/162 3304/9003/162 3303/9004/162 

v 39.0573 0 -54.276
vt 2.17728 2.5404
vt 2.17728 1.94221
f 3338/9005/3 3337/9006/3 1287/2683/3

v 38.7967 0 -39.7111
vt 2.16702 1.96698
f 3338/9005/3 3339/9007/3 3337/9006/3

v 38.7967 0 -53.6468
vt 2.16702 2.51563
f 3340/9008/3 3339/9007/3 3338/9005/3

v 38.3822 0 -40.2513
vt 2.1507 1.98825
f 3340/9008/3 3341/9009/3 3339/9007/3

v 38.3822 0 -53.1065
vt 2.1507 2.49436
f 3342/9010/3 3341/9009/3 3340/9008/3

v 37.8418 0 -52.6919
vt 2.12942 2.47804
f 3343/9011/3 3341/9009/3 3342/9010/3

v 37.8418 0 -40.666
vt 2.12942 2.00458
f 3343/9011/3 3344/9012/3 3341/9009/3

v 37.2129 0 -40.9265
vt 2.10466 2.01483
f 3343/9011/3 3345/9013/3 3344/9012/3

v 37.2129 0 -52.4314
vt 2.10466 2.46778
f 3346/9014/3 3345/9013/3 3343/9011/3

v 36.5376 0 -52.3425
vt 2.07808 2.46428
f 3347/9015/3 3345/9013/3 3346/9014/3

v 36.5376 0 -41.0154
vt 2.07808 2.01833
f 3347/9015/3 3348/9016/3 3345/9013/3

v 35.8624 0 -40.9265
vt 2.05149 2.01483
f 3347/9015/3 3349/9017/3 3348/9016/3

v 35.8624 0 -52.4314
vt 2.05149 2.46778
f 3350/9018/3 3349/9017/3 3347/9015/3

v 35.2333 0 -40.6659
vt 2.02672 2.00457
f 3350/9018/3 3351/9019/3 3349/9017/3

v 35.2333 0 -52.692
vt 2.02672 2.47804
f 3352/9020/3 3351/9019/3 3350/9018/3

v 34.693 0 -53.1065
vt 2.00545 2.49436
f 3353/9021/3 3351/9019/3 3352/9020/3

v 34.693 0 -40.2513
vt 2.00545 1.98825
f 3353/9021/3 3354/9022/3 3351/9019/3

v 34.2784 0 -39.7111
vt 1.98913 1.96698
f 3353/9021/3 3355/9023/3 3354/9022/3

v 34.2784 0 -53.6468
vt 1.98913 2.51563
f 3356/9024/3 3355/9023/3 3353/9021/3

v 34.0178 0 -39.0819
vt 1.97887 1.94221
f 3356/9024/3 3357/9025/3 3355/9023/3

v 34.0178 0 -54.276
vt 1.97887 2.5404
f 3358/9026/3 3357/9025/3 3356/9024/3

f 3358/9026/3 1313/2709/3 3357/9025/3

f 1313/2709/3 3358/9026/3 1312/2708/3

vt 2.28718 -1.53826
vt 2.26037 -1.53826
v 34.9921 -1 -54.537
vt 2.26556 -1.59393
v 34.9376 -1 -54.9511
vt 2.282 -1.59393
f 1312/9027/156 3358/9028/156 3359/9029/156 3360/9030/156 

vt 1.58974 -1.89667
vt 1.56293 -1.89667
v 35.1519 -1 -54.1511
vt 1.56812 -1.95235
vt 1.58456 -1.95235
f 3358/9031/157 3356/9032/157 3361/9033/157 3359/9034/157 

vt 0.784878 -2.11524
vt 0.758068 -2.11524
v 35.4062 -1 -53.8197
vt 0.763251 -2.17091
vt 0.779695 -2.17091
f 3356/9035/158 3353/9036/158 3362/9037/158 3361/9038/158 

vt -0.072562 -2.17905
vt -0.0993726 -2.17905
v 35.7376 -1 -53.5655
vt -0.0941895 -2.23473
vt -0.0777452 -2.23473
f 3353/9039/159 3352/9040/159 3363/9041/159 3362/9042/159 

vt -0.924144 -2.08377
vt -0.950954 -2.08377
v 36.1235 -1 -53.4056
vt -0.945771 -2.13945
vt -0.929327 -2.13945
f 3352/9043/252 3350/9044/252 3364/9045/252 3363/9046/252 

vt -1.71183 -1.83588
vt -1.73864 -1.83588
v 36.5376 -1 -53.3511
vt -1.73346 -1.89156
vt -1.71702 -1.89156
f 3350/9047/147 3347/9048/147 3365/9049/147 3364/9050/147 

vt -2.38195 -1.45229
vt -2.40877 -1.45229
v 36.9517 -1 -53.4056
vt -2.40358 -1.50797
vt -2.38713 -1.50797
f 3347/9051/164 3346/9052/164 3366/9053/164 3365/9054/164 

vt -2.88883 -0.959145
vn -0.270593 0.707122 -0.653268
vt -2.91563 -0.959145
v 37.3376 -1 -53.5655
vt -2.91046 -1.01482
vt -2.89401 -1.01482
f 3346/9055/932 3343/9056/932 3367/9057/932 3366/9058/932 

vt -3.19792 -0.389997
vt -3.22473 -0.389997
v 37.669 -1 -53.8197
vt -3.21955 -0.445675
vt -3.20311 -0.445675
f 3343/9059/150 3342/9060/150 3368/9061/150 3367/9062/150 

vt -3.28817 0.216305
vt -3.31498 0.216305
v 37.9232 -1 -54.1511
vt -3.3098 0.160627
vt -3.29336 0.160627
f 3342/9063/151 3340/9064/151 3369/9065/151 3368/9066/151 

vt -3.15342 0.818464
vt -3.18023 0.818464
v 38.0831 -1 -54.537
vt -3.17505 0.762786
vt -3.15861 0.762786
f 3340/9067/152 3338/9068/152 3370/9069/152 3369/9070/152 

vt -2.80286 1.37544
vt -2.82967 1.37544
v 38.1376 -1 -54.9511
vt -2.82449 1.31977
vt -2.80804 1.31977
f 3338/9071/153 1288/9072/153 3371/9073/153 3370/9074/153 

f 3338/9005/3 1287/2683/3 1288/2684/3

vt -2.26037 1.84929
vt -2.28718 1.84929
v 38.0831 -1 -55.3652
vt -2.282 1.79361
vt -2.26556 1.79361
f 1288/9075/162 1290/9076/162 3372/9077/162 3371/9078/162 

vt -1.56293 2.20771
vt -1.58974 2.20771
v 37.9232 -1 -55.7511
vt -1.58456 2.15203
vt -1.56812 2.15203
f 1290/9079/371 1292/9080/371 3373/9081/371 3372/9082/371 

vt -0.758068 2.42627
vt -0.784878 2.42627
v 37.669 -1 -56.0825
vt -0.779695 2.37059
vt -0.763251 2.37059
f 1292/9083/308 1293/9084/308 3374/9085/308 3373/9086/308 

vt 0.0993726 2.49008
vt 0.0725338 2.49008
v 37.3376 -1 -56.3368
vt 0.0777452 2.43441
vt 0.0941895 2.43441
f 1293/9087/138 1296/9088/138 3375/9089/138 3374/9090/138 

vt 0.950936 2.39501
vn -0.270571 0.707172 0.653222
vt 0.92418 2.39501
v 36.9517 -1 -56.4966
vt 0.929336 2.33933
vt 0.94578 2.33933
f 1296/9091/933 1297/9092/933 3376/9093/933 3375/9094/933 

vt 1.73867 2.14692
vt 1.71183 2.14692
v 36.5376 -1 -56.5511
vt 1.71702 2.09124
vt 1.73346 2.09124
f 1297/9095/140 1299/9096/140 3377/9097/140 3376/9098/140 

vt 2.40876 1.76332
vt 2.38195 1.76332
v 36.1235 -1 -56.4966
vt 2.38713 1.70764
vt 2.40358 1.70764
f 1299/9099/141 1301/9100/141 3378/9101/141 3377/9102/141 

vt 2.91564 1.27016
vt 2.88883 1.27016
v 35.7376 -1 -56.3368
vt 2.89401 1.21448
vt 2.91046 1.21448
f 1301/9103/142 1303/9104/142 3379/9105/142 3378/9106/142 

vt 3.22473 0.70103
vt 3.19792 0.70103
v 35.4062 -1 -56.0825
vt 3.20311 0.645353
vt 3.21955 0.645353
f 1303/9107/143 1306/9108/143 3380/9109/143 3379/9110/143 

vt 3.31498 0.0947284
vt 3.28817 0.0947284
v 35.1519 -1 -55.7511
vt 3.29336 0.0390507
vt 3.3098 0.0390507
f 1306/9111/369 1308/9112/369 3381/9113/369 3380/9114/369 

vt 3.18023 -0.507431
vt 3.15342 -0.507431
v 34.9921 -1 -55.3652
vt 3.15861 -0.563109
vt 3.17505 -0.563109
f 1308/9115/172 1310/9116/172 3382/9117/172 3381/9118/172 

vt 2.82967 -1.06441
vt 2.80286 -1.06441
vt 2.80804 -1.12009
vt 2.82449 -1.12009
f 1310/9119/173 1312/9120/173 3360/9121/173 3382/9122/173 

vt 2.80804 0.0787402
vt 2.80804 9.73247e-16
vt 2.82449 9.73247e-16
vn 0.965926 -5.46472e-19 0.258819
vt 2.82449 0.0787402
f 3360/9123/7 1594/9124/7 1595/9125/934 3382/9126/934 

vt 2.26556 0.0787402
vn 0.965926 5.46472e-19 -0.258819
vt 2.26556 9.68917e-16
vt 2.282 9.68917e-16
vt 2.282 0.0787402
f 3359/9127/935 3279/9128/935 1594/9129/7 3360/9130/7 

vt 1.56812 0.0787402
vn 0.866025 -2.68372e-31 -0.5
vt 1.56812 9.71445e-16
vt 1.58456 9.71445e-16
vt 1.58456 0.0787402
f 3361/9131/936 3277/9132/936 3279/9133/935 3359/9134/935 

vt 0.763251 0.0787402
vn 0.707107 -3.00252e-32 -0.707107
vt 0.763251 9.71445e-16
vt 0.779695 9.71445e-16
vt 0.779695 0.0787402
f 3362/9135/937 3275/9136/937 3277/9137/936 3361/9138/936 

vt -0.0941895 0.0787402
vn 0.5 4.02093e-31 -0.866025
vt -0.0941895 9.71445e-16
vt -0.0777452 9.71445e-16
vt -0.0777452 0.0787402
f 3363/9139/938 3273/9140/938 3275/9141/937 3362/9142/937 

vt -0.945771 0.0787402
vn 0.258819 2.9589e-31 -0.965926
vt -0.945771 9.71445e-16
vt -0.929327 9.71445e-16
vt -0.929327 0.0787402
f 3364/9143/939 3271/9144/939 3273/9145/938 3363/9146/938 

vt -1.73346 0.0787402
vn 2.64553e-15 1.63583e-32 -1
vt -1.73346 9.71445e-16
vt -1.71702 9.71445e-16
vt -1.71702 0.0787402
f 3365/9147/940 3269/9148/940 3271/9149/939 3364/9150/939 

vt -2.40358 0.0787402
vn -0.258819 -1.83611e-31 -0.965926
vt -2.40358 9.71445e-16
vt -2.38713 9.71445e-16
vt -2.38713 0.0787402
f 3366/9151/941 3266/9152/941 3269/9153/940 3365/9154/940 

vt -2.91046 0.0787402
vn -0.5 -6.10498e-32 -0.866025
vt -2.91046 9.71445e-16
vt -2.89401 9.71445e-16
vt -2.89401 0.0787402
f 3367/9155/942 3265/9156/942 3266/9157/941 3366/9158/941 

vt -3.21955 0.0787402
vn -0.707107 -3.00252e-32 -0.707107
vt -3.21955 9.71445e-16
vt -3.20311 9.71445e-16
vt -3.20311 0.0787402
f 3368/9159/943 3263/9160/943 3265/9161/942 3367/9162/942 

vt -3.3098 0.0787402
vn -0.866025 -1.52587e-31 -0.5
vt -3.3098 9.71445e-16
vt -3.29336 9.71445e-16
vt -3.29336 0.0787402
f 3369/9163/944 3261/9164/944 3263/9165/943 3368/9166/943 

vt -3.17505 0.0787402
vt -3.17505 9.71445e-16
vt -3.15861 9.71445e-16
vt -3.15861 0.0787402
f 3370/9167/254 3259/9168/254 3261/9169/944 3369/9170/944 

vt -2.82449 0.0787402
vt -2.82449 9.71445e-16
vt -2.80804 9.71445e-16
vt -2.80804 0.0787402
f 3371/9171/118 1606/9172/118 3259/9173/254 3370/9174/254 

vt -2.282 0.0787402
vn -0.965926 1.15786e-31 0.258819
vt -2.282 9.71445e-16
vt -2.26556 9.71445e-16
vt -2.26556 0.0787402
f 3372/9175/945 1605/9176/945 1606/9177/118 3371/9178/118 

vt -1.58456 0.0787402
vn -0.866025 1.74915e-18 0.5
vt -1.58456 9.71445e-16
vt -1.56812 9.71445e-16
vt -1.56812 0.0787402
f 3373/9179/946 1604/9180/946 1605/9181/945 3372/9182/945 

vt -0.779695 0.0787402
vn -0.707107 1.74915e-18 0.707107
vt -0.779695 9.828e-16
vt -0.763251 9.828e-16
vt -0.763251 0.0787402
f 3374/9183/947 1603/9184/947 1604/9185/946 3373/9186/946 

vt 0.0777452 0.0787402
vn -0.5 9.15368e-32 0.866025
vt 0.0777452 9.71445e-16
vt 0.0941895 9.71445e-16
vt 0.0941895 0.0787402
f 3375/9187/948 1602/9188/948 1603/9189/947 3374/9190/947 

vt 0.929327 0.0787402
vt 0.929327 9.71445e-16
vt 0.945771 9.71445e-16
vt 0.945771 0.0787402
f 3376/9191/922 1601/9192/922 1602/9193/948 3375/9194/948 

vt 1.71702 0.0787402
vn 8.67847e-16 1.63583e-32 1
vt 1.71702 9.71445e-16
vt 1.73346 9.71445e-16
vt 1.73346 0.0787402
f 3377/9195/949 1600/9196/949 1601/9197/922 3376/9198/922 

vt 2.38713 0.0787402
vt 2.38713 9.71445e-16
vt 2.40358 9.71445e-16
vt 2.40358 0.0787402
f 3378/9199/416 1599/9200/416 1600/9201/949 3377/9202/949 

vt 2.89401 0.0787402
vn 0.5 -4.30426e-31 0.866025
vt 2.89401 9.71445e-16
vt 2.91046 9.71445e-16
vt 2.91046 0.0787402
f 3379/9203/950 1598/9204/950 1599/9205/416 3378/9206/416 

vt 3.20311 0.0787402
vn 0.707107 -5.50296e-31 0.707107
vt 3.20311 9.71445e-16
vt 3.21955 9.71445e-16
vt 3.21955 0.0787402
f 3380/9207/951 1597/9208/951 1598/9209/950 3379/9210/950 

vt 3.29336 0.0787402
vn 0.866025 -4.67227e-31 0.5
vt 3.29336 9.71445e-16
vt 3.3098 9.71445e-16
vt 3.3098 0.0787402
f 3381/9211/952 1596/9212/952 1597/9213/951 3380/9214/951 

vt 3.15861 0.0787402
vt 3.15861 9.71445e-16
vt 3.17505 9.71445e-16
vt 3.17505 0.0787402
f 3382/9215/934 1595/9216/934 1596/9217/952 3381/9218/952 

vt 2.18389 -1.12453
vt 2.15708 -1.12453
vt 2.16226 -1.18021
vt 2.17871 -1.18021
f 3357/9219/173 1313/9220/173 3315/9221/173 3314/9222/173 

vt 2.57846 -0.683686
vt 2.55165 -0.683686
vt 2.55683 -0.739363
vt 2.57328 -0.739363
f 3355/9223/172 3357/9224/172 3314/9225/172 3313/9226/172 

vt 2.79823 -0.185653
vt 2.77142 -0.185653
vt 2.7766 -0.24133
vt 2.79305 -0.24133
f 3354/9227/369 3355/9228/369 3313/9229/369 3312/9230/369 

vt 2.82822 0.335631
vt 2.8014 0.335631
vt 2.80659 0.279953
vt 2.82303 0.279953
f 3351/9231/143 3354/9232/143 3312/9233/143 3311/9234/143 

vt 2.66638 0.844639
vt 2.63957 0.844639
vt 2.64475 0.788962
vt 2.66119 0.788962
f 3349/9235/142 3351/9236/142 3311/9237/142 3310/9238/142 

vt 2.32374 1.30669
vt 2.29693 1.30669
vt 2.30211 1.25101
vt 2.31856 1.25101
f 3348/9239/141 3349/9240/141 3310/9241/141 3309/9242/141 

vt 1.82367 1.69028
vt 1.79685 1.69028
vt 1.80204 1.6346
vt 1.81848 1.6346
f 3345/9243/140 3348/9244/140 3309/9245/140 3308/9246/140 

vt 1.20021 1.96933
vn -0.270592 0.707123 0.653266
vt 1.17341 1.96933
vt 1.17859 1.91365
vt 1.19503 1.91365
f 3344/9247/953 3345/9248/953 3308/9249/953 3307/9250/953 

vt 0.495891 2.12468
vt 0.469074 2.12468
vt 0.474264 2.06901
vt 0.490708 2.06901
f 3341/9251/138 3344/9252/138 3307/9253/138 3306/9254/138 

vt -0.241315 2.14589
vt -0.268125 2.14589
vt -0.262942 2.09021
vt -0.246498 2.09021
f 3339/9255/308 3341/9256/308 3306/9257/308 3305/9258/308 

vt -0.961162 2.03145
vt -0.987972 2.03145
vt -0.982789 1.97577
vt -0.966345 1.97577
f 3337/9259/371 3339/9260/371 3305/9261/371 3304/9262/371 

vt -2.80387 -0.0245977
vt -2.82822 -0.0245977
vt -2.82303 -0.0802754
vt -2.80659 -0.0802754
f 3329/9263/150 3332/9264/150 3297/9265/150 3295/9266/150 

vt -2.66876 -0.528318
vt -2.66119 -0.583547
vn -0.272797 0.701313 -0.658591
vt -2.64475 -0.583547
f 3329/9267/929 3295/9268/954 3293/9269/929

vt -1.79685 -1.37925
vt -1.82366 -1.37925
vt -1.81848 -1.43493
vt -1.80204 -1.43493
f 3324/9270/147 3325/9271/147 3291/9272/147 3289/9273/147 

vt -1.17341 -1.65825
vt -1.20022 -1.65825
vt -1.19503 -1.71393
vt -1.17859 -1.71393
f 3321/9274/252 3324/9275/252 3289/9276/252 3287/9277/252 

vt 2.40656 -0.0297878
vt 2.41062 -0.0856772
vn 0.428829 0.709774 0.558861
vt 2.42707 -0.0856772
f 3318/9278/927 1423/9279/955 1421/9280/927

vt -2.13892 1.28149
vt -2.13892 1.89933
f 1408/9281/75 3302/9282/75 3257/8779/75

vt -2.13263 1.29668
f 1410/9283/75 3302/9282/75 1408/9281/75

vt -2.13263 1.88413
f 1410/9283/75 3300/9284/75 3302/9282/75

vt -2.12262 1.30973
f 1412/9285/75 3300/9284/75 1410/9283/75

vt -2.12262 1.87109
f 1412/9285/75 3298/9286/75 3300/9284/75

vt -2.10957 1.31974
f 1414/9287/75 3298/9286/75 1412/9285/75

vt -2.10957 1.86108
f 1414/9287/75 3296/9288/75 3298/9286/75

vt -2.09438 1.85478
f 1414/9287/75 3294/9289/75 3296/9288/75

vt -2.09438 1.32603
f 1416/9290/75 3294/9289/75 1414/9287/75

vt -2.07808 1.32818
f 1418/9291/75 3294/9289/75 1416/9290/75

vt -2.07808 1.85264
f 1418/9291/75 3292/9292/75 3294/9289/75

vt -2.06177 1.32603
f 1420/9293/75 3292/9292/75 1418/9291/75

vt -2.06177 1.85478
f 1420/9293/75 3290/9294/75 3292/9292/75

vt -2.04658 1.31974
f 1422/9295/75 3290/9294/75 1420/9293/75

vt -2.04658 1.86108
f 1422/9295/75 3288/9296/75 3290/9294/75

vt -2.03353 1.30973
f 1424/9297/75 3288/9296/75 1422/9295/75

vt -2.03353 1.87109
f 1424/9297/75 3286/9298/75 3288/9296/75

vt -2.02352 1.29668
f 1426/9299/75 3286/9298/75 1424/9297/75

f 1426/9299/75 3282/8805/75 3286/9298/75

f 1427/8804/75 3282/8805/75 1426/9299/75

f 1408/9281/75 3257/8779/75 635/1233/75

v 67.0178 -3 -55.6263
vt -3.27809 2.59356
f 3086/8115/75 1615/3712/75 3383/9300/75

v 67.2784 -3 -56.2554
vt -3.28835 2.61833
f 3383/9300/75 1615/3712/75 3384/9301/75

f 3384/9301/75 1615/3712/75 1639/3713/75

v 68.4062 -2 -56.0825
vt 4.10071 0.773305
vn 0.560986 -0.707107 0.430459
v 68.1519 -2 -55.7511
vt 4.08427 0.773305
vt 4.07908 0.717628
vt 4.10589 0.717628
f 3385/9302/956 3386/9303/956 3384/9304/956 1639/9305/956 

v 68.1519 -1 -55.7511
vt 4.08427 0.0787402
vn 0.866025 -3.87506e-18 0.5
vt 4.08427 0.0393701
vt 4.10071 0.0393701
vn 0.707107 -4.64541e-18 0.707107
v 68.4062 -1 -56.0825
vt 4.10071 0.0787402
f 3387/9306/957 3386/9307/957 3385/9308/958 3388/9309/958 

v 67.9921 -1 -55.3652
vt 3.65579 0.0787402
vn 0.965926 -2.58314e-18 0.258819
v 67.9921 -2 -55.3652
vt 3.65579 0.0393701
vt 3.67224 0.0393701
vt 3.67224 0.0787402
f 3389/9310/959 3390/9311/959 3386/9312/957 3387/9313/957 

v 67.9376 -1 -54.9511
vt 2.97763 0.0787402
vn 1 1.03856e-31 -2.79951e-17
v 67.9376 -2 -54.9511
vt 2.97763 0.0393701
vt 2.99407 0.0393701
vt 2.99407 0.0787402
f 3391/9314/960 3392/9315/960 3390/9316/959 3389/9317/959 

vt 2.09598 0.0787402
vn 0.965926 2.04172e-31 -0.258819
v 67.9921 -2 -54.537
vt 2.09598 0.0393701
vt 2.11242 0.0393701
vt 2.11242 0.0787402
f 1114/9318/961 3393/9319/961 3392/9320/960 3391/9321/960 

vt 1.07093 0.0787402
vn 0.866025 -4.64541e-18 -0.5
v 68.1519 -2 -54.1511
vt 1.07093 0.0393701
vt 1.08737 0.0393701
vt 1.08737 0.0787402
f 1113/9322/962 3394/9323/962 3393/9324/961 1114/9325/961 

vt -0.0276596 0.0787402
vn 0.707107 -5.93733e-18 -0.707107
v 68.4062 -2 -53.8197
vt -0.0276596 0.0393701
vt -0.0112154 0.0393701
vt -0.0112154 0.0787402
f 1115/9326/963 3395/9327/963 3394/9328/962 1113/9329/962 

vt -1.12492 0.0787402
vn 0.5 -3.87506e-18 -0.866025
v 68.7376 -2 -53.5655
vt -1.12492 0.0393701
vt -1.10848 0.0393701
vt -1.10848 0.0787402
f 1116/9330/964 3396/9331/964 3395/9332/963 1115/9333/963 

vt -2.14609 0.0787402
vn 0.258819 -2.58314e-18 -0.965926
v 69.1235 -2 -53.4056
vt -2.14609 0.0393701
vt -2.12964 0.0393701
vt -2.12964 0.0787402
f 1117/9334/965 3397/9335/965 3396/9336/964 1116/9337/964 

vt -3.02156 0.0787402
vn 2.22561e-15 1.03856e-31 -1
v 69.5376 -2 -53.3511
vt -3.02156 0.0393701
vt -3.00511 0.0393701
vt -3.00511 0.0787402
f 1118/9338/966 3398/9339/966 3397/9340/965 1117/9341/965 

vt -3.69168 0.0787402
vn -0.258819 -3.69254e-18 -0.965926
v 69.9517 -2 -53.4056
vt -3.69168 0.0393701
vt -3.67523 0.0393701
vt -3.67523 0.0787402
f 1119/9342/967 3399/9343/967 3398/9344/966 1118/9345/966 

vt -4.11077 0.0787402
vn -0.5 -3.69254e-18 -0.866025
v 70.3376 -2 -53.5655
vt -4.11077 0.0393701
vt -4.09433 0.0393701
vt -4.09433 0.0787402
f 1120/9346/968 3400/9347/968 3399/9348/967 1119/9349/967 

vt -4.25029 0.0787402
vn -0.707107 9.07084e-19 -0.707107
v 70.669 -2 -53.8197
vt -4.25029 0.0393701
vt -4.23384 0.0393701
vt -4.23384 0.0787402
f 1121/9350/969 3401/9351/969 3400/9352/968 1120/9353/968 

vt -4.10071 0.0787402
vn -0.866025 3.0307e-18 -0.5
v 70.9232 -2 -54.1511
vt -4.10071 0.0393701
vt -4.08427 0.0393701
vt -4.08427 0.0787402
f 1122/9354/970 3402/9355/970 3401/9356/969 1121/9357/969 

vt -3.67224 0.0787402
vn -0.965926 2.12362e-18 -0.258819
v 71.0831 -2 -54.537
vt -3.67224 0.0393701
vt -3.65579 0.0393701
vt -3.65579 0.0787402
f 1123/9358/971 3403/9359/971 3402/9360/970 1122/9361/970 

vt -2.99407 0.0787402
vn -1 -1.03856e-31 -2.79951e-17
v 71.1376 -2 -54.9511
vt -2.99407 0.0393701
vt -2.97763 0.0393701
vt -2.97763 0.0787402
f 1124/9362/972 3404/9363/972 3403/9364/971 1123/9365/971 

vt -2.11242 0.0787402
vn -0.965926 -2.58314e-18 0.258819
v 71.0831 -2 -55.3652
vt -2.11242 0.0393701
vt -2.09598 0.0393701
vt -2.09598 0.0787402
f 1126/9366/973 3405/9367/973 3404/9368/972 1124/9369/972 

v 70.9232 -1 -55.7511
vt -1.08737 0.0787402
vn -0.866025 -3.87506e-18 0.5
v 70.9232 -2 -55.7511
vt -1.08737 0.0393701
vt -1.07093 0.0393701
vt -1.07093 0.0787402
f 3406/9370/974 3407/9371/974 3405/9372/973 1126/9373/973 

v 70.669 -1 -56.0825
vt 0.0112154 0.0787402
vn -0.707107 -5.93733e-18 0.707107
v 70.669 -2 -56.0825
vt 0.0112154 0.0393701
vt 0.0276596 0.0393701
vt 0.0276596 0.0787402
f 3408/9374/975 3409/9375/975 3407/9376/974 3406/9377/974 

v 70.3376 -1 -56.3368
vt 1.10848 0.0787402
vn -0.5 -4.64541e-18 0.866025
v 70.3376 -2 -56.3368
vt 1.10848 0.0393701
vt 1.12492 0.0393701
vt 1.12492 0.0787402
f 3410/9378/976 3411/9379/976 3409/9380/975 3408/9381/975 

v 69.9517 -1 -56.4966
vt 2.12964 0.0787402
vn -0.258819 -1.03856e-31 0.965926
v 69.9517 -2 -56.4966
vt 2.12964 0.0393701
vt 2.14609 0.0393701
vt 2.14609 0.0787402
f 3412/9382/977 3413/9383/977 3411/9384/976 3410/9385/976 

v 69.5376 -1 -56.5511
vt 3.00511 0.0787402
vn 2.23961e-15 -1.03856e-31 1
v 69.5376 -2 -56.5511
vt 3.00511 0.0393701
vt 3.02156 0.0393701
vt 3.02156 0.0787402
f 3414/9386/978 3415/9387/978 3413/9388/977 3412/9389/977 

v 69.1235 -1 -56.4966
vt 3.67523 0.0787402
vn 0.258819 -1.10939e-18 0.965926
v 69.1235 -2 -56.4966
vt 3.67523 0.0393701
vt 3.69168 0.0393701
vt 3.69168 0.0787402
f 3416/9390/979 3417/9391/979 3415/9392/978 3414/9393/978 

v 68.7376 -1 -56.3368
vt 4.09433 0.0787402
vn 0.5 -4.46289e-18 0.866025
v 68.7376 -2 -56.3368
vt 4.09433 0.0393701
vt 4.11077 0.0393701
vt 4.11077 0.0787402
f 3418/9394/980 3419/9395/980 3417/9396/979 3416/9397/979 

vt 4.23384 0.0787402
vt 4.23384 0.0393701
vt 4.25029 0.0393701
vt 4.25029 0.0787402
f 3388/9398/958 3385/9399/958 3419/9400/980 3418/9401/980 

vt 4.25029 -0.00257784
vn 0.430459 -0.707107 0.560986
vt 4.23384 -0.00257784
vt 4.22866 -0.0582555
vt 4.25547 -0.0582555
f 3419/9402/981 3385/9403/981 1639/9404/981 1640/9405/981 

vt 4.11077 -0.779398
vn 0.270598 -0.707107 0.653281
vt 4.09433 -0.779398
vt 4.08914 -0.835075
v 68.8624 -3 -57.4709
vt 4.11595 -0.835075
f 3417/9406/982 3419/9407/982 1640/9408/982 3420/9409/982 

vt -3.33275 3.27047
vt -3.35071 2.66619
f 1640/3714/75 1643/9410/75 3420/9411/75

vt -3.32274 3.28352
f 1640/3714/75 1642/9412/75 1643/9410/75

f 1640/3714/75 1641/3715/75 1642/9412/75

vt -3.34579 3.26046
f 3420/9411/75 1643/9410/75 1644/9413/75

vt -3.36098 3.25417
f 3420/9411/75 1644/9413/75 1645/9414/75

v 69.5376 -3 -57.5597
vt -3.37729 2.66969
f 3420/9411/75 1645/9414/75 3421/9415/75

vt -3.37729 3.25202
f 3421/9415/75 1645/9414/75 1646/9416/75

v 70.2127 -3 -57.4709
vt -3.40387 2.66619
f 3421/9415/75 1646/9416/75 3422/9417/75

vt -3.39359 3.25417
f 3422/9417/75 1646/9416/75 1647/9418/75

vt -3.40878 3.26046
f 3422/9417/75 1647/9418/75 1648/9419/75

v 70.8419 -3 -57.2103
vt -3.42864 2.65593
f 3422/9417/75 1648/9419/75 3423/9420/75

vt -3.42183 3.27047
f 3423/9420/75 1648/9419/75 1649/9421/75

vt -3.43184 3.28352
f 3423/9420/75 1649/9421/75 1650/9422/75

v 71.3822 -3 -56.7957
vt -3.44991 2.6396
f 3423/9420/75 1650/9422/75 3424/9423/75

vt -3.43813 3.29871
f 3424/9423/75 1650/9422/75 1651/9424/75

f 3424/9423/75 1651/9424/75 1652/3852/75

f 1652/3852/75 1662/3853/75 3424/9423/75

v 71.7967 -3 -56.2554
vt -3.46623 2.61833
f 3424/9423/75 1662/3853/75 3425/9425/75

vt -4.62195 4.10247
f 3425/9425/75 1662/3853/75 1666/9426/75

v 72.0573 -3 -55.6263
vt -3.47649 2.59356
f 3425/9425/75 1666/9426/75 3426/9427/75

f 3426/9427/75 1666/9426/75 2186/5257/75

vt -4.61565 4.08728
f 2186/5257/75 1666/9426/75 1668/9428/75

f 2186/5257/75 1668/9428/75 1670/5255/75

vt -2.09598 -2.62092
vn -0.701057 -0.707107 0.092296
vt -2.11242 -2.62092
vt -2.1176 -2.67659
vt -2.09079 -2.67659
f 3404/9429/983 3405/9430/983 3426/9431/983 2186/9432/983 

vt -1.07093 -2.91726
vn -0.653281 -0.707107 0.270598
vt -1.08737 -2.91726
vt -1.09256 -2.97294
vt -1.06575 -2.97294
f 3405/9433/984 3407/9434/984 3425/9435/984 3426/9436/984 

vt 0.0276596 -3.01591
vn -0.560986 -0.707107 0.430459
vt 0.0112154 -3.01591
vt 0.00603223 -3.07159
vt 0.0328428 -3.07159
f 3407/9437/985 3409/9438/985 3424/9439/985 3425/9440/985 

vt 1.12492 -2.91015
vn -0.430459 -0.707107 0.560986
vt 1.10848 -2.91015
vt 1.1033 -2.96583
vt 1.13011 -2.96583
f 3409/9441/986 3411/9442/986 3423/9443/986 3424/9444/986 

vt 2.14609 -2.60717
vn -0.270598 -0.707107 0.653281
vt 2.12964 -2.60717
vt 2.12446 -2.66285
vt 2.15127 -2.66285
f 3411/9445/987 3413/9446/987 3422/9447/987 3423/9448/987 

vt 3.02156 -2.12764
vn -0.092296 -0.707107 0.701057
vt 3.00511 -2.12764
vt 2.99993 -2.18331
vt 3.02674 -2.18331
f 3413/9449/988 3415/9450/988 3421/9451/988 3422/9452/988 

vt 3.69168 -1.50422
vn 0.092296 -0.707107 0.701057
vt 3.67523 -1.50422
vt 3.67005 -1.55989
vt 3.69686 -1.55989
f 3415/9453/989 3417/9454/989 3420/9455/989 3421/9456/989 

vt -2.97763 -2.14707
vn -0.701057 -0.707107 -0.092296
vt -2.99407 -2.14707
vt -2.99925 -2.20275
vt -2.97244 -2.20275
f 3403/9457/990 3404/9458/990 2186/9459/990 2190/9460/990 

vt -3.65579 -1.52802
vn -0.653281 -0.707107 -0.270598
vt -3.67224 -1.52802
vt -3.67742 -1.5837
vt -3.65061 -1.5837
f 3402/9461/991 3403/9462/991 2190/9463/991 2191/9464/991 

vt -4.08427 -0.80595
vn -0.560986 -0.707107 -0.430459
vt -4.10071 -0.80595
vt -4.10589 -0.861627
vt -4.07908 -0.861627
f 3401/9465/992 3402/9466/992 2191/9467/992 2192/9468/992 

vt -4.23384 -0.0300667
vn -0.430459 -0.707107 -0.560986
vt -4.25029 -0.0300667
vt -4.25547 -0.0857443
vt -4.22866 -0.0857443
f 3400/9469/993 3401/9470/993 2192/9471/993 3067/9472/993 

vt -4.09433 0.746753
vn -0.270598 -0.707107 -0.653281
vt -4.11077 0.746753
vt -4.11595 0.691075
vt -4.08914 0.691075
f 3399/9473/994 3400/9474/994 3067/9475/994 3070/9476/994 

vt -3.67523 1.47157
vn -0.092296 -0.707107 -0.701057
vt -3.69168 1.47157
vt -3.69686 1.41589
vt -3.67005 1.41589
f 3398/9477/995 3399/9478/995 3070/9479/995 3073/9480/995 

vt -3.00511 2.09499
vn 0.092296 -0.707107 -0.701057
vt -3.02156 2.09499
vt -3.02674 2.03931
vt -2.99993 2.03931
f 3397/9481/996 3398/9482/996 3073/9483/996 3075/9484/996 

vt -2.12964 2.57453
vn 0.270598 -0.707107 -0.653281
vt -2.14609 2.57453
vt -2.15127 2.51885
vt -2.12446 2.51885
f 3396/9485/997 3397/9486/997 3075/9487/997 3078/9488/997 

vt -1.10848 2.8775
vn 0.430459 -0.707107 -0.560986
vt -1.12492 2.8775
vt -1.13011 2.82183
vt -1.1033 2.82183
f 3395/9489/998 3396/9490/998 3078/9491/998 3082/9492/998 

vt -0.0112154 2.98327
vn 0.560986 -0.707107 -0.430459
vt -0.0276596 2.98327
vt -0.0328428 2.92759
vt -0.00603223 2.92759
f 3394/9493/999 3395/9494/999 3082/9495/999 3084/9496/999 

vt 1.08737 2.88462
vn 0.653281 -0.707107 -0.270598
vt 1.07093 2.88462
vt 1.06575 2.82894
vt 1.09256 2.82894
f 3393/9497/1000 3394/9498/1000 3084/9499/1000 3085/9500/1000 

vt 2.11242 2.58827
vn 0.701057 -0.707107 -0.092296
vt 2.09598 2.58827
vt 2.09079 2.53259
vt 2.1176 2.53259
f 3392/9501/1001 3393/9502/1001 3085/9503/1001 3086/9504/1001 

vt 2.99407 2.11443
vn 0.701057 -0.707107 0.092296
vt 2.97763 2.11443
vt 2.97244 2.05875
vt 2.99925 2.05875
f 3390/9505/1002 3392/9506/1002 3086/9507/1002 3383/9508/1002 

vt 3.67224 1.49538
vn 0.653281 -0.707107 0.270598
vt 3.65579 1.49538
vt 3.65061 1.4397
vt 3.67742 1.4397
f 3386/9509/1003 3390/9510/1003 3383/9511/1003 3384/9512/1003 

vt 4.25547 0.141772
vt 4.22866 0.141772
vt 4.23384 0.0860944
vt 4.25029 0.0860944
f 1141/9513/143 1144/9514/143 3388/9515/143 3418/9516/143 

vt 4.10589 -0.634111
vt 4.07908 -0.634111
vt 4.08427 -0.689789
vt 4.10071 -0.689789
f 1144/9517/369 1145/9518/369 3387/9519/369 3388/9520/369 

vt 3.67742 -1.35618
vt 3.65061 -1.35618
vt 3.65579 -1.41186
vt 3.67224 -1.41186
f 1145/9521/172 1148/9522/172 3389/9523/172 3387/9524/172 

vt 2.99925 -1.97523
vt 2.97244 -1.97523
vt 2.97763 -2.03091
vt 2.99407 -2.03091
f 1148/9525/173 1075/9526/173 3391/9527/173 3389/9528/173 

vt 2.1176 -2.44908
vt 2.09079 -2.44908
vt 2.09598 -2.50476
vt 2.11242 -2.50476
f 1075/9529/156 1076/9530/156 1114/9531/156 3391/9532/156 

vt 4.11595 0.918592
vt 4.08914 0.918592
vt 4.09433 0.862914
vt 4.11077 0.862914
f 1140/9533/142 1141/9534/142 3418/9535/142 3416/9536/142 

vt 3.69686 1.64341
vt 3.67005 1.64341
vt 3.67523 1.58773
vt 3.69168 1.58773
f 1137/9537/141 1140/9538/141 3416/9539/141 3414/9540/141 

vt 3.02674 2.26683
vt 2.99993 2.26683
vt 3.00511 2.21115
vt 3.02156 2.21115
f 1135/9541/140 1137/9542/140 3414/9543/140 3412/9544/140 

vt 2.15127 2.74637
vt 2.12446 2.74637
vt 2.12964 2.69069
vt 2.14609 2.69069
f 1134/9545/309 1135/9546/309 3412/9547/309 3410/9548/309 

vt 1.13011 3.04934
vt 1.1033 3.04934
vt 1.10848 2.99366
vt 1.12492 2.99366
f 1131/9549/138 1134/9550/138 3410/9551/138 3408/9552/138 

vt 0.0328428 3.15511
vt 0.00603223 3.15511
vt 0.0112154 3.09943
vt 0.0276596 3.09943
f 1129/9553/308 1131/9554/308 3408/9555/308 3406/9556/308 

vt -1.06575 3.05646
vt -1.09256 3.05646
vt -1.08737 3.00078
vt -1.07093 3.00078
f 1125/9557/371 1129/9558/371 3406/9559/371 1126/9560/371 

f 2020/4667/75 869/1855/75 870/1856/75

vt -6.10676 1.28149
f 1986/9561/75 2020/4667/75 870/1856/75

v 138.866 -3 -37.9926
vt -6.10676 1.89933
f 1986/9561/75 3427/9562/75 2020/4667/75

vt -6.10047 1.29668
f 1988/9563/75 3427/9562/75 1986/9561/75

v 138.706 -3 -37.6067
vt -6.10047 1.88413
f 1988/9563/75 3428/9564/75 3427/9562/75

vt -6.09046 1.30973
f 1990/9565/75 3428/9564/75 1988/9563/75

v 138.452 -3 -37.2754
vt -6.09046 1.87109
f 1990/9565/75 3429/9566/75 3428/9564/75

vt -6.07741 1.31974
f 1992/9567/75 3429/9566/75 1990/9565/75

v 138.121 -3 -37.0211
vt -6.07741 1.86108
f 1992/9567/75 3430/9568/75 3429/9566/75

vt -6.06222 1.32603
f 1994/9569/75 3430/9568/75 1992/9567/75

v 137.735 -3 -36.8613
vt -6.06222 1.85478
f 1994/9569/75 3431/9570/75 3430/9568/75

vt -6.04591 1.32818
f 1996/9571/75 3431/9570/75 1994/9569/75

v 137.321 -3 -36.8067
vt -6.04591 1.85264
f 1996/9571/75 3432/9572/75 3431/9570/75

vt -6.02961 1.32603
f 1998/9573/75 3432/9572/75 1996/9571/75

v 136.907 -3 -36.8613
vt -6.02961 1.85478
f 1998/9573/75 3433/9574/75 3432/9572/75

vt -6.01442 1.31974
f 2000/9575/75 3433/9574/75 1998/9573/75

v 136.521 -3 -37.0211
vt -6.01442 1.86108
f 2000/9575/75 3434/9576/75 3433/9574/75

vt -6.00137 1.30973
f 2002/9577/75 3434/9576/75 2000/9575/75

v 136.189 -3 -37.2754
vt -6.00137 1.87109
f 2002/9577/75 3435/9578/75 3434/9576/75

vt -5.99136 1.29668
f 2004/9579/75 3435/9578/75 2002/9577/75

v 135.935 -3 -37.6067
vt -5.99136 1.88413
f 2004/9579/75 3436/9580/75 3435/9578/75

f 2006/4642/75 3436/9580/75 2004/9579/75

f 2006/4642/75 2007/4641/75 3436/9580/75

v 135.935 -1 -37.6067
vt -0.552081 0.0787402
vt -0.552081 8.88178e-16
vt -0.535637 8.88178e-16
vn 0.965926 9.12196e-31 -0.258819
v 135.775 -1 -37.9926
vt -0.535637 0.0787402
f 3437/9581/524 3436/9582/524 2007/9583/1004 3438/9584/1004 

v 136.189 -1 -37.2754
vt -2.16897 0.0787402
vt -2.16897 9.08643e-16
vt -2.15253 9.08643e-16
vt -2.15253 0.0787402
f 3439/9585/250 3435/9586/250 3436/9587/524 3437/9588/524 

v 136.521 -1 -37.0211
vt -3.63861 0.0787402
vn 0.5 6.10347e-31 -0.866025
vt -3.63861 8.88178e-16
vt -3.62216 8.88178e-16
vt -3.62216 0.0787402
f 3440/9589/1005 3434/9590/1005 3435/9591/250 3439/9592/250 

v 136.907 -1 -36.8613
vt -4.86084 0.0787402
vn 0.258819 -1.89686e-31 -0.965926
vt -4.86084 8.88178e-16
vt -4.84439 8.88178e-16
vt -4.84439 0.0787402
f 3441/9593/1006 3433/9594/1006 3434/9595/1005 3440/9596/1005 

v 137.321 -1 -36.8067
vt -5.75237 0.0787402
vn 3.52738e-15 -6.5433e-32 -1
vt -5.75237 8.88178e-16
vt -5.73593 8.88178e-16
vt -5.73593 0.0787402
f 3442/9597/1007 3432/9598/1007 3433/9599/1006 3441/9600/1006 

v 137.735 -1 -36.8613
vt -6.25245 0.0787402
vn -0.258819 -6.75866e-32 -0.965926
vt -6.25245 8.88178e-16
vt -6.23601 8.88178e-16
vt -6.23601 0.0787402
f 3443/9601/1008 3431/9602/1008 3432/9603/1007 3442/9604/1007 

v 138.121 -1 -37.0211
vt -6.327 0.0787402
vn -0.5 -4.97013e-31 -0.866025
vt -6.327 8.88178e-16
vt -6.31055 8.88178e-16
vt -6.31055 0.0787402
f 3444/9605/1009 3430/9606/1009 3431/9607/1008 3443/9608/1008 

v 138.452 -1 -37.2754
vt -5.97093 0.0787402
vn -0.707107 -3.81467e-31 -0.707107
vt -5.97093 8.88178e-16
vt -5.95449 8.88178e-16
vt -5.95449 0.0787402
f 3445/9609/1010 3429/9610/1010 3430/9611/1009 3444/9612/1009 

v 138.706 -1 -37.6067
vt -5.20851 0.0787402
vn -0.866025 -4.91476e-31 -0.5
vt -5.20851 8.88178e-16
vt -5.19207 8.88178e-16
vt -5.19207 0.0787402
f 3446/9613/1011 3428/9614/1011 3429/9615/1010 3445/9616/1010 

v 138.866 -1 -37.9926
vt -4.09171 0.0787402
vn -0.965926 -4.15183e-31 -0.258819
vt -4.09171 8.88178e-16
vt -4.07526 8.88178e-16
vt -4.07526 0.0787402
f 3447/9617/1012 3427/9618/1012 3428/9619/1011 3446/9620/1011 

v 138.921 -1 -38.4067
vt -2.69661 0.0787402
vt -2.69661 8.88178e-16
vt -2.68017 8.88178e-16
vt -2.68017 0.0787402
f 3448/9621/693 2020/9622/693 3427/9623/1012 3447/9624/1012 

v 138.866 -1 -38.8209
vt -1.11831 0.0787402
vn -0.965926 -4.94744e-31 0.258819
vt -1.11831 8.88178e-16
vt -1.10187 8.88178e-16
vt -1.10187 0.0787402
f 3449/9625/1013 2019/9626/1013 2020/9627/693 3448/9628/693 

v 138.706 -1 -39.2067
vt 0.535637 0.0787402
vn -0.866025 -4.34809e-31 0.5
vt 0.535637 8.88178e-16
vt 0.552081 8.88178e-16
vt 0.552081 0.0787402
f 3450/9629/1014 2018/9630/1014 2019/9631/1013 3449/9632/1013 

v 138.452 -1 -39.5381
vt 2.15253 0.0787402
vn -0.707107 5.80321e-31 0.707107
vt 2.15253 8.88178e-16
vt 2.16897 8.88178e-16
vt 2.16897 0.0787402
f 3451/9633/1015 2017/9634/1015 2018/9635/1014 3450/9636/1014 

v 138.121 -1 -39.7924
vt 3.62216 0.0787402
vn -0.5 6.95868e-31 0.866025
vt 3.62216 8.88178e-16
vt 3.63861 8.88178e-16
vt 3.63861 0.0787402
f 3452/9637/1016 2016/9638/1016 2017/9639/1015 3451/9640/1015 

v 137.735 -1 -39.9522
vt 4.84439 0.0787402
vn -0.258819 6.75866e-32 0.965926
vt 4.84439 8.88178e-16
vt 4.86084 8.88178e-16
vt 4.86084 0.0787402
f 3453/9641/1017 2015/9642/1017 2016/9643/1016 3452/9644/1016 

v 137.321 -1 -40.0067
vt 5.73593 0.0787402
vn 3.52738e-15 6.5433e-32 1
vt 5.73593 8.88178e-16
vt 5.75237 8.88178e-16
vt 5.75237 0.0787402
f 3454/9645/1018 2014/9646/1018 2015/9647/1017 3453/9648/1017 

v 136.907 -1 -39.9522
vt 6.23601 0.0787402
vn 0.258819 -4.1885e-32 0.965926
vt 6.23601 8.88178e-16
vt 6.25245 8.88178e-16
vt 6.25245 0.0787402
f 3455/9649/1019 2013/9650/1019 2014/9651/1018 3454/9652/1018 

v 136.521 -1 -39.7924
vt 6.31055 0.0787402
vt 6.31055 8.88178e-16
vt 6.327 8.88178e-16
vt 6.327 0.0787402
f 3456/9653/367 2012/9654/367 2013/9655/1019 3455/9656/1019 

v 136.189 -1 -39.5381
vt 5.95449 0.0787402
vt 5.95449 8.88178e-16
vt 5.97093 8.88178e-16
vt 5.97093 0.0787402
f 3457/9657/540 2011/9658/540 2012/9659/367 3456/9660/367 

v 135.935 -1 -39.2067
vt 5.19207 0.0787402
vt 5.19207 8.75804e-16
vt 5.20851 8.75804e-16
vt 5.20851 0.0787402
f 3458/9661/522 2010/9662/522 2011/9663/540 3457/9664/540 

v 135.775 -1 -38.8209
vt 4.07526 0.0787402
vn 0.965926 -9.28554e-31 0.258819
vt 4.07526 8.88178e-16
vt 4.09171 8.88178e-16
vt 4.09171 0.0787402
f 3459/9665/1020 2009/9666/1020 2010/9667/522 3458/9668/522 

v 135.721 -1 -38.4067
vt 2.68017 0.0787402
vt 2.68017 8.88178e-16
vt 2.69661 8.88178e-16
vt 2.69661 0.0787402
f 3460/9669/682 2008/9670/682 2009/9671/1020 3459/9672/1020 

vt 1.10187 0.0787402
vt 1.10187 8.88178e-16
vt 1.11831 8.88178e-16
vt 1.11831 0.0787402
f 3438/9673/1004 2007/9674/1004 2008/9675/682 3460/9676/682 

vt 1.1235 -4.25982
v 134.801 0 -37.7316
vt 1.09669 -4.25982
vt 1.10187 -4.3155
vt 1.11831 -4.3155
f 1850/9677/156 3461/9678/156 3438/9679/156 3460/9680/156 

vt 5.94671 1.88905
f 1954/4500/3 3461/9681/3 1850/4263/3

v 134.801 0 -22.5607
vt 5.94671 1.29177
f 3461/9681/3 1954/4500/3 3462/9682/3

vt 2.05692 -3.96624
vt 2.03011 -3.96624
vt 2.03529 -4.02192
vt 2.05174 -4.02192
f 3462/9683/173 1954/9684/173 1961/9685/173 2005/9686/173 

v 135.062 0 -23.1898
vt 3.49596 -3.45181
vt 3.46915 -3.45181
vt 3.47433 -3.50749
vt 3.49077 -3.50749
f 3463/9687/172 3462/9688/172 2005/9689/172 2003/9690/172 

v 135.062 0 -37.1024
vt 5.95697 1.86428
vt 5.95697 1.31654
f 3464/9691/3 3462/9682/3 3463/9692/3

f 3461/9681/3 3462/9682/3 3464/9691/3

vt -0.530454 -4.31253
vt -0.557265 -4.31253
vt -0.552081 -4.36821
vt -0.535637 -4.36821
f 3461/9693/157 3464/9694/157 3437/9695/157 3438/9696/157 

vt -2.14734 -4.06076
v 135.476 0 -36.5622
vt -2.17415 -4.06076
vt -2.16897 -4.11643
vt -2.15253 -4.11643
f 3464/9697/158 3465/9698/158 3439/9699/158 3437/9700/158 

vt 5.97329 1.84301
f 3464/9691/3 3463/9692/3 3465/9701/3

v 135.476 0 -23.7301
vt 5.97329 1.33781
f 3465/9701/3 3463/9692/3 3466/9702/3

vt 4.69767 -2.69154
vt 4.67086 -2.69154
vt 4.67604 -2.74722
vt 4.69248 -2.74722
f 3466/9703/369 3463/9704/369 2003/9705/369 2001/9706/369 

v 136.016 0 -24.1446
vt 5.58015 -1.73725
vt 5.55334 -1.73725
vt 5.55852 -1.79293
vt 5.57497 -1.79293
f 3467/9707/143 3466/9708/143 2001/9709/143 1999/9710/143 

vt 5.99456 1.35413
f 3465/9701/3 3466/9702/3 3467/9711/3

v 136.012 0 -36.1506
vt 5.99441 1.82681
f 3465/9701/3 3467/9711/3 3468/9712/3

v 136.644 0 -35.8891
vt 6.01926 1.81651
f 3468/9712/3 3467/9711/3 3469/9713/3

v 136.646 0 -24.4052
vt 6.01933 1.36439
f 3469/9713/3 3467/9711/3 3470/9714/3

vt 6.08327 -0.653972
vt 6.05646 -0.653972
vt 6.06164 -0.70965
vt 6.07809 -0.70965
f 3470/9715/142 3467/9716/142 1999/9717/142 1997/9718/142 

v 137.321 0 -24.4941
vt 6.17274 0.484472
vt 6.14593 0.484472
vt 6.15111 0.428795
vt 6.16755 0.428795
f 3471/9719/141 3470/9720/141 1997/9721/141 1995/9722/141 

v 137.327 0 -35.799
vt 6.04617 1.81296
vt 6.04591 1.36789
f 3472/9723/3 3470/9714/3 3471/9724/3

f 3469/9713/3 3470/9714/3 3472/9723/3

vt -5.73548 -1.8001
vn 0.0924369 0.706483 -0.701667
vt -5.73022 -1.74447
vn 0.0924988 0.706466 -0.701676
vt -5.75737 -1.74447
f 3441/9725/1021 3469/9726/1022 3472/9727/1021

vt -4.86592 -2.73022
vn 0.2708 0.706668 -0.653673
vt -4.86084 -2.78586
vn 0.270762 0.706678 -0.653678
vt -4.84439 -2.78586
f 3469/9728/1023 3441/9729/1024 3440/9730/1023

vt -4.84397 -2.78614
vt -4.8386 -2.73049
vn 0.270838 0.706658 -0.653668
vt -4.8655 -2.73049
f 3440/9731/1023 3468/9732/1025 3469/9733/1023

vt -3.61698 -3.52164
vt -3.64359 -3.52164
vt -3.63861 -3.57732
vt -3.62216 -3.57732
f 3465/9734/159 3468/9735/159 3440/9736/159 3439/9737/159 

vt -5.75781 -1.74387
vt -5.75237 -1.7995
vn 0.0923751 0.7065 -0.701658
vt -5.73593 -1.7995
f 3472/9738/1021 3442/9739/1026 3441/9740/1021

vt -6.23109 -0.629437
v 137.978 0 -35.8847
vt -6.25694 -0.629437
vt -6.25245 -0.685115
vt -6.23601 -0.685115
f 3472/9741/164 3473/9742/164 3443/9743/164 3442/9744/164 

v 137.978 0 -24.4076
vt 6.0718 1.36448
vt 6.0718 1.81634
f 3472/9723/3 3474/9745/3 3473/9746/3

f 3472/9723/3 3471/9724/3 3474/9745/3

vt 5.84175 1.6005
vt 5.81565 1.6005
vt 5.82083 1.54482
vt 5.83727 1.54482
f 3474/9747/140 3471/9748/140 1995/9749/140 1993/9750/140 

v 138.639 0 -24.1338
vt 5.11561 2.61226
vn -0.271222 0.705472 0.654788
vt 5.08745 2.61226
vt 5.09331 2.55671
vt 5.10975 2.55671
f 3475/9751/1027 3474/9752/1027 1993/9753/1027 1991/9754/1027 

vt 6.09782 1.3537
f 3473/9746/3 3474/9745/3 3475/9755/3

v 138.638 0 -36.1577
vt 6.09778 1.82708
f 3473/9746/3 3475/9755/3 3476/9756/3

v 139.165 0 -36.5622
vt 6.11854 1.84301
f 3476/9756/3 3475/9755/3 3477/9757/3

v 139.165 0 -23.7301
vt 6.11854 1.33781
f 3477/9757/3 3475/9755/3 3478/9758/3

vt 4.03975 3.46779
vt 4.01364 3.46779
vt 4.01813 3.41211
vt 4.03457 3.41211
f 3478/9759/138 3475/9760/138 1991/9761/138 1989/9762/138 

v 139.58 0 -23.1898
vt 2.69018 4.0918
vt 2.66337 4.0918
vt 2.66856 4.03612
vt 2.685 4.03612
f 3479/9763/308 3478/9764/308 1989/9765/308 1987/9766/308 

v 139.58 0 -37.1024
vt 6.13486 1.86428
vt 6.13486 1.31654
f 3480/9767/3 3478/9758/3 3479/9768/3

f 3477/9757/3 3478/9758/3 3480/9767/3

vt -5.18689 2.72259
vt -5.2137 2.72259
vt -5.20851 2.66691
vt -5.19207 2.66691
f 3477/9769/151 3480/9770/151 3446/9771/151 3445/9772/151 

vt -4.07008 3.58683
v 139.84 0 -37.7316
vt -4.09689 3.58683
vt -4.09171 3.53116
vt -4.07526 3.53116
f 3480/9773/152 3481/9774/152 3447/9775/152 3446/9776/152 

v 139.84 0 -22.5607
vt 6.14512 1.29177
vt 6.14512 1.88905
f 3480/9767/3 3482/9777/3 3481/9778/3

f 3480/9767/3 3479/9768/3 3482/9777/3

vt 1.1582 4.44756
vt 1.13138 4.44756
vt 1.13657 4.39188
vt 1.15301 4.39188
f 3482/9779/371 3479/9780/371 1987/9781/371 1985/9782/371 

vt -0.451809 4.51082
vt -0.478619 4.51082
vt -0.473436 4.45514
vt -0.456992 4.45514
f 1825/9783/162 3482/9784/162 1985/9785/162 1984/9786/162 

f 1826/4239/3 3482/9777/3 1825/4238/3

f 3481/9778/3 3482/9777/3 1826/4239/3

vt -2.67499 4.21724
vt -2.7018 4.21724
vt -2.69661 4.16157
vt -2.68017 4.16157
f 3481/9787/153 1826/9788/153 3448/9789/153 3447/9790/153 

vt -1.09669 4.57085
vt -1.1235 4.57085
vt -1.11831 4.51518
vt -1.10187 4.51518
f 1826/9791/162 1827/9792/162 3449/9793/162 3448/9794/162 

vt 0.557265 4.62357
vt 0.530454 4.62357
vt 0.535637 4.56789
vt 0.552081 4.56789
f 1827/9795/371 1830/9796/371 3450/9797/371 3449/9798/371 

vt 2.17415 4.37179
vt 2.14734 4.37179
vt 2.15253 4.31611
vt 2.16897 4.31611
f 1830/9799/308 1831/9800/308 3451/9801/308 3450/9802/308 

vt 3.64379 3.83268
vt 3.61698 3.83268
vt 3.62216 3.777
vt 3.63861 3.777
f 1831/9803/138 1834/9804/138 3452/9805/138 3451/9806/138 

vt 4.86602 3.04299
vn -0.270596 0.707111 0.653277
vt 4.83921 3.04299
vt 4.84439 2.98732
vt 4.86084 2.98732
f 1834/9807/1028 1835/9808/1028 3453/9809/1028 3452/9810/1028 

vt 5.75756 2.0565
vt 5.73077 2.0565
vt 5.73593 2.00082
vt 5.75237 2.00082
f 1835/9811/140 1837/9812/140 3454/9813/140 3453/9814/140 

vt 6.25766 0.940412
vn 0.0923024 0.707057 0.701107
vt 6.2308 0.940412
vt 6.23601 0.884738
vt 6.25245 0.884738
f 1837/9815/1029 1840/9816/1029 3455/9817/1029 3454/9818/1029 

vt 6.33216 -0.22905
vt 6.30537 -0.22905
vt 6.31055 -0.284728
vt 6.327 -0.284728
f 1840/9819/142 1841/9820/142 3456/9821/142 3455/9822/142 

vt 5.97611 -1.37236
vt 5.9493 -1.37236
vt 5.95449 -1.42804
vt 5.97093 -1.42804
f 1841/9823/143 1843/9824/143 3457/9825/143 3456/9826/143 

vt 5.2137 -2.41155
vt 5.18689 -2.41155
vt 5.19207 -2.46723
vt 5.20851 -2.46723
f 1843/9827/369 1845/9828/369 3458/9829/369 3457/9830/369 

vt 4.09689 -3.2758
vt 4.07008 -3.2758
vt 4.07526 -3.33148
vt 4.09171 -3.33148
f 1845/9831/172 1848/9832/172 3459/9833/172 3458/9834/172 

vt 2.7018 -3.90621
vt 2.67499 -3.90621
vt 2.68017 -3.96189
vt 2.69661 -3.96189
f 1848/9835/173 1850/9836/173 3460/9837/173 3459/9838/173 

vt -2.03011 4.27728
vt -2.05692 4.27728
vt -2.05174 4.2216
vt -2.03529 4.2216
f 1824/9839/153 1825/9840/153 1984/9841/153 1983/9842/153 

v 139.58 0 -20.5812
vt -3.46915 3.76284
vt -3.49596 3.76284
vt -3.49077 3.70717
vt -3.47433 3.70717
f 3483/9843/152 1824/9844/152 1983/9845/152 1982/9846/152 

vt 6.13486 1.21384
v 139.73 0 -13.984
vt 6.14079 0.954106
f 3483/9847/3 3484/9848/3 1824/4237/3

v 139.431 0 -14.7076
vt 6.12899 0.982592
f 3483/9847/3 3485/9849/3 3484/9848/3

v 139.165 0 -20.0409
vt 6.11854 1.19257
f 3486/9850/3 3485/9849/3 3483/9847/3

v 138.954 0 -15.3289
vt 6.11022 1.00705
f 3486/9850/3 3487/9851/3 3485/9849/3

v 138.625 0 -19.6264
vt 6.09727 1.17625
f 3488/9852/3 3487/9851/3 3486/9850/3

v 138.333 0 -15.8056
vt 6.08576 1.02582
f 3488/9852/3 3489/9853/3 3487/9851/3

v 137.996 0 -19.3658
vt 6.0725 1.16599
f 3490/9854/3 3489/9853/3 3488/9852/3

v 137.609 0 -16.1053
vt 6.05727 1.03762
f 3490/9854/3 3491/9855/3 3489/9853/3

v 137.321 0 -19.2769
vt 6.04593 1.16249
f 3492/9856/3 3491/9855/3 3490/9854/3

f 3492/9856/3 1967/4530/3 3491/9855/3

f 1966/4529/3 1967/4530/3 3492/9856/3

vt -5.81561 -1.28941
vn 0.0923089 0.707059 -0.701104
vt -5.84246 -1.28941
vt -5.83725 -1.34508
vt -5.82081 -1.34508
f 1966/9857/1030 3492/9858/1030 1977/9859/1030 1975/9860/1030 

vt -6.14595 -0.173439
vt -6.17274 -0.173439
vt -6.16755 -0.229117
vt -6.15111 -0.229117
f 3492/9861/164 3490/9862/164 1979/9863/164 1977/9864/164 

vt -6.05646 0.965005
vt -6.08327 0.965005
vt -6.07809 0.909328
vt -6.06164 0.909328
f 3490/9865/149 3488/9866/149 1980/9867/149 1979/9868/149 

vt -5.55334 2.04828
vt -5.58015 2.04828
vt -5.57497 1.99261
vt -5.55852 1.99261
f 3488/9869/150 3486/9870/150 1981/9871/150 1980/9872/150 

vt -4.67086 3.00257
vt -4.69767 3.00257
vt -4.69248 2.9469
vt -4.67604 2.9469
f 3486/9873/151 3483/9874/151 1982/9875/151 1981/9876/151 

vt -5.08812 -2.30702
vt -5.11491 -2.30702
vt -5.10975 -2.3627
vt -5.09331 -2.3627
f 1964/9877/252 1966/9878/252 1975/9879/252 1965/9880/252 

vt -5.87001 0.11811
vt -5.83918 0.11811
vt -5.83918 0.314961
v 137.609 5 -16.1053
vt -5.87001 0.314961
f 3491/9881/129 1967/9882/125 1968/9883/125 3493/9884/129 

v 136.988 5 -13.7871
vt 6.03281 0.946354
f 1968/4530/3 3494/9885/3 3493/9855/3

v 136.833 5 -13.8076
vt 6.0267 0.947159
f 1968/4530/3 3495/9886/3 3494/9885/3

v 136.677 5 -13.7871
vt 6.02059 0.946354
f 1968/4530/3 3496/9887/3 3495/9886/3

v 136.533 5 -13.7272
vt 6.01489 0.943994
f 1968/4530/3 3497/9888/3 3496/9887/3

v 136.408 5 -13.6318
vt 6.01 0.94024
f 1968/4530/3 3498/9889/3 3497/9888/3

v 136.313 5 -13.5076
vt 6.00624 0.935348
f 1968/4530/3 3499/9890/3 3498/9889/3

f 1968/4530/3 1969/4535/3 3499/9890/3

vt 3.16264 0.314961
vt 3.15647 0.314961
vt 3.15647 0
v 136.313 -3 -13.5076
vt 3.16264 0
f 3499/9891/2 1969/9892/135 1970/9893/135 3500/9894/2 

vt -6.00624 0.935348
f 1970/4541/75 1971/4540/75 3500/9895/75

v 136.408 -3 -13.6318
vt -6.01 0.94024
f 3500/9895/75 1971/4540/75 3501/9896/75

v 136.533 -3 -13.7272
vt -6.01489 0.943994
f 3501/9896/75 1971/4540/75 3502/9897/75

vt -6.02961 1.20434
f 3502/9897/75 1971/4540/75 1976/9898/75

v 136.677 -3 -13.7871
vt -6.02059 0.946354
f 3502/9897/75 1976/9898/75 3503/9899/75

v 136.833 -3 -13.8076
vt -6.0267 0.947159
f 3503/9899/75 1976/9898/75 3504/9900/75

v 136.988 -3 -13.7871
vt -6.03281 0.946354
f 3504/9900/75 1976/9898/75 3505/9901/75

vt -6.04591 1.2022
f 3505/9901/75 1976/9898/75 1978/9902/75

v 137.133 -3 -13.7272
vt -6.03851 0.943994
f 3505/9901/75 1978/9902/75 3506/9903/75

v 137.257 -3 -13.6318
vt -6.0434 0.94024
f 3506/9903/75 1978/9902/75 3507/9904/75

v 137.352 -3 -13.5076
vt -6.04716 0.935348
f 3507/9904/75 1978/9902/75 3508/9905/75

f 3508/9905/75 1978/9902/75 876/1862/75

v 137.412 -3 -13.3629
vt -6.04952 0.929651
f 3508/9905/75 876/1862/75 3509/9906/75

f 3509/9906/75 876/1862/75 877/1863/75

v 137.433 5 -13.2076
vt -0.12591 0.314961
v 137.412 5 -13.3629
vt -0.132077 0.314961
vt -0.132077 0
vt -0.12591 0
f 3510/9907/118 3511/9908/256 3509/9909/256 877/9910/118 

vt 6.04952 0.929651
vt 6.05032 0.923537
f 3493/9855/3 3511/9911/3 3510/9912/3

v 137.352 5 -13.5076
vt 6.04716 0.935348
f 3493/9855/3 3512/9913/3 3511/9911/3

v 137.257 5 -13.6318
vt 6.0434 0.94024
f 3493/9855/3 3513/9914/3 3512/9913/3

v 137.133 5 -13.7272
vt 6.03851 0.943994
f 3493/9855/3 3514/9915/3 3513/9914/3

f 3493/9855/3 3494/9885/3 3514/9915/3

vt 5.21761 0.314961
vt 5.21144 0.314961
vt 5.21144 0
vt 5.21761 0
f 3514/9916/253 3494/9917/136 3505/9918/136 3506/9919/253 

vt 5.85768 0.314961
vt 5.85151 0.314961
vt 5.85151 0
vt 5.85768 0
f 3494/9920/136 3495/9921/137 3504/9922/137 3505/9923/136 

vt 6.09877 0.314961
vt 6.0926 0.314961
vt 6.0926 0
vt 6.09877 0
f 3495/9924/137 3496/9925/145 3503/9926/145 3504/9927/137 

vt 5.92445 0.314961
vt 5.91828 0.314961
vt 5.91828 0
vt 5.92445 0
f 3496/9928/145 3497/9929/130 3502/9930/130 3503/9931/145 

vt 5.3466 0.314961
vt 5.34043 0.314961
vt 5.34043 0
vt 5.3466 0
f 3497/9932/130 3498/9933/1 3501/9934/1 3502/9935/130 

vt 4.4046 0.314961
vt 4.39843 0.314961
vt 4.39843 0
vt 4.4046 0
f 3498/9936/1 3499/9937/2 3500/9938/2 3501/9939/1 

vt 4.22217 0.314961
vt 4.21601 0.314961
vt 4.21601 0
vt 4.22217 0
f 3513/9940/258 3514/9941/253 3506/9942/253 3507/9943/258 

vt 2.93921 0.314961
vt 2.93305 0.314961
vt 2.93305 0
vt 2.93921 0
f 3512/9944/257 3513/9945/258 3507/9946/258 3508/9947/257 

vt 1.45616 0.314961
vt 1.45 0.314961
vt 1.45 0
vt 1.45616 0
f 3511/9948/256 3512/9949/257 3508/9950/257 3509/9951/256 

f 3493/9855/3 3510/9912/3 1817/1903/3

v 137.412 5 -13.0523
vt 6.04952 0.917423
f 3515/9952/3 1817/1903/3 3510/9912/3

v 137.352 5 -12.9076
vt 6.04716 0.911726
f 3516/9953/3 1817/1903/3 3515/9952/3

v 137.257 5 -12.7833
vt 6.0434 0.906834
f 3517/9954/3 1817/1903/3 3516/9953/3

v 137.133 5 -12.688
vt 6.03851 0.90308
f 3518/9955/3 1817/1903/3 3517/9954/3

v 136.988 5 -12.628
vt 6.03281 0.90072
f 3519/9956/3 1817/1903/3 3518/9955/3

v 136.833 5 -12.6076
vt 6.0267 0.899915
f 3520/9957/3 1817/1903/3 3519/9956/3

f 3520/9957/3 1816/1902/3 1817/1903/3

v 136.677 5 -12.628
vt 6.02059 0.90072
f 3521/9958/3 1816/1902/3 3520/9957/3

v 136.533 5 -12.688
vt 6.01489 0.90308
f 3522/9959/3 1816/1902/3 3521/9958/3

v 136.408 5 -12.7833
vt 6.01 0.906834
f 3523/9960/3 1816/1902/3 3522/9959/3

v 136.313 5 -12.9076
vt 6.00624 0.911726
f 3524/9961/3 1816/1902/3 3523/9960/3

f 1936/4472/3 1816/1902/3 3524/9961/3

f 1936/4472/3 1814/4209/3 1816/1902/3

vt -1.45 0.314961
vt -1.45616 0.314961
vt -1.45616 0
vt -1.45 0
f 1936/9962/131 3524/9963/132 887/9964/132 888/9965/131 

vt -2.93305 0.314961
vt -2.93921 0.314961
vt -2.93921 0
vt -2.93305 0
f 3524/9966/132 3523/9967/133 886/9968/133 887/9969/132 

vt -4.21601 0.314961
vt -4.22217 0.314961
vt -4.22217 0
vt -4.21601 0
f 3523/9970/133 3522/9971/134 885/9972/134 886/9973/133 

vt -5.21144 0.314961
vt -5.21761 0.314961
vt -5.21761 0
vt -5.21144 0
f 3522/9974/134 3521/9975/129 884/9976/129 885/9977/134 

vt -5.85151 0.314961
vt -5.85768 0.314961
vt -5.85768 0
vt -5.85151 0
f 3521/9978/129 3520/9979/125 883/9980/125 884/9981/129 

vt -6.0926 0.314961
vt -6.09877 0.314961
vt -6.09877 0
vt -6.0926 0
f 3520/9982/125 3519/9983/126 882/9984/126 883/9985/125 

vt -5.91828 0.314961
vt -5.92445 0.314961
vt -5.92445 0
vt -5.91828 0
f 3519/9986/126 3518/9987/127 881/9988/127 882/9989/126 

vt -5.34043 0.314961
vt -5.3466 0.314961
vt -5.3466 0
vt -5.34043 0
f 3518/9990/127 3517/9991/128 880/9992/128 881/9993/127 

vt -4.39843 0.314961
vt -4.4046 0.314961
vt -4.4046 0
vt -4.39843 0
f 3517/9994/128 3516/9995/4 879/9996/4 880/9997/128 

vt -3.15647 0.314961
vt -3.16264 0.314961
vt -3.16264 0
vt -3.15647 0
f 3516/9998/4 3515/9999/254 878/10000/254 879/10001/4 

vt -1.6992 0.314961
vt -1.70536 0.314961
vt -1.70536 0
vt -1.6992 0
f 3515/10002/254 3510/10003/118 877/10004/118 878/10005/254 

f 3493/9855/3 1817/1903/3 1818/1904/3

v 138.333 5 -15.8056
f 3493/9855/3 1818/1904/3 3525/9853/3

f 3525/9853/3 1818/1904/3 1819/1905/3

v 138.954 5 -15.3289
f 3525/9853/3 1819/1905/3 3526/9851/3

f 3526/9851/3 1819/1905/3 1821/4234/3

v 139.431 5 -14.7076
f 3526/9851/3 1821/4234/3 3527/9849/3

v 139.73 5 -12.4311
f 3527/9849/3 1821/4234/3 3528/4235/3

vt 3.14414 0.11811
vt 3.17497 0.11811
vt 3.17497 0.314961
vt 3.14414 0.314961
f 1820/10006/2 1822/10007/135 3528/10008/135 1821/10009/2 

vt 1.68686 0.11811
vt 1.71769 0.11811
v 139.833 5 -13.2076
vt 1.71769 0.314961
vt 1.68686 0.314961
f 1822/10010/135 1823/10011/857 3529/10012/857 3528/10013/135 

vt 0.113577 0.11811
vt 0.14441 0.11811
v 139.73 5 -13.984
vt 0.14441 0.314961
vt 0.113577 0.314961
f 1823/10014/857 3484/10015/131 3530/10016/131 3529/10017/857 

f 1824/4237/3 3484/9848/3 1823/4236/3

vt -1.4685 0.11811
vt -1.43767 0.11811
vt -1.43767 0.314961
vt -1.4685 0.314961
f 3484/10018/131 3485/10019/132 3527/10020/132 3530/10021/131 

vt -2.95155 0.11811
vt -2.92072 0.11811
vt -2.92072 0.314961
vt -2.95155 0.314961
f 3485/10022/132 3487/10023/133 3526/10024/133 3527/10025/132 

vt -4.23451 0.11811
vt -4.20367 0.11811
vt -4.20367 0.314961
vt -4.23451 0.314961
f 3487/10026/133 3489/10027/134 3525/10028/134 3526/10029/133 

vt -5.22994 0.11811
vt -5.19911 0.11811
vt -5.19911 0.314961
vt -5.22994 0.314961
f 3489/10030/134 3491/10031/129 3493/10032/129 3525/10033/134 

f 3527/9849/3 3528/4235/3 3530/9848/3

f 3530/9848/3 3528/4235/3 3529/4236/3

vt -5.94995 1.6834
vt -5.97611 1.6834
vt -5.97093 1.62772
vt -5.95449 1.62772
f 3476/10034/150 3477/10035/150 3445/10036/150 3444/10037/150 

vt -6.33281 0.539162
vn -0.271046 0.705542 -0.654786
vt -6.327 0.483604
vn -0.271178 0.705588 -0.654682
vt -6.31055 0.483604
f 3476/10038/1031 3444/10039/1032 3443/10040/1031

vt -6.31083 0.481526
vt -6.30499 0.537077
vn -0.270915 0.705496 -0.65489
vt -6.3331 0.537077
f 3443/10041/1031 3473/10042/1033 3476/10043/1031

f 1852/4265/3 1954/4500/3 1850/4263/3

f 928/1939/3 930/1941/3 1804/4194/3

vt -0.14441 0.11811
vt -0.113577 0.11811
vt -0.113577 0.314961
vt -0.14441 0.314961
f 1804/10044/541 1805/10045/256 1944/10046/256 1945/10047/541 

vt 1.43767 0.11811
vt 1.4685 0.11811
vt 1.4685 0.314961
vt 1.43767 0.314961
f 1805/10048/256 1806/10049/257 1942/10050/257 1944/10051/256 

vt 2.92072 0.11811
vt 2.95155 0.11811
vt 2.95155 0.314961
vt 2.92072 0.314961
f 1806/10052/257 1807/10053/258 1940/10054/258 1942/10055/257 

vt 4.20367 0.11811
vt 4.23451 0.11811
vt 4.23451 0.314961
vt 4.20367 0.314961
f 1807/10056/258 1808/10057/253 1815/10058/253 1940/10059/258 

vt 5.73045 -2.13117
vt 5.70364 -2.13117
vt 5.70882 -2.18685
vt 5.72527 -2.18685
f 1891/10060/369 1893/10061/369 1895/10062/369 1926/10063/369 

vt 6.37263 -1.00696
vt 6.34582 -1.00696
vt 6.351 -1.06264
vt 6.36745 -1.06264
f 1889/10064/143 1891/10065/143 1926/10066/143 1924/10067/143 

vt 6.58117 0.196467
vt 6.55463 0.196467
vt 6.55982 0.140789
vt 6.57626 0.140789
f 1888/10068/142 1889/10069/142 1924/10070/142 1922/10071/142 

vt 6.34292 1.39593
vn 0.0923805 0.706458 0.7017
vt 6.31557 1.39593
vt 6.32103 1.3403
vt 6.33747 1.3403
f 1885/10072/1034 1888/10073/1034 1922/10074/1034 1920/10075/1034 

vt 5.67254 2.51313
vt 5.64601 2.51313
vt 5.65091 2.45746
vt 5.66735 2.45746
f 1883/10076/140 1885/10077/140 1920/10078/140 1918/10079/140 

vt 4.61676 3.46849
vt 4.58995 3.46849
vt 4.59513 3.41281
vt 4.61158 3.41281
f 1881/10080/309 1883/10081/309 1918/10082/309 1916/10083/309 

vt 3.24804 4.19808
vt 3.22046 4.19808
vt 3.22564 4.1424
vt 3.24209 4.1424
f 1879/10084/138 1881/10085/138 1916/10086/138 1914/10087/138 

vt 1.65665 4.66363
vn -0.559565 0.708892 0.42937
vt 1.63133 4.66363
vt 1.63577 4.60782
vt 1.65222 4.60782
f 1878/10088/1035 1879/10089/1035 1914/10090/1035 1912/10091/1035 

vt -0.0445071 4.79982
vt -0.0720888 4.79982
vt -0.0661345 4.74414
vt -0.0496903 4.74414
f 1874/10092/371 1878/10093/371 1912/10094/371 1875/10095/371 

vt -1.3912 0.11811
vt -1.32411 0.11811
vt -1.32411 0.369026
vt -1.3912 0.369026
f 1812/10096/516 1809/10097/515 1810/10098/515 1811/10099/516 

vt 1.17551 -3.65103
vt 1.14412 -3.65103
vt 1.14671 -3.67887
v 127.459 5.87327 -0.880034
vt 1.17292 -3.67887
f 1780/10100/173 1751/10101/173 1753/10102/173 3531/10103/173 

vt 1.14671 0.349341
vn 1 4.33815e-15 2.23961e-16
v 127.372 3.27327 -0.220045
vt 1.14671 0.246979
v 127.459 3.27327 -0.880034
vt 1.17292 0.246979
vn 0.965926 6.21399e-15 0.258819
vt 1.17292 0.349341
f 1753/10104/1036 3532/10105/1036 3533/10106/1037 3531/10107/1037 

vt -0.355541 0.349341
vn 0.965926 6.20318e-15 -0.258819
v 127.459 3.27327 0.439943
vt -0.355541 0.246979
vt -0.329333 0.246979
vt -0.329333 0.349341
f 1752/10108/1038 3534/10109/1038 3532/10110/1036 1753/10111/1036 

vt -1.83446 0.349341
vn 0.866025 7.48643e-15 -0.5
v 127.713 3.27327 1.05495
vt -1.83446 0.246979
vt -1.80825 0.246979
vt -1.80825 0.349341
f 1754/10112/1039 3535/10113/1039 3534/10114/1038 1752/10115/1038 

vt -3.18926 0.349341
vn 0.707107 4.74197e-15 -0.707107
v 128.119 3.27327 1.58308
vt -3.18926 0.246979
vt -3.16305 0.246979
vt -3.16305 0.349341
f 1755/10116/1040 3536/10117/1040 3535/10118/1039 1754/10119/1039 

vt -4.32761 0.349341
vn 0.5 1.25831e-15 -0.866025
v 128.647 3.27327 1.98832
vt -4.32761 0.246979
vt -4.3014 0.246979
vt -4.3014 0.349341
f 1756/10120/1041 3537/10121/1041 3536/10122/1040 1755/10123/1040 

vt -5.17193 0.349341
vn 0.258819 -6.49663e-17 -0.965926
v 129.262 3.27327 2.24307
vt -5.17193 0.246979
vt -5.14572 0.246979
vt -5.14572 0.349341
f 1757/10124/1042 3538/10125/1042 3537/10126/1041 1756/10127/1041 

vt -5.66468 0.349341
vn 4.47921e-16 -3.86927e-16 -1
v 129.922 3.27327 2.32995
vt -5.66468 0.246979
vt -5.63847 0.246979
vt -5.63847 0.349341
f 1758/10128/1043 3539/10129/1043 3538/10130/1042 1757/10131/1042 

vt -5.77229 0.349341
vn -0.258819 -1.22336e-15 -0.965926
v 130.582 3.27327 2.24307
vt -5.77229 0.246979
vt -5.74609 0.246979
vt -5.74609 0.349341
f 1759/10132/1044 3540/10133/1044 3539/10134/1043 1758/10135/1043 

vt -5.48742 0.349341
vn -0.5 -8.70066e-16 -0.866025
v 131.197 3.27327 1.98832
vt -5.48742 0.246979
vt -5.46122 0.246979
vt -5.46122 0.349341
f 1760/10136/1045 3541/10137/1045 3540/10138/1044 1759/10139/1044 

vt -4.82949 0.349341
vn -0.707107 -1.27069e-17 -0.707107
v 131.725 3.27327 1.58308
vt -4.82949 0.246979
vt -4.80328 0.246979
vt -4.80328 0.349341
f 1761/10140/1046 3542/10141/1046 3541/10142/1045 1760/10143/1045 

vt -3.84333 0.349341
vn -0.866025 -2.26918e-17 -0.5
v 132.13 3.27327 1.05495
vt -3.84333 0.246979
vt -3.81712 0.246979
vt -3.81712 0.349341
f 1762/10144/1047 3543/10145/1047 3542/10146/1046 1761/10147/1046 

vt -2.59614 0.349341
vn -0.965926 -1.13471e-17 -0.258819
v 132.385 3.27327 0.439943
vt -2.59614 0.246979
vt -2.56993 0.246979
vt -2.56993 0.349341
f 1763/10148/1048 3544/10149/1048 3543/10150/1047 1762/10151/1047 

vt -1.17292 0.349341
vn -1 -4.08678e-18 -4.19926e-17
v 132.472 3.27327 -0.220045
vt -1.17292 0.246979
vt -1.14671 0.246979
vt -1.14671 0.349341
f 1764/10152/1049 3545/10153/1049 3544/10154/1048 1763/10155/1048 

vt 0.329333 0.349341
vn -0.965926 -1.47064e-17 0.258819
v 132.385 3.27327 -0.880034
vt 0.329333 0.246979
vt 0.355541 0.246979
vt 0.355541 0.349341
f 1766/10156/1050 3546/10157/1050 3545/10158/1049 1764/10159/1049 

v 132.13 5.87327 -1.49505
vt 1.80825 0.349341
vn -0.866025 -2.46887e-17 0.5
v 132.13 3.27327 -1.49505
vt 1.80825 0.246979
vt 1.83446 0.246979
vt 1.83446 0.349341
f 3547/10160/1051 3548/10161/1051 3546/10162/1050 1766/10163/1050 

v 131.725 5.87327 -2.02317
vt 3.16305 0.349341
vn -0.707107 -3.96168e-17 0.707107
v 131.725 3.27327 -2.02317
vt 3.16305 0.246979
vt 3.18926 0.246979
vt 3.18926 0.349341
f 3549/10164/1052 3550/10165/1052 3548/10166/1051 3547/10167/1051 

v 131.197 5.87327 -2.42841
vt 4.3014 0.349341
vn -0.5 -5.82472e-17 0.866025
v 131.197 3.27327 -2.42841
vt 4.3014 0.246979
vt 4.32761 0.246979
vt 4.32761 0.349341
f 3551/10168/1053 3552/10169/1053 3550/10170/1052 3549/10171/1052 

v 130.582 5.87327 -2.68316
vt 5.14572 0.349341
vn -0.258819 -6.5613e-17 0.965926
v 130.582 3.27327 -2.68316
vt 5.14572 0.246979
vt 5.17193 0.246979
vt 5.17193 0.349341
f 3553/10172/1054 3554/10173/1054 3552/10174/1053 3551/10175/1053 

v 129.922 5.87327 -2.77005
vt 5.63847 0.349341
vn -1.7077e-15 -6.79048e-17 1
v 129.922 3.27327 -2.77005
vt 5.63847 0.246979
vt 5.66468 0.246979
vt 5.66468 0.349341
f 3555/10176/1055 3556/10177/1055 3554/10178/1054 3553/10179/1054 

v 129.262 5.87327 -2.68316
vt 5.74609 0.349341
vn 0.258819 -6.49663e-17 0.965926
v 129.262 3.27327 -2.68316
vt 5.74609 0.246979
vt 5.77229 0.246979
vt 5.77229 0.349341
f 3557/10180/1056 3558/10181/1056 3556/10182/1055 3555/10183/1055 

v 128.647 5.87327 -2.42841
vt 5.46122 0.349341
vn 0.5 -5.82472e-17 0.866025
v 128.647 3.27327 -2.42841
vt 5.46122 0.246979
vt 5.48742 0.246979
vt 5.48742 0.349341
f 3559/10184/1057 3560/10185/1057 3558/10186/1056 3557/10187/1056 

v 128.119 5.87327 -2.02317
vt 4.80328 0.349341
vn 0.707107 1.70775e-15 0.707107
v 128.119 3.27327 -2.02317
vt 4.80328 0.246979
vt 4.82949 0.246979
vt 4.82949 0.349341
f 3561/10188/1058 3562/10189/1058 3560/10190/1057 3559/10191/1057 

v 127.713 5.87327 -1.49505
vt 3.81712 0.349341
vn 0.866025 5.77957e-15 0.5
v 127.713 3.27327 -1.49505
vt 3.81712 0.246979
vt 3.84333 0.246979
vt 3.84333 0.349341
f 3563/10192/1059 3564/10193/1059 3562/10194/1058 3561/10195/1058 

vt 2.56993 0.349341
vt 2.56993 0.246979
vt 2.59614 0.246979
vt 2.59614 0.349341
f 3531/10196/1037 3533/10197/1037 3564/10198/1059 3563/10199/1059 

vt 5.85159 0.438201
vt 5.84156 0.462414
vt 5.8256 0.483206
vt 5.80481 0.499161
vt 5.7806 0.50919
vt 5.75462 0.512611
vt 5.72863 0.50919
vt 5.70442 0.499161
vt 5.68363 0.483206
vt 5.66767 0.462414
vt 5.65764 0.438201
vt 5.65422 0.412217
vt 5.65764 0.386233
vt 5.66767 0.36202
vt 5.68363 0.341228
vt 5.70442 0.325274
vt 5.72863 0.315244
vt 5.75462 0.311824
vt 5.7806 0.315244
vt 5.80481 0.325274
vt 5.8256 0.341228
vt 5.84156 0.36202
vt 5.85159 0.386233
vt 5.85501 0.412217
f 3546/10200/3 3548/10201/3 3550/10202/3 3552/10203/3 3554/10204/3 3556/10205/3 3558/10206/3 3560/10207/3 3562/10208/3 3564/10209/3 3533/10210/3 3532/10211/3 3534/10212/3 3535/10213/3 3536/10214/3 3537/10215/3 3538/10216/3 3539/10217/3 3540/10218/3 3541/10219/3 3542/10220/3 3543/10221/3 3544/10222/3 3545/10223/3 

vt 2.59873 -3.3026
vt 2.56734 -3.3026
vt 2.56993 -3.33044
vt 2.59614 -3.33044
f 1778/10224/172 1780/10225/172 3531/10226/172 3563/10227/172 

vt 3.84592 -2.70557
vt 3.81453 -2.70557
vt 3.81712 -2.73341
vt 3.84333 -2.73341
f 1777/10228/369 1778/10229/369 3563/10230/369 3561/10231/369 

vt 4.83208 -1.90064
vt 4.80069 -1.90064
vt 4.80328 -1.92848
vt 4.82949 -1.92848
f 1776/10232/143 1777/10233/143 3561/10234/143 3559/10235/143 

vt 5.49002 -0.942652
vt 5.45862 -0.942652
vt 5.46122 -0.97049
vt 5.48742 -0.97049
f 1774/10236/142 1776/10237/142 3559/10238/142 3557/10239/142 

vt 5.77488 0.103102
vt 5.74349 0.103102
vt 5.74609 0.0752636
vt 5.77229 0.0752636
f 1773/10240/141 1774/10241/141 3557/10242/141 3555/10243/141 

vt 5.66727 1.16536
vt 5.63588 1.16536
vt 5.63847 1.13752
vt 5.66468 1.13752
f 1771/10244/140 1773/10245/140 3555/10246/140 3553/10247/140 

vt 5.17452 2.17172
vt 5.14313 2.17172
vt 5.14572 2.14389
vt 5.17193 2.14389
f 1770/10248/309 1771/10249/309 3553/10250/309 3551/10251/309 

vt 4.3302 3.05362
vt 4.29881 3.05362
vt 4.3014 3.02578
vt 4.32761 3.02578
f 1769/10252/138 1770/10253/138 3551/10254/138 3549/10255/138 

vt 3.19185 3.75094
vt 3.16046 3.75094
vt 3.16305 3.7231
vt 3.18926 3.7231
f 1767/10256/308 1769/10257/308 3549/10258/308 3547/10259/308 

vt 1.83705 4.21617
vt 1.80566 4.21617
vt 1.80825 4.18833
vt 1.83446 4.18833
f 1765/10260/371 1767/10261/371 3547/10262/371 1766/10263/371 

vt -2.13892 3.33132
f 1585/10264/75 819/1805/75 1584/3589/75

vt -2.13892 4.05467
f 1585/10264/75 1520/10265/75 819/1805/75

vt -2.13263 4.03948
f 1585/10264/75 1518/10266/75 1520/10265/75

vt -2.13263 3.34651
f 1586/10267/75 1518/10266/75 1585/10264/75

vt -2.12262 3.35956
f 1587/10268/75 1518/10266/75 1586/10267/75

vt -2.12262 4.02643
f 1587/10268/75 1516/10269/75 1518/10266/75

vt -2.10957 4.01642
f 1587/10268/75 1514/10270/75 1516/10269/75

vt -2.10957 3.36957
f 1588/10271/75 1514/10270/75 1587/10268/75

vt -2.09438 4.01013
f 1588/10271/75 1512/10272/75 1514/10270/75

vt -2.09438 3.37586
f 1589/10273/75 1512/10272/75 1588/10271/75

vt -2.07808 4.00798
f 1589/10273/75 1510/10274/75 1512/10272/75

vt -2.07808 3.37801
f 1590/10275/75 1510/10274/75 1589/10273/75

vt -2.06177 3.37586
f 1591/10276/75 1510/10274/75 1590/10275/75

vt -2.06177 4.01013
f 1591/10276/75 1508/10277/75 1510/10274/75

vt -2.04658 4.01642
f 1591/10276/75 1506/10278/75 1508/10277/75

vt -2.04658 3.36957
f 1592/10279/75 1506/10278/75 1591/10276/75

f 1593/3556/75 1506/10278/75 1592/10279/75

vt -2.03353 4.02643
f 1593/3556/75 1504/10280/75 1506/10278/75

f 1593/3556/75 1502/3555/75 1504/10280/75

vt 3.77831 -1.67707
vt 3.7515 -1.67707
vt 3.75668 -1.73275
vt 3.77313 -1.73275
f 308/10281/156 1544/10282/156 1499/10283/156 1497/10284/156 

vt 2.97925 -2.30365
vt 2.95244 -2.30365
vt 2.95762 -2.35933
vt 2.97407 -2.35933
f 1544/10285/157 1543/10286/157 1501/10287/157 1499/10288/157 

vt 1.97808 -2.76264
vt 1.95126 -2.76264
vt 1.95645 -2.81832
vt 1.97289 -2.81832
f 1543/10289/158 1541/10290/158 1503/10291/158 1501/10292/158 

vt 0.84301 -3.02277
vt 0.816199 -3.02277
vt 0.821383 -3.07845
vt 0.837827 -3.07845
f 1541/10293/159 1539/10294/159 1505/10295/159 1503/10296/159 

vt -0.348591 -3.0663
vt -0.375402 -3.0663
vt -0.370219 -3.12198
vt -0.353774 -3.12198
f 1539/10297/252 1536/10298/252 1507/10299/252 1505/10300/252 

vt -1.51552 -2.89027
vt -1.54233 -2.89027
vt -1.53715 -2.94595
vt -1.52071 -2.94595
f 1536/10301/147 1535/10302/147 1509/10303/147 1507/10304/147 

vt -2.57826 -2.50667
vt -2.60507 -2.50667
vt -2.59989 -2.56235
vt -2.58344 -2.56235
f 1535/10305/164 1533/10306/164 1511/10307/164 1509/10308/164 

vt -3.46438 -1.94165
vt -3.49119 -1.94165
vt -3.48601 -1.99733
vt -3.46956 -1.99733
f 1533/10309/149 1531/10310/149 1513/10311/149 1511/10312/149 

vt -4.1135 -1.23371
vt -4.14031 -1.23371
vt -4.13512 -1.28939
vt -4.11868 -1.28939
f 1531/10313/150 1528/10314/150 1515/10315/150 1513/10316/150 

vt -4.48137 -0.431103
vt -4.50818 -0.431103
vt -4.503 -0.48678
vt -4.48655 -0.48678
f 1528/10317/151 1526/10318/151 1517/10319/151 1515/10320/151 

vt -4.54293 0.411487
vt -4.56974 0.411487
vt -4.56456 0.355809
vt -4.54811 0.355809
f 1526/10321/152 1524/10322/152 1519/10323/152 1517/10324/152 

vt 4.3208 -0.925599
vt 4.29399 -0.925599
vt 4.29917 -0.981277
vt 4.31561 -0.981277
f 307/10325/173 308/10326/173 1497/10327/173 1495/10328/173 

vt 4.56974 -0.100454
vt 4.54293 -0.100454
vt 4.54811 -0.156131
vt 4.56456 -0.156131
f 306/10329/172 307/10330/172 1495/10331/172 1493/10332/172 

vt 4.50818 0.742136
vt 4.48137 0.742136
vt 4.48655 0.686458
vt 4.503 0.686458
f 304/10333/369 306/10334/369 1493/10335/369 305/10336/369 

vt -0.769507 3.33132
f 544/10337/75 811/1797/75 543/3225/75

v 3.29995 -3 -92.7384
vt -0.769507 4.05467
f 544/10337/75 3565/10338/75 811/1797/75

v 3.14011 -3 -92.3525
vt -0.763214 4.03948
f 544/10337/75 3566/10339/75 3565/10338/75

vt -0.763214 3.34651
f 546/10340/75 3566/10339/75 544/10337/75

v 2.88584 -3 -92.0211
vt -0.753204 4.02643
f 546/10340/75 3567/10341/75 3566/10339/75

vt -0.753204 3.35956
f 548/10342/75 3567/10341/75 546/10340/75

v 2.55447 -3 -91.7669
vt -0.740157 4.01642
f 548/10342/75 3568/10343/75 3567/10341/75

vt -0.740157 3.36957
f 550/10344/75 3568/10343/75 548/10342/75

vt -0.724965 3.37586
f 552/10345/75 3568/10343/75 550/10344/75

v 2.16858 -3 -91.607
vt -0.724965 4.01013
f 552/10345/75 3569/10346/75 3568/10343/75

vt -0.708661 3.37801
f 554/10347/75 3569/10346/75 552/10345/75

v 1.75447 -3 -91.5525
vt -0.708661 4.00798
f 554/10347/75 3570/10348/75 3569/10346/75

v 1.34036 -3 -91.607
vt -0.692358 4.01013
f 554/10347/75 3571/10349/75 3570/10348/75

vt -0.692358 3.37586
f 556/10350/75 3571/10349/75 554/10347/75

v 0.954467 -3 -91.7669
vt -0.677165 4.01642
f 556/10350/75 3572/10351/75 3571/10349/75

vt -0.677165 3.36957
f 558/10352/75 3572/10351/75 556/10350/75

f 560/1098/75 3572/10351/75 558/10352/75

f 560/1098/75 561/1097/75 3572/10351/75

v 0.954467 -1 -91.7669
vt 1.90781 0.0787402
vn 0.5 6.4741e-19 -0.866025
vt 1.90781 4.66568e-16
vt 1.92426 4.66568e-16
vn 0.707107 2.68433e-18 -0.707107
v 0.623096 -1 -92.0211
vt 1.92426 0.0787402
f 3573/10353/1060 3572/10354/1060 561/10355/1061 3574/10356/1061 

v 1.34036 -1 -91.607
vt 0.894955 0.0787402
vt 0.894955 5.01757e-16
vt 0.911399 5.01757e-16
vt 0.911399 0.0787402
f 3575/10357/229 3571/10358/229 3572/10359/1060 3573/10360/1060 

v 1.75447 -1 -91.5525
vt -0.179452 0.0787402
vn 9.79828e-17 -5.11196e-34 -1
vt -0.179452 4.85723e-16
vt -0.163008 4.85723e-16
vt -0.163008 0.0787402
f 3576/10361/1062 3570/10362/1062 3571/10363/229 3575/10364/229 

v 2.16858 -1 -91.607
vt -1.24219 0.0787402
vt -1.24219 4.85723e-16
vt -1.22575 4.85723e-16
vt -1.22575 0.0787402
f 3577/10365/230 3569/10366/230 3570/10367/1062 3576/10368/1062 

v 2.55447 -1 -91.7669
vt -2.22083 0.0787402
vt -2.22083 4.71879e-16
vt -2.20439 4.71879e-16
vt -2.20439 0.0787402
f 3578/10369/231 3568/10370/231 3569/10371/230 3577/10372/230 

v 2.88584 -1 -92.0211
vt -3.04869 0.0787402
vt -3.04869 4.85723e-16
vt -3.03225 4.85723e-16
vt -3.03225 0.0787402
f 3579/10373/128 3567/10374/128 3568/10375/231 3578/10376/231 

v 3.14011 -1 -92.3525
vt -3.66935 0.0787402
vn -0.866025 8.14468e-32 -0.5
vt -3.66935 4.85723e-16
vt -3.65291 4.85723e-16
vt -3.65291 0.0787402
f 3580/10377/1063 3566/10378/1063 3567/10379/128 3579/10380/128 

v 3.29995 -1 -92.7384
vt -4.04051 0.0787402
vn -0.965926 -5.46472e-19 -0.258819
vt -4.04051 4.85723e-16
vt -4.02406 4.85723e-16
vt -4.02406 0.0787402
f 3581/10381/1064 3565/10382/1064 3566/10383/1063 3580/10384/1063 

v 3.35447 -1 -93.1525
vt -4.13687 0.0787402
vn -1 -6.50754e-32 -3.51338e-15
vt -4.13687 4.85469e-16
vt -4.12042 4.85469e-16
vt -4.12042 0.0787402
f 3582/10385/1065 811/10386/1065 3565/10387/1064 3581/10388/1064 

v 3.29995 -1 -93.5666
vt -3.95187 0.0787402
vn -0.965926 5.46472e-19 0.258819
vt -3.95187 4.87127e-16
vt -3.93543 4.87127e-16
vt -3.93543 0.0787402
f 3583/10389/1066 810/10390/1066 811/10391/1065 3582/10392/1065 

v 3.14011 -1 -93.9525
vt -3.49812 0.0787402
vn -0.866025 -1.02134e-31 0.5
vt -3.49812 4.85723e-16
vt -3.48168 4.85723e-16
vt -3.48168 0.0787402
f 3584/10393/1067 809/10394/1067 810/10395/1066 3583/10396/1066 

v 2.88584 -1 -94.2839
vt -2.80654 0.0787402
vn -0.707107 -1.44588e-33 0.707107
vt -2.80654 4.85723e-16
vt -2.79009 4.85723e-16
vt -2.79009 0.0787402
f 3585/10397/1068 808/10398/1068 809/10399/1067 3584/10400/1067 

v 2.55447 -1 -94.5381
vt -1.92426 0.0787402
vn -0.5 2.03692e-18 0.866025
vt -1.92426 4.85723e-16
vt -1.90781 4.85723e-16
vt -1.90781 0.0787402
f 3586/10401/1069 807/10402/1069 808/10403/1068 3585/10404/1068 

v 2.16858 -1 -94.698
vt -0.911399 0.0787402
vn -0.258819 2.03692e-18 0.965926
vt -0.911399 5.02261e-16
vt -0.894955 5.02261e-16
vt -0.894955 0.0787402
f 3587/10405/1070 806/10406/1070 807/10407/1069 3586/10408/1069 

v 1.75447 -1 -94.7525
vt 0.163008 0.0787402
vn -2.37958e-16 0 1
vt 0.163008 4.85723e-16
vt 0.179452 4.85723e-16
vt 0.179452 0.0787402
f 3588/10409/1071 805/10410/1071 806/10411/1070 3587/10412/1070 

v 1.34036 -1 -94.698
vt 1.22575 0.0787402
vn 0.258819 -2.03692e-18 0.965926
vt 1.22575 4.85723e-16
vt 1.24219 4.85723e-16
vt 1.24219 0.0787402
f 3589/10413/1072 804/10414/1072 805/10415/1071 3588/10416/1071 

v 0.954467 -1 -94.5381
vt 2.20439 0.0787402
vn 0.5 -2.03692e-18 0.866025
v 0.954467 -3 -94.5381
vt 2.20439 4.71375e-16
vt 2.22083 4.71375e-16
vt 2.22083 0.0787402
f 3590/10417/1073 3591/10418/1073 804/10419/1072 3589/10420/1072 

v 0.623096 -1 -94.2839
vt 3.03225 0.0787402
v 0.623096 -3 -94.2839
vt 3.03225 4.85723e-16
vt 3.04869 4.85723e-16
vt 3.04869 0.0787402
f 3592/10421/1 3593/10422/1 3591/10423/1073 3590/10424/1073 

vt 3.65291 0.0787402
vn 0.866025 -9.68245e-32 0.5
v 0.368826 -3 -93.9525
vt 3.65291 4.85723e-16
vt 3.66935 4.85723e-16
vt 3.66935 0.0787402
f 489/10425/1074 3594/10426/1074 3593/10427/1 3592/10428/1 

vt 4.02406 0.0787402
vn 0.965926 -1.30512e-31 0.258819
v 0.208986 -3 -93.5666
vt 4.02406 4.85723e-16
vt 4.04051 4.85723e-16
vt 4.04051 0.0787402
f 488/10429/1075 3595/10430/1075 3594/10431/1074 489/10432/1074 

vt 4.12042 0.0787402
vn 1 -9.70729e-34 -3.9893e-15
vt 4.12042 4.85723e-16
vt 4.13687 4.85723e-16
vt 4.13687 0.0787402
f 490/10433/1076 564/10434/1076 3595/10435/1075 488/10436/1075 

v 0.208986 -1 -92.7384
vt 3.93543 0.0787402
vn 0.965926 -6.22989e-32 -0.258819
vt 3.93543 4.85723e-16
vt 3.95187 4.85723e-16
vt 3.95187 0.0787402
f 3596/10437/1077 563/10438/1077 564/10439/1076 490/10440/1076 

v 0.368826 -1 -92.3525
vt 3.48168 0.0787402
vn 0.866025 -9.42386e-32 -0.5
vt 3.48168 4.85723e-16
vt 3.49812 4.85723e-16
vt 3.49812 0.0787402
f 3597/10441/1078 562/10442/1078 563/10443/1077 3596/10444/1077 

vt 2.79009 0.0787402
vt 2.79009 4.85723e-16
vt 2.80654 4.85723e-16
vt 2.80654 0.0787402
f 3574/10445/1061 561/10446/1061 562/10447/1078 3597/10448/1078 

vt 2.81172 -1.99442
vt 2.78491 -1.99442
vt 2.79009 -2.0501
vt 2.80654 -2.0501
f 527/10449/158 525/10450/158 3574/10451/158 3597/10452/158 

vt 1.92944 -2.43329
vt 1.90263 -2.43329
vt 1.90781 -2.48897
vt 1.92426 -2.48897
f 525/10453/159 523/10454/159 3573/10455/159 3574/10456/159 

vt 0.916582 -2.69574
vt 0.889772 -2.69574
vt 0.894955 -2.75142
vt 0.911399 -2.75142
f 523/10457/252 520/10458/252 3575/10459/252 3573/10460/252 

vt -0.157825 -2.76388
vt -0.184635 -2.76388
vt -0.179452 -2.81956
vt -0.163008 -2.81956
f 520/10461/147 519/10462/147 3576/10463/147 3575/10464/147 

vt -1.22056 -2.63306
vt -1.24737 -2.63306
vt -1.24219 -2.68874
vt -1.22575 -2.68874
f 519/10465/164 517/10466/164 3577/10467/164 3576/10468/164 

vt -2.19921 -2.31221
vt -2.22602 -2.31221
vt -2.22083 -2.36789
vt -2.20439 -2.36789
f 517/10469/149 514/10470/149 3578/10471/149 3577/10472/149 

vt -3.02707 -1.82319
vt -3.05388 -1.82319
vt -3.04869 -1.87887
vt -3.03225 -1.87887
f 514/10473/150 512/10474/150 3579/10475/150 3578/10476/150 

vt -3.64772 -1.19932
vt -3.67453 -1.19932
vt -3.66935 -1.255
vt -3.65291 -1.255
f 512/10477/151 511/10478/151 3580/10479/151 3579/10480/151 

vt -4.01888 -0.483126
vt -4.04727 -0.483126
vt -4.04051 -0.538804
vt -4.02406 -0.538804
f 511/10481/152 509/10482/152 3581/10483/152 3580/10484/152 

vt -4.11677 0.277448
vn -0.697421 0.710755 -0.0918172
vt -4.14052 0.277448
vt -4.13687 0.22148
vt -4.12042 0.22148
f 509/10485/1079 345/10486/1079 3582/10487/1079 3581/10488/1079 

f 509/976/3 447/848/3 345/648/3

f 345/648/3 447/848/3 346/649/3

vt -3.92866 1.02806
v 4.27421 0 -93.8277
vt -3.95705 1.02806
vt -3.95187 0.972386
vt -3.93543 0.972386
f 345/10489/162 3598/10490/162 3583/10491/162 3582/10492/162 

vt 0.807864 4.09756
f 344/647/3 3598/10493/3 345/648/3

v 4.01361 0 -94.4568
vt 0.797604 4.12233
f 344/647/3 3599/10494/3 3598/10493/3

v 3.9818 0 -101.932
vt 0.796352 4.41661
f 3600/10495/3 3599/10494/3 344/647/3

v 3.59905 0 -94.9971
vt 0.781283 4.1436
f 3600/10495/3 3601/10496/3 3599/10494/3

v 3.25816 0 -102.231
vt 0.767862 4.4284
f 3602/10497/3 3601/10496/3 3600/10495/3

v 3.05878 0 -95.4116
vt 0.760012 4.15992
f 3602/10497/3 3603/10498/3 3601/10496/3

v 2.63669 0 -102.708
vt 0.743395 4.44717
f 3604/10499/3 3603/10498/3 3602/10497/3

v 2.42963 0 -95.6722
vt 0.735243 4.17018
f 3604/10499/3 3605/10500/3 3603/10498/3

v 2.15974 0 -103.329
vt 0.724617 4.47162
f 3606/10501/3 3605/10500/3 3604/10499/3

v 1.85981 0 -104.052
vt 0.712809 4.5001
f 3607/10502/3 3605/10500/3 3606/10501/3

v 1.75907 0 -95.7605
vt 0.708843 4.17365
f 3607/10502/3 3608/10503/3 3605/10500/3

f 483/904/3 3608/10503/3 3607/10502/3

v 1.07531 0 -95.6706
vt 0.681923 4.17011
f 3608/10503/3 483/904/3 3609/10504/3

f 483/904/3 485/903/3 3609/10504/3

vt 2.22585 2.62325
vt 2.19921 2.62325
vt 2.20439 2.56757
vt 2.22083 2.56757
f 3609/10505/142 485/10506/142 3590/10507/142 3589/10508/142 

vt 3.05388 2.13422
vt 3.02707 2.13422
vt 3.03225 2.07855
vt 3.04869 2.07855
f 485/10509/143 486/10510/143 3592/10511/143 3590/10512/143 

vt 3.67453 1.51036
vt 3.64772 1.51036
vt 3.65291 1.45468
vt 3.66935 1.45468
f 486/10513/369 487/10514/369 489/10515/369 3592/10516/369 

vt 1.2204 2.94251
vn 0.0923074 0.706699 0.701467
vt 1.22575 2.88686
vn 0.0923476 0.706711 0.70145
vt 1.24219 2.88686
f 3609/10517/1080 3589/10518/1081 3588/10519/1080

vt 1.24171 2.88688
vt 1.24707 2.94252
vn 0.0922671 0.706687 0.701484
vt 1.21992 2.94252
f 3588/10520/1080 3608/10521/1082 3609/10522/1080

vt 0.184635 3.07491
vt 0.158007 3.07491
vt 0.163008 3.01923
vt 0.179452 3.01923
f 3605/10523/140 3608/10524/140 3588/10525/140 3587/10526/140 

vt -0.889772 3.00677
vt -0.916582 3.00677
vt -0.911399 2.95109
vt -0.894955 2.95109
f 3603/10527/309 3605/10528/309 3587/10529/309 3586/10530/309 

vt -1.90263 2.74432
vt -1.92944 2.74432
vt -1.92426 2.68865
vt -1.90781 2.68865
f 3601/10531/138 3603/10532/138 3586/10533/138 3585/10534/138 

vt -2.78491 2.30545
vt -2.81172 2.30545
vt -2.80654 2.24978
vt -2.79009 2.24978
f 3599/10535/308 3601/10536/308 3585/10537/308 3584/10538/308 

vt -3.47649 1.72007
vt -3.5033 1.72007
vt -3.49812 1.66439
vt -3.48168 1.66439
f 3598/10539/371 3599/10540/371 3584/10541/371 3583/10542/371 

vt -4.39899 0.11811
vt -4.36815 0.11811
vn -0.965843 0 0.259126
v 1.85981 5 -104.052
vt -4.36815 0.314961
vt -4.39899 0.314961
f 483/10543/171 3607/10544/1083 3610/10545/1083 484/10546/171 

vt -3.88402 0.11811
vt -3.85318 0.11811
vn -0.865866 0 0.500275
v 2.15974 5 -103.329
vt -3.85318 0.314961
vt -3.88402 0.314961
f 3607/10547/1083 3606/10548/1084 3611/10549/1084 3610/10550/1083 

vt -3.10541 0.11811
vt -3.07458 0.11811
vn -0.706882 0 0.707332
v 2.63669 5 -102.708
vt -3.07458 0.314961
vt -3.10541 0.314961
f 3606/10551/1084 3604/10552/1085 3612/10553/1085 3611/10554/1084 

vt -2.11622 0.11811
vt -2.08539 0.11811
vn -0.499725 0 0.866184
v 3.25816 5 -102.231
vt -2.08539 0.314961
vt -2.11622 0.314961
f 3604/10555/1085 3602/10556/1086 3613/10557/1086 3612/10558/1085 

vt -0.98387 0.11811
vt -0.953037 0.11811
vn -0.258512 0 0.966008
v 3.9818 5 -101.932
vt -0.953037 0.314961
vt -0.98387 0.314961
f 3602/10559/1086 3600/10560/1087 3614/10561/1087 3613/10562/1086 

vt 0.21448 0.11811
vt 0.245313 0.11811
vn 0.000317979 0 1
v 4.75829 5 -101.83
vt 0.245313 0.314961
vt 0.21448 0.314961
f 3600/10563/1087 344/10564/1088 3615/10565/1088 3614/10566/1087 

vt 1.39716 0.11811
vt 1.428 0.11811
vn 0.259126 0 0.965843
v 5.53471 5 -101.932
vt 1.428 0.314961
vt 1.39716 0.314961
f 344/10567/1088 342/10568/1089 3616/10569/1089 3615/10570/1088 

vt 2.48358 0.11811
vt 2.51442 0.11811
vn 0.500275 0 0.865866
v 6.25816 5 -102.232
vt 2.51442 0.314961
vt 2.48358 0.314961
f 342/10571/1089 340/10572/1090 3617/10573/1090 3616/10574/1089 

vt 3.3997 0.11811
vt 3.43053 0.11811
vn 0.707332 0 0.706882
v 6.87933 5 -102.709
vt 3.43053 0.314961
vt 3.3997 0.314961
f 340/10575/1090 337/10576/1091 3618/10577/1091 3617/10578/1090 

vt 4.08308 0.11811
vt 4.11391 0.11811
vn 0.866184 0 0.499725
v 7.35589 5 -103.331
vt 4.11391 0.314961
vt 4.08308 0.314961
f 337/10579/1091 312/10580/1092 3619/10581/1092 3618/10582/1091 

vt 4.48716 0.11811
vt 4.51799 0.11811
vn 0.966008 0 0.258512
v 7.65536 5 -104.054
vt 4.51799 0.314961
vt 4.48716 0.314961
f 312/10583/1092 311/10584/1093 3620/10585/1093 3619/10586/1092 

vt 4.58439 0.11811
vt 4.61522 0.11811
vn 1 0 -0.000317979
v 7.75734 5 -104.831
vt 4.61522 0.314961
vt 4.58439 0.314961
f 311/10587/1093 24/10588/1094 3621/10589/1094 3620/10590/1093 

vt 4.36815 0.11811
vt 4.39899 0.11811
vn 0.965843 0 -0.259126
v 7.65487 5 -105.607
vt 4.39899 0.314961
vt 4.36815 0.314961
f 24/10591/1094 27/10592/1095 3622/10593/1095 3621/10594/1094 

vt 3.85318 0.11811
vt 3.88402 0.11811
vn 0.865866 0 -0.500275
v 7.35493 5 -106.331
vt 3.88402 0.314961
vt 3.85318 0.314961
f 27/10595/1095 28/10596/1096 3623/10597/1096 3622/10598/1095 

vt 3.07458 0.11811
vt 3.10541 0.11811
vn 0.706882 0 -0.707332
v 6.87798 5 -106.952
vt 3.10541 0.314961
vt 3.07458 0.314961
f 28/10599/1096 29/10600/1097 3624/10601/1097 3623/10602/1096 

vt 2.08539 0.11811
vt 2.11622 0.11811
vn 0.499725 0 -0.866184
v 6.25651 5 -107.428
vt 2.11622 0.314961
vt 2.08539 0.314961
f 29/10603/1097 30/10604/1098 3625/10605/1098 3624/10606/1097 

vt 0.953037 0.11811
vt 0.98387 0.11811
vn 0.258512 0 -0.966008
v 5.53287 5 -107.728
vt 0.98387 0.314961
vt 0.953037 0.314961
f 30/10607/1098 31/10608/1099 3626/10609/1099 3625/10610/1098 

vt -0.245313 0.11811
vt -0.21448 0.11811
vt -0.21448 0.314961
vt -0.245313 0.314961
f 31/10611/1099 32/10612/165 478/10613/165 3626/10614/1099 

v 4.75734 5 -105.43
vt 0.826885 4.55433
f 478/33/3 3627/10615/3 3626/32/3

v 4.60204 5 -105.409
vt 0.820771 4.55353
f 478/33/3 3628/10616/3 3627/10615/3

v 4.45734 5 -105.349
vt 0.815074 4.55117
f 478/33/3 3629/10617/3 3628/10616/3

v 4.33307 5 -105.254
vt 0.810181 4.54741
f 478/33/3 3630/10618/3 3629/10617/3

v 4.23772 5 -105.13
vt 0.806427 4.54252
f 478/33/3 3631/10619/3 3630/10618/3

v 4.17778 5 -104.985
vt 0.804067 4.53682
f 478/33/3 3632/10620/3 3631/10619/3

f 477/878/3 3632/10620/3 478/33/3

v 4.15734 5 -104.83
vt 0.803263 4.53071
f 477/878/3 3633/10621/3 3632/10620/3

f 477/878/3 3614/10495/3 3633/10621/3

f 477/878/3 3613/10497/3 3614/10495/3

f 479/877/3 3613/10497/3 477/878/3

f 479/877/3 3612/10499/3 3613/10497/3

f 480/876/3 3612/10499/3 479/877/3

f 480/876/3 3611/10501/3 3612/10499/3

f 481/875/3 3611/10501/3 480/876/3

f 481/875/3 3610/10502/3 3611/10501/3

f 482/874/3 3610/10502/3 481/875/3

f 3610/10502/3 482/874/3 484/904/3

v 4.17778 5 -104.674
vt 0.804067 4.5246
f 3614/10495/3 3634/10622/3 3633/10621/3

f 3634/10622/3 3614/10495/3 3615/647/3

v 4.23772 5 -104.53
vt 0.806427 4.5189
f 3634/10622/3 3615/647/3 3635/10623/3

v 4.33307 5 -104.405
vt 0.810181 4.51401
f 3635/10623/3 3615/647/3 3636/10624/3

v 4.45734 5 -104.31
vt 0.815074 4.51025
f 3636/10624/3 3615/647/3 3637/10625/3

v 4.60204 5 -104.25
vt 0.820771 4.50789
f 3637/10625/3 3615/647/3 3638/10626/3

v 4.75734 5 -104.23
vt 0.826885 4.50709
f 3638/10626/3 3615/647/3 3639/10627/3

v 4.91263 5 -104.25
vt 0.832998 4.50789
f 3639/10627/3 3615/647/3 3640/10628/3

f 3640/10628/3 3615/647/3 3616/645/3

v 5.05734 5 -104.31
vt 0.838696 4.51025
f 3640/10628/3 3616/645/3 3641/10629/3

v 5.1816 5 -104.405
vt 0.843588 4.51401
f 3641/10629/3 3616/645/3 3642/10630/3

v 5.27695 5 -104.53
vt 0.847342 4.5189
f 3642/10630/3 3616/645/3 3643/10631/3

v 5.33689 5 -104.674
vt 0.849702 4.5246
f 3643/10631/3 3616/645/3 3644/10632/3

v 5.35734 5 -104.83
vt 0.850507 4.53071
f 3644/10632/3 3616/645/3 3645/10633/3

f 3645/10633/3 3616/645/3 3626/32/3

f 3626/32/3 3616/645/3 3625/31/3

f 3625/31/3 3616/645/3 3617/643/3

f 3625/31/3 3617/643/3 3624/30/3

f 3624/30/3 3617/643/3 3618/640/3

f 3624/30/3 3618/640/3 3623/29/3

f 3623/29/3 3618/640/3 3619/592/3

f 3623/29/3 3619/592/3 3622/28/3

f 3622/28/3 3619/592/3 3620/591/3

f 3622/28/3 3620/591/3 3621/26/3

v 5.33689 5 -104.985
vt 0.849702 4.53682
f 3626/32/3 3646/10634/3 3645/10633/3

v 5.27695 5 -105.13
vt 0.847342 4.54252
f 3626/32/3 3647/10635/3 3646/10634/3

v 5.1816 5 -105.254
vt 0.843588 4.54741
f 3626/32/3 3648/10636/3 3647/10635/3

v 5.05734 5 -105.349
vt 0.838696 4.55117
f 3626/32/3 3649/10637/3 3648/10636/3

v 4.91263 5 -105.409
vt 0.832998 4.55353
f 3626/32/3 3650/10638/3 3649/10637/3

f 3626/32/3 3627/10615/3 3650/10638/3

vt 0.231518 0.314961
vt 0.225351 0.314961
vn -2.79951e-16 0 1
v 4.75734 1.15463e-14 -105.43
vt 0.225351 0.11811
v 4.91263 1.15463e-14 -105.409
vt 0.231518 0.11811
f 3650/10639/136 3627/10640/1100 3651/10641/1100 3652/10642/136 

vt 1.41427 0.314961
vt 1.4081 0.314961
v 4.60204 1.15463e-14 -105.409
vt 1.4081 0.11811
vt 1.41427 0.11811
f 3627/10643/1100 3628/10644/145 3653/10645/145 3651/10646/1100 

vt 2.50085 0.314961
vt 2.49469 0.314961
v 4.45734 1.15463e-14 -105.349
vt 2.49469 0.11811
vt 2.50085 0.11811
f 3628/10647/145 3629/10648/130 3654/10649/130 3653/10650/145 

vt 3.41722 0.314961
vt 3.41105 0.314961
v 4.33307 1.15463e-14 -105.254
vt 3.41105 0.11811
vt 3.41722 0.11811
f 3629/10651/130 3630/10652/1 3655/10653/1 3654/10654/130 

vt 4.10091 0.314961
vt 4.09475 0.314961
v 4.23772 1.15463e-14 -105.13
vt 4.09475 0.11811
vt 4.10091 0.11811
f 3630/10655/1 3631/10656/2 3656/10657/2 3655/10658/1 

vt 4.50535 0.314961
vt 4.49918 0.314961
v 4.17778 1.15463e-14 -104.985
vt 4.49918 0.11811
vt 4.50535 0.11811
f 3631/10659/2 3632/10660/135 3657/10661/135 3656/10662/2 

vt 4.60296 0.314961
vt 4.5968 0.314961
v 4.15734 1.15463e-14 -104.83
vt 4.5968 0.11811
vt 4.60296 0.11811
f 3632/10663/135 3633/10664/7 3658/10665/7 3657/10666/135 

vt 4.3871 0.314961
vt 4.38093 0.314961
v 4.17778 1.15463e-14 -104.674
vt 4.38093 0.11811
vt 4.3871 0.11811
f 3633/10667/7 3634/10668/131 3659/10669/131 3658/10670/7 

vt 3.87248 0.314961
vt 3.86631 0.314961
v 4.23772 1.15463e-14 -104.53
vt 3.86631 0.11811
vt 3.87248 0.11811
f 3634/10671/131 3635/10672/132 3660/10673/132 3659/10674/131 

vt 3.09416 0.314961
vt 3.08799 0.314961
v 4.33307 1.15463e-14 -104.405
vt 3.08799 0.11811
vt 3.09416 0.11811
f 3635/10675/132 3636/10676/133 3661/10677/133 3660/10678/132 

vt 2.10519 0.314961
vt 2.09903 0.314961
v 4.45734 1.15463e-14 -104.31
vt 2.09903 0.11811
vt 2.10519 0.11811
f 3636/10679/133 3637/10680/134 3662/10681/134 3661/10682/133 

vt 0.972969 0.314961
vt 0.966802 0.314961
v 4.60204 1.15463e-14 -104.25
vt 0.966802 0.11811
vt 0.972969 0.11811
f 3637/10683/134 3638/10684/129 3663/10685/129 3662/10686/134 

vt -0.225351 0.314961
vt -0.231518 0.314961
v 4.75734 1.15463e-14 -104.23
vt -0.231518 0.11811
vt -0.225351 0.11811
f 3638/10687/129 3639/10688/125 3664/10689/125 3663/10690/129 

vt -1.4081 0.314961
vt -1.41427 0.314961
v 4.91263 1.15463e-14 -104.25
vt -1.41427 0.11811
vt -1.4081 0.11811
f 3639/10691/125 3640/10692/126 3665/10693/126 3664/10694/125 

vt -2.49469 0.314961
vt -2.50085 0.314961
v 5.05734 1.15463e-14 -104.31
vt -2.50085 0.11811
vt -2.49469 0.11811
f 3640/10695/126 3641/10696/127 3666/10697/127 3665/10698/126 

vt -3.41105 0.314961
vt -3.41722 0.314961
v 5.1816 1.15463e-14 -104.405
vt -3.41722 0.11811
vt -3.41105 0.11811
f 3641/10699/127 3642/10700/128 3667/10701/128 3666/10702/127 

vt -4.09475 0.314961
vt -4.10091 0.314961
v 5.27695 1.15463e-14 -104.53
vt -4.10091 0.11811
vt -4.09475 0.11811
f 3642/10703/128 3643/10704/4 3668/10705/4 3667/10706/128 

vt -4.49918 0.314961
vt -4.50535 0.314961
v 5.33689 1.15463e-14 -104.674
vt -4.50535 0.11811
vt -4.49918 0.11811
f 3643/10707/4 3644/10708/254 3669/10709/254 3668/10710/4 

vt -4.5968 0.314961
vt -4.60296 0.314961
v 5.35734 1.15463e-14 -104.83
vt -4.60296 0.11811
vt -4.5968 0.11811
f 3644/10711/254 3645/10712/118 3670/10713/118 3669/10714/254 

vt -4.38093 0.314961
vt -4.3871 0.314961
v 5.33689 1.15463e-14 -104.985
vt -4.3871 0.11811
vt -4.38093 0.11811
f 3645/10715/118 3646/10716/256 3671/10717/256 3670/10718/118 

vt -3.86631 0.314961
vt -3.87248 0.314961
v 5.27695 1.15463e-14 -105.13
vt -3.87248 0.11811
vt -3.86631 0.11811
f 3646/10719/256 3647/10720/257 3672/10721/257 3671/10722/256 

vt -3.08799 0.314961
vt -3.09416 0.314961
v 5.1816 1.15463e-14 -105.254
vt -3.09416 0.11811
vt -3.08799 0.11811
f 3647/10723/257 3648/10724/258 3673/10725/258 3672/10726/257 

vt -2.09903 0.314961
vt -2.10519 0.314961
v 5.05734 1.15463e-14 -105.349
vt -2.10519 0.11811
vt -2.09903 0.11811
f 3648/10727/258 3649/10728/253 3674/10729/253 3673/10730/258 

vt -0.966802 0.314961
vt -0.972969 0.314961
vt -0.972969 0.11811
vt -0.966802 0.11811
f 3649/10731/253 3650/10732/136 3652/10733/136 3674/10734/253 

f 3660/10623/3 3661/10624/3 3662/10625/3 3663/10626/3 3664/10627/3 3665/10628/3 3666/10629/3 3667/10630/3 3668/10631/3 3669/10632/3 3670/10633/3 3671/10634/3 3672/10635/3 3673/10636/3 3674/10637/3 3652/10638/3 3651/10615/3 3653/10616/3 3654/10617/3 3655/10618/3 3656/10619/3 3657/10620/3 3658/10621/3 3659/10622/3 

vt 3.50233 -1.40904
vt 3.47649 -1.40904
vt 3.48168 -1.46471
vt 3.49812 -1.46471
f 491/10735/157 527/10736/157 3597/10737/157 3596/10738/157 

vt 3.92931 -0.714372
vt 3.93543 -0.769873
vn 0.703299 0.704838 -0.0925911
vt 3.95187 -0.769873
f 491/10739/174 3596/10740/1101 490/10741/174

vt -0.647816 4.08728
f 789/1789/75 3595/10742/75 564/1103/75

vt -0.654109 4.10247
f 789/1789/75 3594/10743/75 3595/10742/75

vt -0.664119 4.11552
f 789/1789/75 3593/10744/75 3594/10743/75

vt -0.677165 4.12553
f 789/1789/75 3591/10745/75 3593/10744/75

f 789/1789/75 804/1790/75 3591/10745/75

f 789/1789/75 564/1103/75 566/1105/75

vt -0.548498 0.29597
f 766/10746/75 789/1789/75 566/1105/75

vt -0.548498 4.838
f 766/10746/75 788/10747/75 789/1789/75

vt -0.540632 0.314961
f 767/10748/75 788/10747/75 766/10746/75

vt -0.540632 4.81901
f 767/10748/75 787/10749/75 788/10747/75

vt -0.528119 0.331268
f 768/10750/75 787/10749/75 767/10748/75

vt -0.528119 4.8027
f 768/10750/75 786/10751/75 787/10749/75

vt -0.511811 0.343782
f 769/10752/75 786/10751/75 768/10750/75

vt -0.511811 4.79019
f 769/10752/75 785/10753/75 786/10751/75

vt -0.49282 0.351648
f 770/10754/75 785/10753/75 769/10752/75

vt -0.49282 4.78232
f 770/10754/75 784/10755/75 785/10753/75

vt -0.472441 0.354331
f 771/10756/75 784/10755/75 770/10754/75

vt -0.472441 4.77964
f 771/10756/75 782/10757/75 784/10755/75

vt -0.452061 0.351648
f 772/10758/75 782/10757/75 771/10756/75

vt -0.452061 4.78232
f 772/10758/75 783/10759/75 782/10757/75

vt -0.433071 0.343782
f 773/10760/75 783/10759/75 772/10758/75

v -5.24553 -3 -111.42
vt -0.433071 4.79019
f 773/10760/75 3675/10761/75 783/10759/75

f 774/1654/75 3675/10761/75 773/10760/75

f 774/1654/75 775/1653/75 3675/10761/75

vt 2.59306 0.11811
vt 2.5725 0.11811
vt 2.5725 1.11022e-15
vt 2.59306 1.11022e-15
f 779/10762/133 780/10763/134 3675/10764/134 775/10765/133 

vt 1.43302 0.11811
vt 1.41246 0.11811
vt 1.41246 1.11022e-15
vt 1.43302 1.11022e-15
f 780/10766/134 781/10767/129 783/10768/129 3675/10769/134 

vt 3.57708 0.11811
vt 3.55653 0.11811
vt 3.55653 1.11022e-15
vt 3.57708 1.11022e-15
f 778/10770/132 779/10771/133 775/10772/133 776/10773/132 

vt -2.46075 0.0787402
vn -0.965926 -2.17098e-32 0.258819
vt -2.46075 9.29812e-16
vt -2.4443 9.29812e-16
vt -2.4443 0.0787402
f 446/10774/1102 1490/10775/1102 1433/10776/118 444/10777/118 

v 3.14011 -1 -55.7511
vt -2.10861 0.0787402
vn -0.866025 -1.74296e-31 0.5
vt -2.10861 9.29812e-16
vt -2.09217 9.29812e-16
vt -2.09217 0.0787402
f 3676/10778/1103 1489/10779/1103 1490/10780/1102 446/10781/1102 

v 2.88584 -1 -56.0825
vt -1.61334 0.0787402
vn -0.707107 -3.46673e-31 0.707107
vt -1.61334 9.29812e-16
vt -1.5969 9.29812e-16
vt -1.5969 0.0787402
f 3677/10782/1104 1488/10783/1104 1489/10784/1103 3676/10785/1103 

v 2.55447 -1 -56.3368
vt -1.00868 0.0787402
vn -0.5 3.44873e-32 0.866025
vt -1.00868 9.29812e-16
vt -0.99224 9.29812e-16
vt -0.99224 0.0787402
f 3678/10786/1105 1487/10787/1105 1488/10788/1104 3677/10789/1104 

v 2.16858 -1 -56.4966
vt -0.335846 0.0787402
vn -0.258819 -1.99328e-32 0.965926
vt -0.335846 9.29812e-16
vt -0.319402 9.29812e-16
vt -0.319402 0.0787402
f 3679/10790/1106 1486/10791/1106 1487/10792/1105 3678/10793/1105 

v 1.75447 -1 -56.5511
vt 0.359318 0.0787402
vn -2.09963e-16 -4.97013e-31 1
vt 0.359318 9.29812e-16
vt 0.375762 9.29812e-16
vt 0.375762 0.0787402
f 3680/10794/1107 1485/10795/1107 1486/10796/1106 3679/10797/1106 

v 1.34036 -1 -56.4966
vt 1.02944 0.0787402
vn 0.258819 -2.45509e-31 0.965926
vt 1.02944 9.29812e-16
vt 1.04588 9.29812e-16
vt 1.04588 0.0787402
f 3681/10798/1108 1484/10799/1108 1485/10800/1107 3680/10801/1107 

v 0.954467 -1 -56.3368
vt 1.62884 0.0787402
vn 0.5 2.9975e-33 0.866025
vt 1.62884 9.29812e-16
vt 1.64528 9.29812e-16
vt 1.64528 0.0787402
f 3682/10802/1109 1483/10803/1109 1484/10804/1108 3681/10805/1108 

v 0.623096 -1 -56.0825
vt 2.11668 0.0787402
vt 2.11668 9.29812e-16
vt 2.13312 9.29812e-16
vt 2.13312 0.0787402
f 3683/10806/719 1482/10807/719 1483/10808/1109 3682/10809/1109 

v 0.368826 -1 -55.7511
vt 2.45971 0.0787402
vn 0.866025 -1.52587e-31 0.5
vt 2.45971 9.29812e-16
vt 2.47615 9.29812e-16
vt 2.47615 0.0787402
f 3684/10810/1110 1481/10811/1110 1482/10812/719 3683/10813/719 

v 0.208986 -1 -55.3652
vt 2.63455 0.0787402
vn 0.965926 -4.85364e-34 0.258819
vt 2.63455 9.29812e-16
vt 2.651 9.29812e-16
vt 2.651 0.0787402
f 3685/10814/1111 1480/10815/1111 1481/10816/1110 3684/10817/1110 

vt 2.6293 0.0787402
vn 1 -9.70729e-34 -4.19926e-16
vt 2.6293 9.29812e-16
vt 2.64574 9.29812e-16
vt 2.64574 0.0787402
f 433/10818/1112 1457/10819/1112 1480/10820/1111 3685/10821/1111 

vt 2.4443 0.0787402
vt 2.4443 9.29812e-16
vt 2.46075 9.29812e-16
vt 2.46075 0.0787402
f 432/10822/345 1455/10823/345 1457/10824/1112 433/10825/1112 

vt 2.09217 0.0787402
vt 2.09217 9.23452e-16
vt 2.10861 9.23452e-16
vt 2.10861 0.0787402
f 434/10826/346 1453/10827/346 1455/10828/345 432/10829/345 

vt 1.5969 0.0787402
vn 0.707107 -4.66834e-32 -0.707107
vt 1.5969 9.29812e-16
vt 1.61334 9.29812e-16
vt 1.61334 0.0787402
f 435/10830/1113 1451/10831/1113 1453/10832/346 434/10833/346 

vt 0.99224 0.0787402
vn 0.5 -4.31618e-31 -0.866025
vt 0.99224 9.29812e-16
vt 1.00868 9.29812e-16
vt 1.00868 0.0787402
f 436/10834/1114 1449/10835/1114 1451/10836/1113 435/10837/1113 

vt 0.319402 0.0787402
vn 0.258819 -2.3106e-31 -0.965926
vt 0.319402 9.29812e-16
vt 0.335846 9.29812e-16
vt 0.335846 0.0787402
f 437/10838/1115 1447/10839/1115 1449/10840/1114 436/10841/1114 

vt -0.375762 0.0787402
vn 1.39975e-17 5.11196e-34 -1
vt -0.375762 9.29812e-16
vt -0.359318 9.29812e-16
vt -0.359318 0.0787402
f 438/10842/1116 1445/10843/1116 1447/10844/1115 437/10845/1115 

vt -1.04588 0.0787402
vn -0.258819 2.31571e-31 -0.965926
vt -1.04588 9.29812e-16
vt -1.02944 9.29812e-16
vt -1.02944 0.0787402
f 439/10846/1117 1444/10847/1117 1445/10848/1116 438/10849/1116 

vt -1.64528 0.0787402
vn -0.5 3.27165e-32 -0.866025
vt -1.64528 9.29812e-16
vt -1.62884 9.29812e-16
vt -1.62884 0.0787402
f 440/10850/1118 1442/10851/1118 1444/10852/1117 439/10853/1117 

vt -2.13312 0.0787402
vn -0.707107 -4.00539e-32 -0.707107
vt -2.13312 9.29812e-16
vt -2.11668 9.29812e-16
vt -2.11668 0.0787402
f 441/10854/1119 1439/10855/1119 1442/10856/1118 440/10857/1118 

vt -2.47615 0.0787402
vt -2.47615 9.29812e-16
vt -2.45971 9.29812e-16
vt -2.45971 0.0787402
f 442/10858/233 1437/10859/233 1439/10860/1119 441/10861/1119 

vt -2.651 0.0787402
vt -2.651 9.30883e-16
vt -2.63455 9.30883e-16
vt -2.63455 0.0787402
f 443/10862/234 1436/10863/234 1437/10864/233 442/10865/233 

vt -2.64574 0.0787402
vt -2.64574 9.29812e-16
vt -2.6293 9.29812e-16
vt -2.6293 0.0787402
f 444/10866/118 1433/10867/118 1436/10868/234 443/10869/234 

vt 2.65093 -0.104374
vt 2.62412 -0.104374
vt 2.6293 -0.160051
vt 2.64574 -0.160051
f 468/10870/173 431/10871/173 433/10872/173 3685/10873/173 

vt 2.65618 0.387182
vt 2.62937 0.387182
vt 2.63455 0.331504
vt 2.651 0.331504
f 465/10874/172 468/10875/172 3685/10876/172 3684/10877/172 

vt 2.48114 0.86295
vt 2.45453 0.86295
vt 2.45971 0.807272
vt 2.47615 0.807272
f 464/10878/369 465/10879/369 3684/10880/369 3683/10881/369 

vt 2.1113 1.28973
vn 0.430714 0.706629 0.561392
vt 2.11668 1.23409
vn 0.430742 0.706642 0.561354
vt 2.13312 1.23409
f 464/10882/1120 3683/10883/1121 3682/10884/1120

vt 2.13291 1.23424
vt 2.13829 1.28988
vn 0.430686 0.706616 0.561429
vt 2.11108 1.28988
f 3682/10885/1120 461/10886/1122 464/10887/1120

vt 1.65047 1.64072
vt 1.62387 1.64072
vt 1.62884 1.58504
vt 1.64528 1.58504
f 459/10888/142 461/10889/142 3682/10890/142 3681/10891/142 

vt 1.0508 1.88971
vt 1.02425 1.88971
vt 1.02944 1.83404
vt 1.04588 1.83404
f 458/10892/141 459/10893/141 3681/10894/141 3680/10895/141 

vt 0.353883 2.01889
vn -0.0924369 0.706483 0.701667
vt 0.359318 1.96326
vn -0.0923751 0.7065 0.701658
vt 0.375762 1.96326
f 458/10896/1123 3680/10897/1124 3679/10898/1123

vt 0.375303 1.96321
vt 0.380749 2.01884
vn -0.0924988 0.706466 0.701676
vt 0.353417 2.01884
f 3679/10899/1123 455/10900/1125 458/10901/1123

vt -0.314219 2.02424
vt -0.340751 2.02424
vt -0.335846 1.96856
vt -0.319402 1.96856
f 454/10902/309 455/10903/309 3679/10904/309 3678/10905/309 

vt -0.987056 1.90061
vt -1.01387 1.90061
vt -1.00868 1.84493
vt -0.99224 1.84493
f 451/10906/138 454/10907/138 3678/10908/138 3677/10909/138 

vt -1.59171 1.65805
vt -1.61852 1.65805
vt -1.61334 1.60237
vt -1.5969 1.60237
f 449/10910/308 451/10911/308 3677/10912/308 3676/10913/308 

vt -2.08699 1.31309
vt -2.1138 1.31309
vt -2.10861 1.25741
vt -2.09217 1.25741
f 445/10914/371 449/10915/371 3676/10916/371 446/10917/371 

f 651/3181/75 1434/3016/75 643/1241/75

vt -0.864471 -1.44876
vt -0.891856 -1.44876
vt -0.886672 -1.50444
vt -0.870228 -1.50444
f 1319/10918/159 1321/10919/159 1404/10920/159 1320/10921/159 

vt -1.74566 0.11811
vt -1.71483 0.11811
vt -1.71483 0.314961
vt -1.74566 0.314961
f 1276/10922/4 1278/10923/254 1398/10924/254 1397/10925/4 

vt -2.13375 0.11811
vt -2.10292 0.11811
vt -2.10292 0.314961
vt -2.13375 0.314961
f 1272/10926/128 1276/10927/4 1397/10928/4 1273/10929/128 

v 40.5257 5 -13.4081
vt 2.23509 0.931433
f 1396/2889/3 1369/2828/3 3686/10930/3

f 3686/10930/3 1369/2828/3 1370/2827/3

v 40.5857 5 -13.2634
vt 2.23745 0.925736
f 3686/10930/3 1370/2827/3 3687/10931/3

v 40.681 5 -13.1392
vt 2.2412 0.920843
f 3687/10931/3 1370/2827/3 3688/10932/3

v 40.8053 5 -13.0438
vt 2.24609 0.91709
f 3688/10932/3 1370/2827/3 3689/10933/3

v 40.95 5 -12.9839
vt 2.25179 0.91473
f 3689/10933/3 1370/2827/3 3690/10934/3

v 41.1053 5 -12.9634
vt 2.25791 0.913925
f 3690/10934/3 1370/2827/3 3691/10935/3

f 3691/10935/3 1370/2827/3 1371/2826/3

v 41.2606 5 -12.9839
vt 2.26402 0.91473
f 3691/10935/3 1371/2826/3 3692/10936/3

v 41.4053 5 -13.0438
vt 2.26972 0.91709
f 3692/10936/3 1371/2826/3 3693/10937/3

v 41.5295 5 -13.1392
vt 2.27461 0.920843
f 3693/10937/3 1371/2826/3 3694/10938/3

v 41.6249 5 -13.2634
vt 2.27836 0.925736
f 3694/10938/3 1371/2826/3 3695/10939/3

v 41.6848 5 -13.4081
vt 2.28072 0.931433
f 3695/10939/3 1371/2826/3 3696/10940/3

f 3696/10940/3 1371/2826/3 1384/2877/3

vt -1.22116 0.314961
vt -1.22733 0.314961
v 41.7053 -1.37668e-14 -13.5634
vt -1.22733 0.11811
v 41.6848 -1.37668e-14 -13.4081
vt -1.22116 0.11811
f 3696/10941/254 1384/10942/118 3697/10943/118 3698/10944/254 

vt -0.631727 0.314961
vt -0.637893 0.314961
v 41.6848 -1.37668e-14 -13.7187
vt -0.637893 0.11811
vt -0.631727 0.11811
f 1384/10945/118 1385/10946/256 3699/10947/256 3697/10948/118 

vt 0.00096616 0.314961
vt -0.00520043 0.314961
v 41.6249 -1.37668e-14 -13.8634
vt -0.00520043 0.11811
vt 0.00096616 0.11811
f 1385/10949/256 1386/10950/257 3700/10951/257 3699/10952/256 

vt 0.633803 0.314961
vt 0.627637 0.314961
v 41.5295 -1.37668e-14 -13.9877
vt 0.627637 0.11811
vt 0.633803 0.11811
f 1386/10953/257 1387/10954/258 3701/10955/258 3700/10956/257 

vt 1.22366 0.314961
vt 1.21749 0.314961
v 41.4053 -1.37668e-14 -14.083
vt 1.21749 0.11811
vt 1.22366 0.11811
f 1387/10957/258 1388/10958/253 3702/10959/253 3701/10960/258 

vt 1.73033 0.314961
vt 1.72417 0.314961
v 41.2606 -1.37668e-14 -14.143
vt 1.72417 0.11811
vt 1.73033 0.11811
f 1388/10961/253 1389/10962/136 3703/10963/136 3702/10964/253 

vt 2.1193 0.314961
vt 2.11313 0.314961
v 41.1053 -1.37668e-14 -14.1634
vt 2.11313 0.11811
vt 2.1193 0.11811
f 1389/10965/136 1390/10966/312 3704/10967/312 3703/10968/136 

vt 2.36405 0.314961
vt 2.35788 0.314961
v 40.95 -1.37668e-14 -14.143
vt 2.35788 0.11811
vt 2.36405 0.11811
f 1390/10969/312 1391/10970/145 3705/10971/145 3704/10972/312 

vt 2.4479 0.314961
vt 2.44173 0.314961
v 40.8053 -1.37668e-14 -14.083
vt 2.44173 0.11811
vt 2.4479 0.11811
f 1391/10973/145 1392/10974/130 3706/10975/130 3705/10976/145 

vt 2.36514 0.314961
vt 2.35898 0.314961
v 40.681 -1.37668e-14 -13.9877
vt 2.35898 0.11811
vt 2.36514 0.11811
f 1392/10977/130 1393/10978/1 3707/10979/1 3706/10980/130 

vt 2.12142 0.314961
vt 2.11525 0.314961
v 40.5857 -1.37668e-14 -13.8634
vt 2.11525 0.11811
vt 2.12142 0.11811
f 1393/10981/1 1394/10982/2 3708/10983/2 3707/10984/1 

vt 1.73333 0.314961
vt 1.72716 0.314961
v 40.5257 -1.37668e-14 -13.7187
vt 1.72716 0.11811
vt 1.73333 0.11811
f 1394/10985/2 1395/10986/135 3709/10987/135 3708/10988/2 

vt 1.22733 0.314961
vt 1.22116 0.314961
v 40.5053 -1.37668e-14 -13.5634
vt 1.22116 0.11811
vt 1.22733 0.11811
f 1395/10989/135 1396/10990/7 3710/10991/7 3709/10992/135 

vt 0.637893 0.314961
vt 0.631727 0.314961
v 40.5257 -1.37668e-14 -13.4081
vt 0.631727 0.11811
vt 0.637893 0.11811
f 1396/10993/7 3686/10994/131 3711/10995/131 3710/10996/7 

vt 0.00520043 0.314961
vt -0.00096616 0.314961
v 40.5857 -1.37668e-14 -13.2634
vt -0.00096616 0.11811
vt 0.00520043 0.11811
f 3686/10997/131 3687/10998/132 3712/10999/132 3711/11000/131 

vt -0.627637 0.314961
vt -0.633803 0.314961
v 40.681 -1.37668e-14 -13.1392
vt -0.633803 0.11811
vt -0.627637 0.11811
f 3687/11001/132 3688/11002/133 3713/11003/133 3712/11004/132 

vt -1.21749 0.314961
vt -1.22366 0.314961
v 40.8053 -1.37668e-14 -13.0438
vt -1.22366 0.11811
vt -1.21749 0.11811
f 3688/11005/133 3689/11006/134 3714/11007/134 3713/11008/133 

vt -1.72417 0.314961
vt -1.73033 0.314961
v 40.95 -1.37668e-14 -12.9839
vt -1.73033 0.11811
vt -1.72417 0.11811
f 3689/11009/134 3690/11010/129 3715/11011/129 3714/11012/134 

vt -2.11313 0.314961
vt -2.1193 0.314961
v 41.1053 -1.37668e-14 -12.9634
vt -2.1193 0.11811
vt -2.11313 0.11811
f 3690/11013/129 3691/11014/125 3716/11015/125 3715/11016/129 

vt -2.35788 0.314961
vt -2.36405 0.314961
v 41.2606 -1.37668e-14 -12.9839
vt -2.36405 0.11811
vt -2.35788 0.11811
f 3691/11017/125 3692/11018/126 3717/11019/126 3716/11020/125 

vt -2.44173 0.314961
vt -2.4479 0.314961
v 41.4053 -1.37668e-14 -13.0438
vt -2.4479 0.11811
vt -2.44173 0.11811
f 3692/11021/126 3693/11022/127 3718/11023/127 3717/11024/126 

vt -2.35898 0.314961
vt -2.36514 0.314961
v 41.5295 -1.37668e-14 -13.1392
vt -2.36514 0.11811
vt -2.35898 0.11811
f 3693/11025/127 3694/11026/128 3719/11027/128 3718/11028/127 

vt -2.11525 0.314961
vt -2.12142 0.314961
v 41.6249 -1.37668e-14 -13.2634
vt -2.12142 0.11811
vt -2.11525 0.11811
f 3694/11029/128 3695/11030/4 3720/11031/4 3719/11032/128 

vt -1.72716 0.314961
vt -1.73333 0.314961
vt -1.73333 0.11811
vt -1.72716 0.11811
f 3695/11033/4 3696/11034/254 3698/11035/254 3720/11036/4 

f 3701/2880/3 3702/2881/3 3703/2882/3 3704/2883/3 3705/2884/3 3706/2885/3 3707/2886/3 3708/2887/3 3709/2888/3 3710/2889/3 3711/10930/3 3712/10931/3 3713/10932/3 3714/10933/3 3715/10934/3 3716/10935/3 3717/10936/3 3718/10937/3 3719/10938/3 3720/10939/3 3698/10940/3 3697/2877/3 3699/2878/3 3700/2879/3 

f 1382/2640/3 1372/2825/3 1373/2824/3

f 1382/2640/3 1373/2824/3 1383/2868/3

f 1383/2868/3 1373/2824/3 1374/2823/3

v 43.7034 5 -15.0634
f 1383/2868/3 1374/2823/3 3721/2867/3

f 3721/2867/3 1374/2823/3 1375/2822/3

f 3721/2867/3 1375/2822/3 1378/2865/3

f 1378/2865/3 1375/2822/3 1376/2820/3

vt -0.0132993 0.11811
vt 0.0175336 0.11811
vt 0.0175336 0.314961
vt -0.0132993 0.314961
f 1377/11037/131 1380/11038/132 3721/11039/132 1378/11040/131 

vt -0.646137 0.11811
vt -0.615304 0.11811
vt -0.615304 0.314961
vt -0.646137 0.314961
f 1380/11041/132 1381/11042/133 1383/11043/133 3721/11044/132 

vt 4.3209 0.11811
vt 4.35173 0.11811
v 43.7075 5 -93.1895
vt 4.35173 0.314961
vt 4.3209 0.314961
f 1265/11045/130 1379/11046/1 3722/11047/1 1256/11048/130 

vt 4.66777 0.11811
vt 4.6986 0.11811
v 44.1843 5 -93.8108
vt 4.6986 0.314961
vt 4.66777 0.314961
f 1379/11049/1 1359/11050/2 3723/11051/2 3722/11052/1 

vt 4.69549 0.11811
vt 4.72632 0.11811
v 44.484 5 -94.5343
vt 4.72632 0.314961
vt 4.69549 0.314961
f 1359/11053/2 1358/11054/135 3724/11055/135 3723/11056/2 

vt 4.40216 0.11811
vt 4.433 0.11811
vt 4.433 0.314961
vt 4.40216 0.314961
f 1358/11057/135 1250/11058/311 1252/11059/311 3724/11060/135 

f 1251/454/3 3724/2818/3 1252/2569/3

f 1253/455/3 3724/2818/3 1251/454/3

f 1253/455/3 3723/2819/3 3724/2818/3

f 1254/456/3 3723/2819/3 1253/455/3

f 1254/456/3 3722/2866/3 3723/2819/3

f 1254/456/3 1256/2591/3 3722/2866/3

f 1255/457/3 1256/2591/3 1254/456/3

vt 0.945612 0.11811
vn -0.913398 0 0.407068
vt 0.973897 0.11811
vt 0.973897 0.314961
v 49.6016 5 -1.95786
vt 0.945612 0.314961
f 1361/11061/1126 1328/11062/314 1330/11063/314 3725/11064/1126 

f 1353/2050/3 3725/2821/3 1330/2743/3

f 1354/2052/3 3725/2821/3 1353/2050/3

f 1354/2052/3 1357/2817/3 3725/2821/3

f 1357/2817/3 1354/2052/3 1355/2053/3

vt 0.248106 0.11811
vt 0.276391 0.11811
vt 0.276391 0.314961
vt 0.248106 0.314961
f 1356/11065/328 1361/11066/1126 3725/11067/1126 1357/11068/328 

f 1353/2050/3 1330/2743/3 1352/2048/3

f 1352/2048/3 1330/2743/3 1329/597/3

f 1352/2048/3 1329/597/3 1351/2046/3

f 1351/2046/3 1329/597/3 1331/598/3

f 1351/2046/3 1331/598/3 1350/2044/3

f 1350/2044/3 1331/598/3 1332/2756/3

v 51.5358 5 -3.23345
vt 2.66856 0.530855
f 1350/2044/3 1332/2756/3 3726/11069/3

vt 0.87463 0.314961
vt 0.868464 0.314961
vn 1 0 2.79951e-16
v 51.5154 0 -3.07816
vt 0.868464 0.11811
v 51.5358 0 -3.23345
vt 0.87463 0.11811
f 3726/11070/135 1332/11071/1127 3727/11072/1127 3728/11073/135 

vt 0.172041 0.314961
vt 0.165874 0.314961
v 51.5358 0 -2.92287
vt 0.165874 0.11811
vt 0.172041 0.11811
f 1332/11074/1127 1333/11075/131 3729/11076/131 3727/11077/1127 

vt -0.542063 0.314961
vt -0.54823 0.314961
v 51.5958 0 -2.77816
vt -0.54823 0.11811
vt -0.542063 0.11811
f 1333/11078/131 1334/11079/132 3730/11080/132 3729/11081/131 

vt -1.21902 0.314961
vt -1.22518 0.314961
v 51.6911 0 -2.6539
vt -1.22518 0.11811
vt -1.21902 0.11811
f 1334/11082/132 1335/11083/133 3731/11084/133 3730/11085/132 

vt -1.81269 0.314961
vt -1.81885 0.314961
v 51.8154 0 -2.55854
vt -1.81885 0.11811
vt -1.81269 0.11811
f 1335/11086/133 1336/11087/134 3732/11088/134 3731/11089/133 

vt -2.28261 0.314961
vt -2.28878 0.314961
v 51.9601 0 -2.4986
vt -2.28878 0.11811
vt -2.28261 0.11811
f 1336/11090/134 1337/11091/129 3733/11092/129 3732/11093/134 

vt -2.59677 0.314961
vt -2.60294 0.314961
v 52.1154 0 -2.47816
vt -2.60294 0.11811
vt -2.59677 0.11811
f 1337/11094/129 1338/11095/125 3734/11096/125 3733/11097/129 

vt -2.73376 0.314961
vt -2.73992 0.314961
v 52.2707 0 -2.4986
vt -2.73992 0.11811
vt -2.73376 0.11811
f 1338/11098/125 1339/11099/126 3735/11100/126 3734/11101/125 

vt -2.68423 0.314961
vt -2.6904 0.314961
v 52.4154 0 -2.55854
vt -2.6904 0.11811
vt -2.68423 0.11811
f 1339/11102/126 1340/11103/127 3736/11104/127 3735/11105/126 

vt -2.45157 0.314961
vt -2.45774 0.314961
v 52.5396 0 -2.6539
vt -2.45774 0.11811
vt -2.45157 0.11811
f 1340/11106/127 1341/11107/128 3737/11108/128 3736/11109/127 

vt -2.05163 0.314961
vt -2.05779 0.314961
v 52.635 0 -2.77816
vt -2.05779 0.11811
vt -2.05163 0.11811
f 1341/11110/128 1342/11111/4 3738/11112/4 3737/11113/128 

vt -1.51166 0.314961
vt -1.51783 0.314961
v 52.6949 0 -2.92287
vt -1.51783 0.11811
vt -1.51166 0.11811
f 1342/11114/4 1343/11115/254 3739/11116/254 3738/11117/4 

vt -0.868464 0.314961
vt -0.87463 0.314961
v 52.7154 0 -3.07816
vt -0.87463 0.11811
vt -0.868464 0.11811
f 1343/11118/254 1344/11119/118 3740/11120/118 3739/11121/254 

vt -0.165874 0.314961
v 52.6949 5 -3.23345
vt -0.172041 0.314961
v 52.6949 0 -3.23345
vt -0.172041 0.11811
vt -0.165874 0.11811
f 1344/11122/118 3741/11123/256 3742/11124/256 3740/11125/118 

vt 2.71419 0.530855
f 1345/2040/3 3741/11126/3 1344/2768/3

v 52.635 5 -3.37816
vt 2.71183 0.536552
f 1345/2040/3 3743/11127/3 3741/11126/3

v 52.5396 5 -3.50242
vt 2.70808 0.541445
f 1345/2040/3 3744/11128/3 3743/11127/3

v 52.4154 5 -3.59777
vt 2.70319 0.545199
f 1345/2040/3 3745/11129/3 3744/11128/3

f 1349/2042/3 3745/11129/3 1345/2040/3

v 52.2707 5 -3.65771
vt 2.69749 0.547559
f 1349/2042/3 3746/11130/3 3745/11129/3

v 52.1154 5 -3.67816
vt 2.69137 0.548363
f 1349/2042/3 3747/11131/3 3746/11130/3

v 51.9601 5 -3.65771
vt 2.68526 0.547559
f 1349/2042/3 3748/11132/3 3747/11131/3

v 51.8154 5 -3.59777
vt 2.67956 0.545199
f 1349/2042/3 3749/11133/3 3748/11132/3

v 51.6911 5 -3.50242
vt 2.67467 0.541445
f 1349/2042/3 3750/11134/3 3749/11133/3

f 1350/2044/3 3750/11134/3 1349/2042/3

v 51.5958 5 -3.37816
vt 2.67092 0.536552
f 1350/2044/3 3751/11135/3 3750/11134/3

f 1350/2044/3 3726/11069/3 3751/11135/3

vt 1.51783 0.314961
vt 1.51166 0.314961
vt 1.51166 0.11811
v 51.5958 0 -3.37816
vt 1.51783 0.11811
f 3751/11136/2 3726/11137/135 3728/11138/135 3752/11139/2 

v 52.635 0 -3.37816
v 52.5396 0 -3.50242
v 52.4154 0 -3.59777
v 52.2707 0 -3.65771
v 52.1154 0 -3.67816
v 51.9601 0 -3.65771
v 51.8154 0 -3.59777
v 51.6911 0 -3.50242
f 3728/11069/3 3727/2756/3 3729/2757/3 3730/2758/3 3731/2759/3 3732/2760/3 3733/2761/3 3734/2762/3 3735/2763/3 3736/2764/3 3737/2765/3 3738/2766/3 3739/2767/3 3740/2768/3 3742/11126/3 3753/11127/3 3754/11128/3 3755/11129/3 3756/11130/3 3757/11131/3 3758/11132/3 3759/11133/3 3760/11134/3 3752/11135/3 

vt 0.54823 0.314961
vt 0.542063 0.314961
vt 0.542063 0.11811
vt 0.54823 0.11811
f 3741/11140/256 3743/11141/257 3753/11142/257 3742/11143/256 

vt 1.22518 0.314961
vt 1.21902 0.314961
vt 1.21902 0.11811
vt 1.22518 0.11811
f 3743/11144/257 3744/11145/258 3754/11146/258 3753/11147/257 

vt 1.81885 0.314961
vt 1.81269 0.314961
vt 1.81269 0.11811
vt 1.81885 0.11811
f 3744/11148/258 3745/11149/253 3755/11150/253 3754/11151/258 

vt 2.28878 0.314961
vt 2.28261 0.314961
vt 2.28261 0.11811
vt 2.28878 0.11811
f 3745/11152/253 3746/11153/136 3756/11154/136 3755/11155/253 

vt 2.60294 0.314961
vt 2.59677 0.314961
vt 2.59677 0.11811
vt 2.60294 0.11811
f 3746/11156/136 3747/11157/137 3757/11158/137 3756/11159/136 

vt 2.73992 0.314961
vt 2.73376 0.314961
vt 2.73376 0.11811
vt 2.73992 0.11811
f 3747/11160/137 3748/11161/145 3758/11162/145 3757/11163/137 

vt 2.6904 0.314961
vt 2.68423 0.314961
vt 2.68423 0.11811
vt 2.6904 0.11811
f 3748/11164/145 3749/11165/130 3759/11166/130 3758/11167/145 

vt 2.45774 0.314961
vt 2.45157 0.314961
vt 2.45157 0.11811
vt 2.45774 0.11811
f 3749/11168/130 3750/11169/1 3760/11170/1 3759/11171/130 

vt 2.05779 0.314961
vt 2.05163 0.314961
vt 2.05163 0.11811
vt 2.05779 0.11811
f 3750/11172/1 3751/11173/2 3752/11174/2 3760/11175/1 

vt 2.7844 0.11811
vt 2.81524 0.11811
vt 2.81524 0.314961
vt 2.7844 0.314961
f 288/11176/137 1264/11177/145 278/11178/145 281/11179/137 

vn 1 -1.23954e-16 -1.35171e-17
v -4.24553 6.37327 -103.236
v -4.24553 6.37327 -90.2356
vt 3.95614 0.369026
v -4.24553 11.316 -90.2356
vt 3.95614 0.56362
vn 0.995632 0.0933618 -6.78819e-18
v -4.24553 11.316 -85.2356
vt 3.75929 0.56362
v -4.24553 6.37327 -85.2356
vt 3.75929 0.369026
v -4.24553 6.37327 -74.2026
vt 3.32492 0.369026
v -4.24553 11.316 -74.2026
vt 3.32492 0.56362
vn 0.995632 0.0933618 8.37006e-17
v -4.24553 11.316 -69.2026
vt 3.12807 0.56362
v -4.24553 6.37327 -69.2026
vt 3.12807 0.369026
v -4.24553 6.37327 -56.0008
vt 2.60831 0.369026
v -4.24553 11.316 -56.0008
vt 2.60831 0.56362
vn 0.995632 0.0933626 -6.6e-18
v -4.24553 11.316 -51.0008
vt 2.41146 0.56362
v -4.24553 6.37327 -51.0008
vt 2.41146 0.369026
v -4.24553 6.37327 -38.5008
vt 1.91934 0.369026
v -4.24553 11.316 -38.5008
vt 1.91934 0.56362
vn 0.995632 0.0933626 -9.7277e-17
v -4.24553 11.316 -33.5008
vt 1.72249 0.56362
v -4.24553 6.37327 -33.5008
vt 1.72249 0.369026
v -4.24553 6.37327 -23.5008
vt 1.32878 0.369026
v -4.24553 11.316 -23.5008
vt 1.32878 0.56362
vn 0.995632 0.0933626 -7.23003e-18
v -4.24553 11.316 -18.5008
vt 1.13193 0.56362
v -4.24553 6.37327 -18.5008
vt 1.13193 0.369026
f 189/393/1128 188/392/1128 48/53/1128 3761/52/1128 3762/11180/1128 3763/11181/1129 3764/11182/1129 3765/11183/1128 3766/11184/1128 3767/11185/1130 3768/11186/1130 3769/11187/1128 3770/11188/1128 3771/11189/1131 3772/11190/1131 3773/11191/1128 3774/11192/1128 3775/11193/1132 3776/11194/1132 3777/11195/1128 3778/11196/1128 3779/11197/1133 3780/11198/1133 3781/11199/1128 

vt -0.472441 0.11811
vt -0.314961 0.369026
vt -0.472441 0.369026
f 48/11200/125 49/388/125 51/11201/125 3761/11202/125 

v -8.16137 6.37327 -98.9683
vt 0.318274 4.29995
f 51/50/13 3782/11203/13 3761/49/13

v -8.81026 6.37327 -99.4317
vt 0.292727 4.31819
f 51/50/13 3783/11204/13 3782/11203/13

v -9.55696 6.37327 -99.7113
vt 0.26333 4.3292
f 51/50/13 3784/11205/13 3783/11204/13

f 54/68/11 3784/11205/13 51/50/13

v -10.3506 6.37327 -99.7881
vt 0.232084 4.33222
f 54/68/11 3785/11206/13 3784/11205/13

v -11.1371 6.37327 -99.6569
vt 0.201121 4.32705
f 54/68/11 3786/11207/13 3785/11206/13

v -11.8628 6.37327 -99.3266
vt 0.17255 4.31405
f 54/68/11 3787/11208/13 3786/11207/13

v -12.4783 6.37327 -98.8198
vt 0.148318 4.2941
f 54/68/11 3788/11209/13 3787/11208/13

f 54/68/11 59/67/13 3788/11209/13

vt 3.58082 1.94007
vn 0.575459 0.707107 0.410909
vt 3.54943 1.94007
v -12.4964 5.87327 -97.9339
vt 3.55202 1.91224
v -12.1096 5.87327 -98.4756
vt 3.57823 1.91224
f 3788/11210/1134 59/11211/1134 3789/11212/1134 3790/11213/1134 

vt 4.04309 1.23327
vn 0.662202 0.707107 0.247968
vt 4.0117 1.23327
v -12.7299 5.87327 -97.3105
vt 4.01429 1.20543
vt 4.0405 1.20543
f 59/11214/1135 60/11215/1135 3791/11216/1135 3789/11217/1135 

vt 4.2309 0.465946
vn 0.703817 0.707107 0.0681283
vt 4.19861 0.465946
v -12.794 5.87327 -96.6479
vt 4.2021 0.438107
vt 4.22831 0.438107
f 60/11218/1136 61/11219/1136 3792/11220/1136 3791/11221/1136 

vt 4.13058 -0.314349
vn 0.693331 0.711276 -0.115664
v -13.1764 6.37327 -95.865
vt 4.10094 -0.314349
v -12.6845 5.87327 -95.9913
vt 4.10265 -0.342354
vt 4.12886 -0.342354
f 61/11222/1137 3793/11223/1137 3794/11224/1137 3792/11225/1137 

vt 0.120834 4.17777
f 61/70/13 62/71/13 3793/11226/13

v -12.8366 6.37327 -95.1184
vt 0.134212 4.14837
f 3793/11226/13 62/71/13 3795/11227/13

v -12.3297 6.37327 -94.5029
vt 0.154167 4.12414
f 3795/11227/13 62/71/13 3796/11228/13

v -11.6808 6.37327 -94.0395
vt 0.179714 4.1059
f 3796/11228/13 62/71/13 3797/11229/13

v -8.24553 6.37327 -90.2356
vt 0.314961 3.95614
f 3797/11229/13 62/71/13 3798/11230/13

vt 0.472441 3.75929
vn 1.83347e-18 1 -1.97534e-16
v -8.24553 6.37327 -85.2356
vt 0.314961 3.75929
v -12.2455 6.37327 -85.2356
vt 0.15748 3.75929
v -15.2455 6.37327 -85.2356
vt 0.0393701 3.75929
vn -0.0933618 0.995632 -9.97498e-17
v -15.2455 6.37327 -74.2026
vt 0.0393701 3.32492
v -12.2455 6.37327 -74.2026
vt 0.15748 3.32492
v -8.24553 6.37327 -74.2026
vt 0.314961 3.32492
vt 0.472441 3.32492
f 3765/11231/1138 3799/11232/1138 3798/11230/1138 62/71/1138 3800/11233/1138 3801/11234/1139 3802/11235/1139 3803/11236/1138 3804/11237/1138 3766/11238/1138 

vt 0.15748 0.369026
vn -2.25738e-16 1.99383e-17 1
v -12.2455 9.37327 -85.2356
vt 0.15748 0.487137
v -8.24553 9.37327 -85.2356
vt 0.314961 0.487137
vt 0.472441 0.56362
vn -1.13456e-16 0.0933618 0.995632
v -15.2455 11.316 -85.2356
vt 0.0393701 0.369026
vn -0.0933618 1.06366e-17 0.995632
f 3800/11239/1140 3805/11240/1140 3806/11241/1140 3799/58/1140 3765/398/1140 3764/11242/1141 3807/1169/205 3801/11243/1142 

vt 3.75929 0.487137
vn 1 6.90296e-33 2.81997e-16
v -12.2455 9.37327 -90.2356
vt 3.95614 0.487137
f 3805/11244/1143 3800/11183/1143 62/11180/1143 3808/11245/1143 

vn 2.96142e-16 -1.27654e-15 -1
v -8.24553 9.37327 -90.2356
vt -0.314961 0.487137
vt -0.15748 0.487137
vt -0.15748 0.369026
vt -0.0393701 0.369026
vn -0.0933618 -6.41262e-16 -0.995632
v -15.2455 11.316 -90.2356
vt -0.472441 0.56362
vn 1.48629e-16 0.0933618 -0.995632
f 3798/11201/1144 3809/11246/1144 3808/11247/1144 62/11248/1144 63/11249/1145 3810/1133/271 3763/11250/1146 3762/11202/1144 

vt -3.75929 0.369026
vn -1 -1.58492e-30 -2.81997e-16
vt -3.75929 0.487137
vt -3.95614 0.487137
vt -3.95614 0.369026
f 3799/11251/1147 3806/11252/1147 3809/11253/1147 3798/11254/1147 

vt -0.314961 3.75929
vn -2.36081e-32 -1 1.12799e-15
vt -0.15748 3.75929
vt -0.15748 3.95614
vt -0.314961 3.95614
f 3806/11255/1148 3805/11256/1148 3808/11257/1148 3809/11258/1148 

vt -0.740467 0.362763
vn -0.707106 -9.90455e-19 -0.707107
v -16.0864 11.316 -90.0765
vt -0.740467 0.56362
vt -0.774161 0.56362
vt -0.774161 0.369026
f 65/11259/1149 3811/11260/1149 3810/11261/271 63/11262/1145 

vt -3.84848 0.329656
vt -3.84848 0.56362
vt -3.88218 0.56362
vt -3.88218 0.362763
f 67/11263/17 75/11264/17 3811/11265/1149 65/11266/1149 

v -16.0864 12.1569 -89.2356
vt -3.84965 0.454708
v -15.971 12.0414 -89.9611
vt -3.87856 0.450086
vt -3.88218 0.421034
vt -3.84849 0.421034
f 3812/11267/44 3813/11268/45 3811/11269/46 75/11270/27 

vt -2.77399 -2.51694
v -15.2455 12.316 -89.2356
vt -2.7974 -2.4927
v -15.2455 12.1569 -90.0765
vt -2.82081 -2.51694
vt -2.7974 -2.53452
f 3812/11271/44 3814/11272/47 3815/11273/48 3813/11274/45 

vt -3.91677 0.117091
vn -0.707106 0.707107 4.05664e-30
v -16.0864 12.1569 -86.2356
vt -3.79866 0.117091
v -15.2455 12.316 -86.2356
vt -3.79866 0.150784
vn -0.062453 0.996092 0.0624535
vt -3.91677 0.150784
vn -0.062453 0.996092 -0.0624535
f 3812/11275/1150 3816/11276/1150 3817/11277/1151 3814/11278/1152 

vt -3.91677 0.553795
vt -3.79866 0.553795
vt -3.79866 0.587488
vt -3.91677 0.587488
f 75/11279/17 74/11280/18 3816/11281/1150 3812/11282/1150 

v -16.0864 11.316 -85.3947
vt -3.69874 0.683204
v -15.971 12.0414 -85.5101
vt -3.70236 0.712255
vt -3.73127 0.716877
vt -3.73243 0.683204
f 3818/11283/52 3819/11284/53 3816/11285/54 74/11286/36 

vt -0.693894 1.2306
vt -0.6602 1.2306
v -15.2455 12.1569 -85.3947
vt -0.661365 1.26427
vt -0.690274 1.25965
f 3818/11287/52 3807/11288/55 3820/11289/56 3819/11290/53 

vt -0.693891 0.56362
vn -0.707106 5.61412e-19 0.707107
v -16.0864 6.21417 -85.3947
vt -0.693891 0.362763
vt -0.660197 0.369026
vt -0.660197 0.56362
f 3818/11291/1153 3821/11292/1153 3801/11293/1142 3807/11294/205 

vt -3.73243 0.56362
vt -3.73243 0.329656
vt -3.69874 0.362763
vt -3.69874 0.56362
f 74/11295/18 73/11296/18 3821/11297/1153 3818/11298/1153 

vt -3.79866 0.323909
vt -3.28555 0.323909
v -16.0864 6.21417 -74.0435
vt -3.31865 0.357603
vn -0.707106 0.707107 -8.83219e-19
vt -3.76555 0.357603
f 73/11299/18 72/11300/17 3822/11301/1154 3821/11302/1154 

vt -3.22827 0.329656
vt -3.22827 0.56362
v -16.0864 11.316 -74.0435
vt -3.26196 0.56362
vt -3.26196 0.362763
f 72/11303/17 71/11304/17 3823/11305/23 3822/11306/23 

v -16.0864 12.1569 -73.2026
vt -3.22943 0.476157
v -15.971 12.0414 -73.9281
vt -3.25834 0.471535
vt -3.26196 0.442483
vt -3.22827 0.442483
f 3824/11307/44 3825/11308/45 3823/11309/46 71/11310/27 

vt -2.32765 -2.08576
v -15.2455 12.316 -73.2026
vt -2.35106 -2.06153
v -15.2455 12.1569 -74.0435
vt -2.37447 -2.08576
vt -2.35106 -2.10334
f 3824/11311/44 3826/11312/47 3827/11313/48 3825/11314/45 

vt -3.28555 0.117091
vn -0.707106 0.707107 4.3722e-30
v -16.0864 12.1569 -70.2026
vt -3.16744 0.117091
v -15.2455 12.316 -70.2026
vt -3.16744 0.150784
vt -3.28555 0.150784
f 3824/11315/1155 3828/11316/1155 3829/11317/1151 3826/11318/1152 

vt -3.28555 0.553795
vt -3.16744 0.553795
vt -3.16744 0.587488
vt -3.28555 0.587488
f 71/11319/17 70/11320/18 3828/11321/1155 3824/11322/1155 

v -16.0864 11.316 -69.3617
vt -3.07852 0.661755
v -15.971 12.0414 -69.4771
vt -3.08214 0.690806
vt -3.11105 0.695428
vt -3.11222 0.661755
f 3830/11323/52 3831/11324/53 3828/11325/54 70/11326/36 

vt -0.576545 1.11723
v -15.2455 11.316 -69.2026
vt -0.542851 1.11723
v -15.2455 12.1569 -69.3617
vt -0.544016 1.15091
vt -0.572924 1.14629
f 3830/11327/52 3832/11328/55 3833/11329/56 3831/11330/53 

vt -0.576542 0.56362
vt -0.576542 0.362763
v -15.2455 6.37327 -69.2026
vt -0.542849 0.369026
vn -0.0933618 -3.10715e-16 0.995632
vt -0.542849 0.56362
f 3830/11331/39 91/11332/39 3834/11333/1156 3832/11334/205 

vt -3.11222 0.56362
vt -3.11222 0.329656
vt -3.07852 0.362763
vt -3.07852 0.56362
f 70/11335/18 69/11336/18 91/11337/39 3830/11338/39 

vt -3.13433 0.0735952
vt -2.60205 0.0735952
v -15.2455 6.37327 -56.0008
vt -2.60831 0.107289
vn -0.0933618 0.995632 1.16087e-17
vt -3.12807 0.107289
f 91/11339/22 90/11340/22 3835/11341/1157 3834/11342/1157 

vt -0.489896 0.362763
vt -0.489896 0.56362
v -15.2455 11.316 -56.0008
vt -0.52359 0.56362
vn -0.062453 0.0624535 -0.996092
vt -0.52359 0.369026
vn -0.0933618 -3.10715e-16 -0.995632
f 90/11343/23 92/11344/23 3836/11345/1158 3835/11346/1159 

vt -0.522425 0.120706
vt -0.52359 0.0870326
vn -0.182776 0.182778 -0.966015
vt -0.489896 0.0870326
vt -0.493516 0.116084
f 96/11347/29 3836/11348/1160 92/11349/26 94/11350/25 

vt -0.472441 0.0688843
vn -3.92273e-17 0.0933626 -0.995632
vt -0.0393701 0.0688843
vt -0.0393701 0.102578
vn -5.90974e-19 0.707107 -0.707106
v -4.40464 12.1569 -55.8417
vt -0.466177 0.102578
f 3771/11351/1161 3836/11352/1158 96/11353/1162 3837/11354/1162 

v -8.24553 6.37327 -56.0008
vn -7.76673e-17 -6.18334e-16 -1
v -8.24553 9.37327 -56.0008
v -12.2455 9.37327 -56.0008
v -12.2455 6.37327 -56.0008
f 3838/11201/1163 3839/11246/1163 3840/11247/1163 3841/11248/1163 3835/11249/1159 3836/1133/1158 3771/11250/1161 3770/11202/1163 

v -8.24553 6.37327 -51.0008
vt -2.41146 0.369026
v -8.24553 9.37327 -51.0008
vt -2.41146 0.487137
vt -2.60831 0.487137
vt -2.60831 0.369026
f 3842/11355/118 3843/11356/118 3839/11357/118 3838/11358/118 

v -12.2455 9.37327 -51.0008
vn -4.06007e-20 0.0933626 0.995632
v -12.2455 6.37327 -51.0008
f 3844/11240/137 3843/11241/137 3842/58/137 3773/398/137 3772/11242/1164 101/1169/41 104/11243/40 3845/11239/137 

vt -0.314961 2.41146
vn 0 -1 -0
vt -0.15748 2.41146
vt -0.15748 2.60831
vt -0.314961 2.60831
f 3843/11359/1165 3844/11360/1165 3840/11361/1165 3839/11362/1165 

vt 2.41146 0.487137
vt 2.60831 0.487137
f 3844/11363/7 3845/11191/7 3841/11188/7 3840/11364/7 

v -12.2455 6.37327 -38.5008
vt 0.15748 1.91934
vn 1.08621e-17 1 2.45456e-17
v -8.24553 6.37327 -38.5008
vt 0.314961 1.91934
vt 0.472441 1.91934
vt 0.472441 2.41146
vt 0.314961 2.41146
vt 0.314961 2.60831
vt 0.15748 2.60831
vt 0.15748 2.41146
vt 0.0393701 2.41146
vn -0.0933618 0.995632 1.23266e-17
v -15.2455 6.37327 -38.5008
vt 0.0393701 1.91934
f 3846/11365/1166 3847/11366/1166 3774/11367/1166 3773/11368/1166 3842/11369/1166 3838/11370/1166 3841/11371/1166 3845/11372/1166 104/11373/1167 3848/11374/1167 

vt 0.472441 1.72249
vn 1.07632e-17 1 3.12134e-17
v -8.24553 6.37327 -33.5008
vt 0.314961 1.72249
v -12.2455 6.37327 -33.5008
vt 0.15748 1.72249
vt 0.0393701 1.72249
vn -0.0933618 0.995632 1.53953e-17
v -15.2455 6.37327 -23.5008
vt 0.0393701 1.32878
v -12.2455 6.37327 -23.5008
vt 0.15748 1.32878
v -8.24553 6.37327 -23.5008
vt 0.314961 1.32878
vt 0.472441 1.32878
f 3777/11375/1168 3849/11376/1168 3847/11366/1168 3846/11365/1168 3850/11377/1168 118/11378/1169 3851/11379/1169 3852/11380/1168 3853/11381/1168 3778/11382/1168 

vn 5.44735e-16 -1.76964e-16 1
v -12.2455 9.37327 -33.5008
v -8.24553 9.37327 -33.5008
vn 3.40628e-08 0.0933622 0.995632
f 3850/11239/1170 3854/11240/1170 3855/11241/1170 3849/58/1170 3777/398/1170 3776/11242/1171 115/1169/59 118/11243/58 

vt 1.72249 0.487137
v -12.2455 9.37327 -38.5008
vt 1.91934 0.487137
f 3854/11383/7 3850/11195/7 3846/11192/7 3856/11384/7 

vn -2.11458e-16 2.35317e-15 -1
vn -0.0933618 1.52458e-15 -0.995632
v -15.2455 11.316 -38.5008
vn -0.0624529 0.0624533 -0.996092
vn 3.40628e-08 0.0933622 -0.995632
v -8.24553 9.37327 -38.5008
f 3846/11248/1172 3848/11249/1173 3857/1133/1174 3775/11250/1175 3774/11202/1172 3847/11201/1172 3858/11246/1172 3856/11247/1172 

vt -0.36181 0.362763
vt -0.36181 0.56362
vt -0.395503 0.56362
vt -0.395503 0.369026
f 105/11385/43 106/11386/43 3857/11387/1174 3848/11388/1173 

vt -0.39434 0.244442
vt -0.395505 0.210769
vt -0.361811 0.210769
vt -0.365432 0.23982
f 110/11389/48 3857/11390/277 106/11391/46 108/11392/45 

vt -0.0393699 0.230667
vn -3.96264e-09 0.707107 -0.707107
v -4.40464 12.1569 -38.3417
vt -0.466177 0.230667
vt -0.472441 0.196973
vt -0.0393699 0.196973
f 110/11393/1176 3859/11394/1176 3775/11395/1175 3857/11396/1174 

vt -0.0393708 -1.73509
v -5.24553 12.316 -37.5008
vt -0.433072 -1.73509
vn 0.0624529 0.996092 -0.0624533
vt -0.466178 -1.76878
vt -0.0393708 -1.76878
f 109/11397/51 3860/11398/1177 3859/11399/1176 110/11400/1176 

vt 0.433071 1.87997
vt 0.0393701 1.87997
vt 0.0393701 1.76186
v -5.24553 12.316 -34.5008
vt 0.433071 1.76186
vn 0.0624529 0.996092 0.0624533
f 3860/11401/1177 109/11402/51 112/11403/50 3861/11404/1178 

vt 0.43307 1.84324
vt 0.0393694 1.84324
vt 0.0393694 1.80955
vn -3.96264e-09 0.707107 0.707107
v -4.40464 12.1569 -33.66
vt 0.466176 1.80955
f 3861/11405/1178 112/11406/50 116/11407/1179 3862/11408/1179 

vt -1.19457 1.36201
vt -1.21797 1.38624
vn -0.182776 0.966015 0.182778
vt -1.24138 1.36201
vt -1.21798 1.34443
f 116/11409/56 112/11410/1180 111/11411/54 114/11412/53 

vt 0.466177 0.907713
vt 0.0393702 0.907713
vt 0.0393702 0.87402
vt 0.472441 0.87402
f 3862/11413/1179 116/11414/1179 115/11415/59 3776/11416/1171 

vt 1.72249 0.465963
vt 1.91934 0.465963
vt 1.91307 0.499657
vn 0.707106 0.707107 -1.33349e-16
vt 1.72875 0.499657
f 3776/11417/1132 3775/11418/1132 3859/11419/1181 3862/11420/1181 

vt 1.72875 -0.347114
vt 1.91307 -0.347114
vt 1.87997 -0.313421
vt 1.76186 -0.313421
f 3862/11421/1181 3859/11422/1181 3860/11423/1177 3861/11424/1178 

vt -2.41773 0.0735952
vt -1.91307 0.0735952
vt -1.91934 0.107289
vt -2.41146 0.107289
f 103/11425/42 105/11426/42 3848/11427/1167 104/11428/1167 

vt -1.72249 0.369026
vn -1 -4.69994e-16 -3.7276e-33
vt -1.72249 0.487137
vt -1.91934 0.487137
vt -1.91934 0.369026
f 3849/11429/1182 3855/11430/1182 3858/11431/1182 3847/11432/1182 

vt -0.314961 1.72249
vt -0.15748 1.72249
vt -0.15748 1.91934
vt -0.314961 1.91934
f 3855/11433/1165 3854/11434/1165 3856/11435/1165 3858/11436/1165 

vt -1.72875 0.0735952
vt -1.32252 0.0735952
vt -1.32878 0.107289
vt -1.72249 0.107289
f 117/11437/60 119/11438/60 3851/11439/1169 118/11440/1169 

vt -0.252022 0.362763
vt -0.252022 0.56362
v -15.2455 11.316 -23.5008
vt -0.285715 0.56362
vt -0.285715 0.369026
vn -0.0933618 4.74694e-16 -0.995632
f 119/11441/61 120/11442/61 3863/11443/1158 3851/11444/1183 

vt -0.284551 0.350498
vt -0.285715 0.316825
vt -0.252022 0.316825
vt -0.255642 0.345876
f 124/11445/29 3863/11446/1160 120/11447/26 122/11448/25 

vt -0.472441 0.306761
vn -5.48278e-17 0.0933626 -0.995632
vt -0.0393701 0.306761
vt -0.0393701 0.340454
vn 3.66935e-20 0.707107 -0.707106
v -4.40464 12.1569 -23.3417
vt -0.466177 0.340454
f 3779/11449/1184 3863/11450/1158 124/11451/1185 3864/11452/1185 

v -8.24553 9.37327 -23.5008
vn -1.09237e-16 9.47439e-16 -1
v -12.2455 9.37327 -23.5008
f 3865/11246/1186 3866/11247/1186 3852/11248/1186 3851/11249/1183 3863/1133/1158 3779/11250/1184 3778/11202/1186 3853/11201/1186 

v -8.24553 9.37327 -18.5008
vt -0.314961 1.13193
v -12.2455 9.37327 -18.5008
vt -0.15748 1.13193
vt -0.15748 1.32878
vt -0.314961 1.32878
f 3867/11453/1165 3868/11454/1165 3866/11455/1165 3865/11456/1165 

v -12.2455 6.37327 -18.5008
vn 3.70177e-17 -1.59568e-16 1
v -8.24553 6.37327 -18.5008
vn 9.84212e-17 0.0933626 0.995632
f 3869/11239/1187 3868/11240/1187 3867/11241/1187 3870/58/1187 3781/398/1187 3780/11242/1188 129/1169/41 132/11243/64 

vt 1.13193 0.487137
vn 1 0 2.81997e-16
vt 1.32878 0.487137
f 3868/11457/1189 3869/11199/1189 3852/11196/1189 3866/11458/1189 

vt 0.15748 1.13193
vn -6.18529e-17 1 2.53277e-17
v -11.8829 6.37327 -14.5501
vt 0.171756 0.976393
f 3869/11459/1190 3871/11460/1190 3852/11380/1190

v -12.4945 6.37327 -14.0385
vt 0.14768 0.956249
f 3869/11459/1190 3872/11461/1190 3871/11460/1190

v -12.9527 6.37327 -13.386
vt 0.129638 0.930561
f 3869/11459/1190 3873/11462/1190 3872/11461/1190

v -13.2265 6.37327 -12.6371
vt 0.11886 0.901078
f 3869/11459/1190 3874/11463/1190 3873/11462/1190

vt 0.0393701 1.13193
vn -0.0933618 0.995632 1.21929e-17
f 132/11464/1191 3874/11463/1190 3869/11459/1190

v -13.2971 6.37327 -11.8429
vt 0.116079 0.86981
f 3874/11463/1190 132/11464/1191 3875/11465/1190

v -13.1598 6.37327 -11.0575
vt 0.121486 0.838888
f 132/11464/1191 3876/11466/1190 3875/11465/1190

v -15.2455 6.37327 -9.8217
vt 0.0393701 0.790235
vn -0.100562 0.993715 0.0491749
f 3877/11467/1192 3876/11466/1190 132/11464/1191

v -12.8239 6.37327 -10.3344
vt 0.134712 0.810419
f 3876/11466/1190 3877/11467/1192 3878/11468/1190

v -9.617 6.37327 -5.4427
vt 0.260966 0.617834
vn -0.0573293 0.995632 0.073688
f 3878/11468/1190 3877/11467/1192 3879/11469/1193

vt -0.173409 0.705193
vt -0.454171 0.705193
v -15.4227 6.21417 -8.89415
vt -0.437253 0.671499
vn -0.434199 0.707106 0.558097
v -10.9864 6.21417 -5.4427
vt -0.215962 0.671499
f 3879/11470/1193 3877/11471/1192 3880/11472/1194 3881/11473/1194 

vt -0.691716 0.397122
vn -0.571653 0.664782 0.480914
vt -0.723287 0.417732
vn -0.272095 0.953027 0.133055
vt -0.720339 0.38233
f 3880/11474/1195 3877/11475/1196 134/11476/68

vt -0.656668 0.532651
vt -0.688239 0.512041
vt -0.659616 0.497249
f 3877/11477/1196 133/11478/66 134/11479/68

vt -1.1382 0.0735952
vt -0.807153 0.0735952
vt -0.790235 0.107289
vt -1.13193 0.107289
f 131/11480/65 133/11481/65 3877/11482/1192 132/11483/1191 

vt -0.497947 0.422009
vn -0.695866 0.160655 0.699972
vt -0.501814 0.455633
vt -0.533707 0.451067
f 138/11484/1197 3880/11485/1195 134/11486/68

vt -0.215962 0.47073
vt -0.437253 0.47073
vt -0.434052 0.437037
vt -0.224013 0.437037
f 3881/11487/1194 3880/11488/1194 138/11489/72 140/11490/74 

vn 8.71724e-16 -1.58027e-16 -1
vt -0.260966 0.369026
vt -0.207051 0.362763
vt -0.19685 0.329656
vt -0.19685 0.56362
vn 4.87743e-16 0.0933618 -0.995632
f 186/11201/1198 3879/11491/1198 3881/11492/1198 140/11493/1198 173/11494/1199 187/389/1199 

v -9.33125 6.37327 -9.05751
vt 0.272216 0.760149
f 3882/11495/1190 3879/11469/1193 186/400/1190

v -10.1167 6.37327 -8.92018
vt 0.241294 0.754742
f 3883/11496/1190 3879/11469/1193 3882/11495/1190

v -10.9109 6.37327 -8.99081
vt 0.210026 0.757523
f 3884/11497/1190 3879/11469/1193 3883/11496/1190

v -11.6597 6.37327 -9.26459
vt 0.180543 0.768302
f 3885/11498/1190 3879/11469/1193 3884/11497/1190

v -12.3122 6.37327 -9.72285
vt 0.154855 0.786344
f 3886/11499/1190 3879/11469/1193 3885/11498/1190

f 3878/11468/1190 3879/11469/1193 3886/11499/1190

vt 0.535119 -0.179839
vn 0.542325 0.707107 -0.453744
vt 0.503728 -0.179839
v -11.971 5.87327 -10.0942
vt 0.506319 -0.207678
v -12.3981 5.87327 -10.6047
vt 0.532527 -0.207678
f 3878/11500/1200 3886/11501/1200 3887/11502/1200 3888/11503/1200 

vt 0.325227 -0.257009
vn 0.406408 0.707107 -0.578647
vt 0.293835 -0.257009
v -11.4262 5.87327 -9.71159
vt 0.296427 -0.284847
vt 0.322635 -0.284847
f 3886/11504/1201 3885/11505/1201 3889/11506/1201 3887/11507/1201 

vt 0.0942405 -0.293136
vn 0.242795 0.707107 -0.664116
vt 0.0628493 -0.293136
v -10.801 5.87327 -9.48301
vt 0.0654409 -0.320974
vt 0.0916489 -0.320974
f 3885/11508/1202 3884/11509/1202 3890/11510/1202 3889/11511/1202 

vt -0.142098 -0.285758
vn 0.0626361 0.707107 -0.704327
vt -0.17349 -0.285758
v -10.1379 5.87327 -9.42405
vt -0.170898 -0.313597
vt -0.14469 -0.313597
f 3884/11512/1203 3883/11513/1203 3891/11514/1203 3890/11515/1203 

vt -0.367684 -0.235379
vn -0.121791 0.707107 -0.696539
vt -0.399075 -0.235379
v -9.48221 5.87327 -9.5387
vt -0.396483 -0.263218
vt -0.370275 -0.263218
f 3883/11516/1204 3882/11517/1204 3892/11518/1204 3891/11519/1204 

vt -0.567143 -0.145431
vn -0.297919 0.707107 -0.641283
v -8.60814 6.37327 -9.39345
vt -0.598534 -0.145431
v -8.8785 5.87327 -9.81917
vt -0.595942 -0.17327
vt -0.569734 -0.17327
f 3882/11520/1205 3893/11521/1205 3894/11522/1205 3892/11523/1205 

vt 0.300685 0.773375
f 3882/11495/1190 186/400/1190 3893/11524/1190

v -7.99661 6.37327 -9.90509
vt 0.324761 0.793518
f 3893/11524/1190 186/400/1190 3895/11525/1190

f 3895/11525/1190 186/400/1190 189/399/1190

v -7.53834 6.37327 -10.5576
vt 0.342803 0.819207
f 3895/11525/1190 189/399/1190 3896/11526/1190

v -7.26457 6.37327 -11.3064
vt 0.353581 0.848689
f 3896/11526/1190 189/399/1190 3897/11527/1190

v -7.19394 6.37327 -12.1006
vt 0.356362 0.879957
f 3897/11527/1190 189/399/1190 3898/11528/1190

vt 0.472441 1.13193
f 3781/11529/1190 3898/11528/1190 189/399/1190

v -7.33564 6.37327 -12.9111
vt 0.350783 0.911864
f 3781/11529/1190 3899/11530/1190 3898/11528/1190

v -7.65091 6.37327 -13.5897
vt 0.338371 0.938582
f 3781/11529/1190 3900/11531/1190 3899/11530/1190

v -8.17885 6.37327 -14.2207
vt 0.317586 0.963424
f 3781/11529/1190 3901/11532/1190 3900/11531/1190

vt 0.314961 1.13193
f 3870/11533/1190 3901/11532/1190 3781/11529/1190

v -8.83133 6.37327 -14.679
vt 0.291898 0.981466
f 3901/11532/1190 3870/11533/1190 3902/11534/1190

f 3853/11381/1190 3902/11534/1190 3870/11533/1190

v -9.58019 6.37327 -14.9527
vt 0.262415 0.992245
f 3853/11381/1190 3903/11535/1190 3902/11534/1190

v -10.3744 6.37327 -15.0234
vt 0.231147 0.995025
f 3853/11381/1190 3904/11536/1190 3903/11535/1190

v -11.1598 6.37327 -14.886
vt 0.200225 0.989619
f 3853/11381/1190 3905/11537/1190 3904/11536/1190

f 3853/11381/1190 3871/11460/1190 3905/11537/1190

f 3852/11380/1190 3871/11460/1190 3853/11381/1190

vt 0.598534 0.835916
vn 0.297919 0.707107 0.641283
vt 0.567143 0.835916
v -11.6126 5.87327 -14.1244
vt 0.569734 0.808077
v -11.0089 5.87327 -14.4048
vt 0.595942 0.808077
f 3905/11538/1206 3871/11539/1206 3906/11540/1206 3907/11541/1206 

vt 0.758273 0.71253
vn 0.453744 0.707107 0.542325
vt 0.726882 0.71253
v -12.1231 5.87327 -13.6972
vt 0.729474 0.684691
vt 0.755682 0.684691
f 3871/11542/1207 3872/11543/1207 3908/11544/1207 3906/11545/1207 

vt 0.867407 0.564114
vn 0.578647 0.707107 0.406408
vt 0.836016 0.564114
v -12.5057 5.87327 -13.1525
vt 0.838607 0.536275
vt 0.864815 0.536275
f 3872/11546/1208 3873/11547/1208 3909/11548/1208 3908/11549/1208 

vt 0.918498 0.400782
vn 0.664116 0.707107 0.242795
vt 0.887107 0.400782
v -12.7343 5.87327 -12.5273
vt 0.889699 0.372943
vt 0.915907 0.372943
f 3873/11550/1209 3874/11551/1209 3910/11552/1209 3909/11553/1209 

vt 0.908065 0.233665
vn 0.704327 0.707107 0.0626361
vt 0.876674 0.233665
v -12.7933 5.87327 -11.8642
vt 0.879265 0.205826
vt 0.905473 0.205826
f 3874/11554/1210 3875/11555/1210 3911/11556/1210 3910/11557/1210 

vt 0.836818 0.0741521
vn 0.696539 0.707107 -0.121791
vt 0.805427 0.0741521
v -12.6786 5.87327 -11.2085
vt 0.808018 0.0463133
vt 0.834226 0.0463133
f 3875/11558/1211 3876/11559/1211 3912/11560/1211 3911/11561/1211 

vt 0.709613 -0.0668865
vn 0.641283 0.707107 -0.297919
vt 0.678222 -0.0668865
vt 0.680813 -0.0947254
vt 0.707021 -0.0947254
f 3876/11562/1212 3878/11563/1212 3888/11564/1212 3912/11565/1212 

vt 0.680813 0.349341
vn 0.844159 1.90305e-16 -0.536093
v -12.3981 3.27327 -10.6047
vt 0.680813 0.246979
v -12.6786 3.27327 -11.2085
vt 0.707021 0.246979
vn 0.954146 1.67171e-16 -0.299341
vt 0.707021 0.349341
f 3888/11566/1213 3913/11567/1213 3914/11568/1214 3912/11569/1214 

vt 0.506319 0.349341
vn 0.676644 1.37511e-16 -0.73631
v -11.971 3.27327 -10.0942
vt 0.506319 0.246979
vt 0.532527 0.246979
vt 0.532527 0.349341
f 3887/11570/1215 3915/11571/1215 3913/11572/1213 3888/11573/1213 

vt 0.296427 0.349341
vn 0.463017 2.28439e-16 -0.886349
v -11.4262 3.27327 -9.71159
vt 0.296427 0.246979
vt 0.322635 0.246979
vt 0.322635 0.349341
f 3889/11574/1216 3916/11575/1216 3915/11576/1215 3887/11577/1215 

vt 0.0654409 0.349341
vn 0.217836 2.74286e-16 -0.975985
v -10.801 3.27327 -9.48301
vt 0.0654409 0.246979
vt 0.0916489 0.246979
vt 0.0916489 0.349341
f 3890/11578/1217 3917/11579/1217 3916/11580/1216 3889/11581/1216 

vt -0.170898 0.349341
vn -0.0421901 1.35569e-16 -0.99911
v -10.1379 3.27327 -9.42405
vt -0.170898 0.246979
vt -0.14469 0.246979
vt -0.14469 0.349341
f 3891/11582/1218 3918/11583/1218 3917/11584/1217 3890/11585/1217 

vt -0.396483 0.349341
vn -0.299341 8.29873e-17 -0.954146
v -9.48221 3.27327 -9.5387
vt -0.396483 0.246979
vt -0.370275 0.246979
vt -0.370275 0.349341
f 3892/11586/1219 3919/11587/1219 3918/11588/1218 3891/11589/1218 

vt -0.595942 0.349341
vn -0.536093 2.50484e-16 -0.844159
v -8.8785 3.27327 -9.81917
vt -0.595942 0.246979
vt -0.569734 0.246979
vt -0.569734 0.349341
f 3894/11590/1220 3920/11591/1220 3919/11592/1219 3892/11593/1219 

v -8.36794 5.87327 -10.2463
vt -0.755682 0.349341
vn -0.73631 4.63245e-16 -0.676644
v -8.36794 3.27327 -10.2463
vt -0.755682 0.246979
vt -0.729474 0.246979
vt -0.729474 0.349341
f 3921/11594/1221 3922/11595/1221 3920/11596/1220 3894/11597/1220 

v -7.98534 5.87327 -10.7911
vt -0.864815 0.349341
vn -0.886349 4.95741e-16 -0.463017
v -7.98534 3.27327 -10.7911
vt -0.864815 0.246979
vt -0.838607 0.246979
vt -0.838607 0.349341
f 3923/11598/1222 3924/11599/1222 3922/11600/1221 3921/11601/1221 

v -7.75677 5.87327 -11.4163
vt -0.915907 0.349341
vn -0.975985 2.48117e-16 -0.217836
v -7.75677 3.27327 -11.4163
vt -0.915907 0.246979
vt -0.889699 0.246979
vt -0.889699 0.349341
f 3925/11602/1223 3926/11603/1223 3924/11604/1222 3923/11605/1222 

v -7.6978 5.87327 -12.0794
vt -0.905473 0.349341
vn -0.99911 1.34523e-16 0.0421901
v -7.6978 3.27327 -12.0794
vt -0.905473 0.246979
vt -0.879265 0.246979
vt -0.879265 0.349341
f 3927/11606/1224 3928/11607/1224 3926/11608/1223 3925/11609/1223 

v -7.81246 5.87327 -12.7351
vt -0.834226 0.349341
vn -0.954146 3.56118e-16 0.299341
v -7.81246 3.27327 -12.7351
vt -0.834226 0.246979
vt -0.808018 0.246979
vt -0.808018 0.349341
f 3929/11610/1225 3930/11611/1225 3928/11612/1224 3927/11613/1224 

v -8.09293 5.87327 -13.3388
vt -0.707021 0.349341
vn -0.844159 3.48806e-16 0.536093
v -8.09293 3.27327 -13.3388
vt -0.707021 0.246979
vt -0.680813 0.246979
vt -0.680813 0.349341
f 3931/11614/1226 3932/11615/1226 3930/11616/1225 3929/11617/1225 

v -8.52009 5.87327 -13.8494
vt -0.532527 0.349341
vn -0.676644 1.83691e-16 0.73631
v -8.52009 3.27327 -13.8494
vt -0.532527 0.246979
vt -0.506319 0.246979
vt -0.506319 0.349341
f 3933/11618/1227 3934/11619/1227 3932/11620/1226 3931/11621/1226 

v -9.06484 5.87327 -14.232
vt -0.322635 0.349341
vn -0.463017 1.75944e-16 0.886349
v -9.06484 3.27327 -14.232
vt -0.322635 0.246979
vt -0.296427 0.246979
vt -0.296427 0.349341
f 3935/11622/1228 3936/11623/1228 3934/11624/1227 3933/11625/1227 

v -9.69005 5.87327 -14.4605
vt -0.0916489 0.349341
vn -0.217836 1.19464e-16 0.975985
v -9.69005 3.27327 -14.4605
vt -0.0916489 0.246979
vt -0.0654409 0.246979
vt -0.0654409 0.349341
f 3937/11626/1229 3938/11627/1229 3936/11628/1228 3935/11629/1228 

v -10.3531 5.87327 -14.5195
vt 0.14469 0.349341
vn 0.0421901 4.87569e-19 0.99911
v -10.3531 3.27327 -14.5195
vt 0.14469 0.246979
vt 0.170898 0.246979
vt 0.170898 0.349341
f 3939/11630/1230 3940/11631/1230 3938/11632/1229 3937/11633/1229 

vt 0.370275 0.349341
vn 0.299341 -8.1175e-17 0.954146
v -11.0089 3.27327 -14.4048
vt 0.370275 0.246979
vt 0.396483 0.246979
vt 0.396483 0.349341
f 3907/11634/1231 3941/11635/1231 3940/11636/1230 3939/11637/1230 

vt 0.569734 0.349341
vn 0.536093 -2.34637e-16 0.844159
v -11.6126 3.27327 -14.1244
vt 0.569734 0.246979
vt 0.595942 0.246979
vt 0.595942 0.349341
f 3906/11638/1232 3942/11639/1232 3941/11640/1231 3907/11641/1231 

vt 0.729474 0.349341
vn 0.73631 -3.99531e-16 0.676644
v -12.1231 3.27327 -13.6972
vt 0.729474 0.246979
vt 0.755682 0.246979
vt 0.755682 0.349341
f 3908/11642/1233 3943/11643/1233 3942/11644/1232 3906/11645/1232 

vt 0.838607 0.349341
vn 0.886349 -3.97863e-16 0.463017
v -12.5057 3.27327 -13.1525
vt 0.838607 0.246979
vt 0.864815 0.246979
vt 0.864815 0.349341
f 3909/11646/1234 3944/11647/1234 3943/11648/1233 3908/11649/1233 

vt 0.889699 0.349341
vn 0.975985 -2.00305e-16 0.217836
v -12.7343 3.27327 -12.5273
vt 0.889699 0.246979
vt 0.915907 0.246979
vt 0.915907 0.349341
f 3910/11650/1235 3945/11651/1235 3944/11652/1234 3909/11653/1234 

vt 0.879265 0.349341
vn 0.99911 2.37801e-17 -0.0421901
v -12.7933 3.27327 -11.8642
vt 0.879265 0.246979
vt 0.905473 0.246979
vt 0.905473 0.349341
f 3911/11654/1236 3946/11655/1236 3945/11656/1235 3910/11657/1235 

vt 0.808018 0.349341
vt 0.808018 0.246979
vt 0.834226 0.246979
vt 0.834226 0.349341
f 3912/11658/1214 3914/11659/1214 3946/11660/1236 3911/11661/1236 

vt 0.320969 0.928704
vt 0.304151 0.948805
vt 0.282704 0.963868
vt 0.25809 0.972867
vt 0.231985 0.975188
vt 0.206169 0.970674
vt 0.1824 0.959632
vt 0.1623 0.942815
vt 0.147237 0.921368
vt 0.138238 0.896753
vt 0.135916 0.870648
vt 0.14043 0.844832
vt 0.151472 0.821063
vt 0.16829 0.800963
vt 0.189736 0.7859
vt 0.214351 0.776901
vt 0.240456 0.774579
vt 0.266272 0.779094
vt 0.290041 0.790136
vt 0.310141 0.806953
vt 0.325204 0.8284
vt 0.334203 0.853014
vt 0.336525 0.879119
vt 0.332011 0.904936
f 3932/11662/3 3934/11663/3 3936/11664/3 3938/11665/3 3940/11666/3 3941/11667/3 3942/11668/3 3943/11669/3 3944/11670/3 3945/11671/3 3946/11672/3 3914/11673/3 3913/11674/3 3915/11675/3 3916/11676/3 3917/11677/3 3918/11678/3 3919/11679/3 3920/11680/3 3922/11681/3 3924/11682/3 3926/11683/3 3928/11684/3 3930/11685/3 

vt 0.399075 0.925864
vn 0.121791 0.707107 0.696539
vt 0.367684 0.925864
vt 0.370275 0.898025
vt 0.396483 0.898025
f 3904/11686/1237 3905/11687/1237 3907/11688/1237 3939/11689/1237 

vt 0.17349 0.976243
vn -0.0626361 0.707107 0.704327
vt 0.142098 0.976243
vt 0.14469 0.948404
vt 0.170898 0.948404
f 3903/11690/1238 3904/11691/1238 3939/11692/1238 3937/11693/1238 

vt -0.0628493 0.98362
vn -0.242795 0.707107 0.664116
vt -0.0942405 0.98362
vt -0.0916489 0.955781
vt -0.0654409 0.955781
f 3902/11694/1239 3903/11695/1239 3937/11696/1239 3935/11697/1239 

vt -0.293835 0.947493
vn -0.406408 0.707107 0.578647
vt -0.325227 0.947493
vt -0.322635 0.919654
vt -0.296427 0.919654
f 3901/11698/1240 3902/11699/1240 3935/11700/1240 3933/11701/1240 

vt -0.502728 0.870324
vn -0.542325 0.707107 0.453744
vt -0.535119 0.870324
vt -0.532527 0.842485
vt -0.506319 0.842485
f 3900/11702/1241 3901/11703/1241 3933/11704/1241 3931/11705/1241 

vt -0.679187 0.759076
vn -0.637083 0.711708 0.295968
vt -0.708648 0.759076
vt -0.707021 0.731054
vt -0.680813 0.731054
f 3899/11706/1242 3900/11707/1242 3931/11708/1242 3929/11709/1242 

vt -0.805427 0.616332
vn -0.696539 0.707107 0.121791
vt -0.837818 0.616332
vt -0.834226 0.588494
vt -0.808018 0.588494
f 3898/11710/1243 3899/11711/1243 3929/11712/1243 3927/11713/1243 

vt -0.876674 0.456819
vn -0.704327 0.707107 -0.0626361
vt -0.908065 0.456819
vt -0.905473 0.428981
vt -0.879265 0.428981
f 3897/11714/1244 3898/11715/1244 3927/11716/1244 3925/11717/1244 

vt -0.887107 0.289703
vn -0.664116 0.707107 -0.242795
vt -0.918498 0.289703
vt -0.915907 0.261864
vt -0.889699 0.261864
f 3896/11718/1245 3897/11719/1245 3925/11720/1245 3923/11721/1245 

vt -0.836016 0.126371
vn -0.578647 0.707107 -0.406408
vt -0.867407 0.126371
vt -0.864815 0.098532
vt -0.838607 0.098532
f 3895/11722/1246 3896/11723/1246 3923/11724/1246 3921/11725/1246 

vt -0.726882 -0.0220453
vn -0.453744 0.707107 -0.542325
vt -0.758273 -0.0220453
vt -0.755682 -0.0498842
vt -0.729474 -0.0498842
f 3893/11726/1247 3895/11727/1247 3921/11728/1247 3894/11729/1247 

vt -1.13193 0.369026
vn -1 6.83807e-31 -2.81997e-16
vt -1.13193 0.487137
vt -1.32878 0.487137
vt -1.32878 0.369026
f 3870/11730/1248 3867/11731/1248 3865/11732/1248 3853/11733/1248 

vt -0.203114 0.472628
vt -0.308697 0.472628
vt -0.314961 0.438935
vt -0.19685 0.438935
f 172/11734/109 174/11735/109 187/11736/1199 173/11737/1199 

vt 0.61157 0.528935
vt 0.111846 0.528935
vt 0.11811 0.495241
vt 0.617834 0.495241
f 174/11738/110 175/11739/110 184/11740/123 187/11741/123 

vt -0.308697 0.565531
vt -6.44588 0.565531
vt -6.43962 0.531837
vt -0.314961 0.531837
f 175/11742/111 176/11743/111 182/11744/121 184/11745/121 

vt -0.111846 1.78466
vt -5.02212 1.78466
vt -5.01586 1.75097
vt -0.11811 1.75097
f 176/11746/112 177/11747/112 180/11748/119 182/11749/119 

vt -0.548195 0.406017
vt -0.510914 0.406017
vt -0.546783 0.434939
f 135/11750/69 138/11751/1197 134/11752/68

vt 0.0393701 0.764232
vt 0.472441 0.764232
v -4.40464 12.1569 -18.66
vt 0.466177 0.797926
vn 1.34074e-16 0.707107 0.707106
vt 0.0393701 0.797926
f 129/11753/41 3780/11754/1188 3947/11755/1249 130/11756/1249 

vt 1.13193 0.465963
vt 1.32878 0.465963
vt 1.32252 0.499657
vn 0.707106 0.707107 -8.94028e-19
vt 1.1382 0.499657
f 3780/11757/1133 3779/11758/1133 3864/11759/1250 3947/11760/1250 

vt 1.1382 -0.347114
vt 1.32252 -0.347114
v -5.24553 12.316 -22.5008
vt 1.28941 -0.313421
vn 0.062453 0.996092 -0.062453
v -5.24553 12.316 -19.5008
vt 1.1713 -0.313421
vn 0.062453 0.996092 0.062453
f 3947/11761/1250 3864/11762/1250 3948/11763/1251 3949/11764/1252 

vt -0.466177 -1.18853
vt -0.0393701 -1.18853
vt -0.0393701 -1.15484
vt -0.433071 -1.15484
f 3864/11765/1185 124/11766/1185 123/11767/32 3948/11768/1251 

vt 0.433071 1.28941
vt 0.0393701 1.28941
vt 0.0393701 1.1713
vt 0.433071 1.1713
f 3948/11769/1251 123/11770/32 126/11771/31 3949/11772/1252 

vt 0.0393701 1.22929
vt 0.466177 1.22929
vt 0.433071 1.26299
vt 0.0393701 1.26299
f 130/11773/1249 3947/11774/1249 3949/11775/1252 126/11776/31 

vt -0.776989 0.958613
vt -0.800398 0.982847
vt -0.823808 0.958613
vt -0.800398 0.941033
f 130/11777/38 126/11778/103 125/11779/35 128/11780/34 

vt 0.0393701 3.12807
vt 0.0393701 2.60831
vn 1.0884e-17 1 2.3116e-17
vt 0.472441 2.60831
vt 0.472441 3.12807
v -8.24553 6.37327 -69.2026
vt 0.314961 3.12807
v -12.2455 6.37327 -69.2026
vt 0.15748 3.12807
f 3834/11781/1157 3835/11782/1157 3841/11371/1253 3838/11370/1253 3770/11783/1253 3769/11784/1253 3950/11785/1253 3804/11237/1253 3803/11236/1253 3951/11786/1253 

v -12.2455 9.37327 -69.2026
vn -7.76673e-17 -6.18334e-16 1
v -8.24553 9.37327 -69.2026
vn -3.90954e-17 0.0933618 0.995632
f 3952/11240/1254 3953/11241/1254 3950/58/1254 3769/398/1254 3768/11242/1255 3832/1169/205 3834/11243/1156 3951/11239/1254 

vt -0.314961 3.12807
vt -0.15748 3.12807
v -12.2455 9.37327 -74.2026
vt -0.15748 3.32492
v -8.24553 9.37327 -74.2026
vt -0.314961 3.32492
f 3953/11787/1165 3952/11788/1165 3954/11789/1165 3955/11790/1165 

vt 3.12807 0.487137
vt 3.32492 0.487137
f 3952/11791/7 3951/11187/7 3803/11184/7 3954/11792/7 

vn 1.55335e-16 1.23667e-15 -1
vn -0.0933618 6.20854e-16 -0.995632
v -15.2455 11.316 -74.2026
vn 7.82618e-17 0.0933618 -0.995632
f 3955/11246/1256 3954/11247/1256 3803/11248/1256 3802/11249/1257 3956/1133/271 3767/11250/1258 3766/11202/1256 3804/11201/1256 

vt -0.623119 0.362763
vt -0.623119 0.56362
vt -0.656812 0.56362
vt -0.656812 0.369026
f 3822/11793/23 3823/11794/23 3956/11795/271 3802/11796/1257 

vt -0.65565 -0.00798692
vt -0.656815 -0.0416603
vt -0.623121 -0.0416603
vt -0.626741 -0.012609
f 3827/11797/48 3956/11798/277 3823/11799/46 3825/11800/45 

vt -0.0393701 -0.0306401
vn 3.75412e-20 0.707106 -0.707107
v -4.40464 12.1569 -74.0435
vt -0.466177 -0.0306401
vt -0.472441 -0.0643336
vt -0.0393701 -0.0643336
f 3827/11801/1259 3957/11802/1259 3767/11803/1258 3956/11804/271 

vt -0.0393701 -3.11617
v -5.24553 12.316 -73.2026
vt -0.433071 -3.11617
vt -0.466177 -3.14986
vt -0.0393701 -3.14986
f 3826/11805/1152 3958/11806/100 3957/11807/1259 3827/11808/1259 

vt 0.0393701 3.28555
vt 0.0393701 3.16744
v -5.24553 12.316 -70.2026
vt 0.433071 3.16744
vt 0.433071 3.28555
f 3826/11809/1152 3829/11810/1151 3959/11811/99 3958/11812/100 

vt 0.433071 3.22432
vt 0.0393701 3.22432
vt 0.0393701 3.19063
vn -3.7832e-19 0.707106 0.707107
v -4.40464 12.1569 -69.3617
vt 0.466177 3.19063
f 3959/11813/99 3829/11814/1151 3833/11815/1260 3960/11816/1260 

vt -2.18846 2.32213
vt -2.21187 2.34637
vt -2.23528 2.32213
vt -2.21187 2.30455
f 3833/11817/56 3829/11818/1180 3828/11819/54 3831/11820/53 

vt 0.466177 1.16902
vt 0.0393701 1.16902
vt 0.0393701 1.13533
vt 0.472441 1.13533
f 3960/11821/1260 3833/11822/1260 3832/11823/205 3768/11824/1255 

vt 3.12807 0.465964
vt 3.32492 0.465964
vt 3.31865 0.499658
vn 0.707107 0.707106 1.33553e-16
vt 3.13433 0.499658
f 3768/11825/1130 3767/11826/1130 3957/11827/1261 3960/11828/1261 

vt 3.13433 -0.347113
vt 3.31865 -0.347113
vt 3.28555 -0.313419
vt 3.16744 -0.313419
f 3960/11829/1261 3957/11830/1261 3958/11831/100 3959/11832/99 

vt -3.76555 0.0735952
vt -3.31865 0.0735952
vt -3.32492 0.107289
vt -3.75929 0.107289
f 3821/11833/1154 3822/11834/1154 3802/11835/1139 3801/11836/1139 

vt -3.12807 0.369026
vt -3.12807 0.487137
vt -3.32492 0.487137
vt -3.32492 0.369026
f 3950/11837/118 3953/11838/118 3955/11839/118 3804/11840/118 

vt 0.0393701 1.00211
vt 0.472441 1.00211
v -4.40464 12.1569 -51.16
vt 0.466177 1.0358
vn -4.7811e-19 0.707107 0.707106
vt 0.0393701 1.0358
f 101/11841/41 3772/11842/1164 3961/11843/1262 102/11844/1262 

vt 2.41146 0.465963
vt 2.60831 0.465963
vt 2.60205 0.499657
vn 0.707106 0.707107 2.96923e-19
vt 2.41773 0.499657
f 3772/11845/1131 3771/11846/1131 3837/11847/1263 3961/11848/1263 

vt 2.41773 -0.347114
vt 2.60205 -0.347114
v -5.24553 12.316 -55.0008
vt 2.56894 -0.313421
v -5.24553 12.316 -52.0008
vt 2.45083 -0.313421
f 3961/11849/1263 3837/11850/1263 3962/11851/1251 3963/11852/1252 

vt -0.466177 -2.44575
vt -0.0393701 -2.44575
vt -0.0393701 -2.41206
vt -0.433071 -2.41206
f 3837/11853/1162 96/11854/1162 95/11855/32 3962/11856/1251 

vt 0.0393701 2.56894
vt 0.0393701 2.45083
vt 0.433071 2.45083
vt 0.433071 2.56894
f 95/11857/32 98/11858/31 3963/11859/1252 3962/11860/1251 

vt 0.0393701 2.48651
vt 0.466177 2.48651
vt 0.433071 2.52021
vt 0.0393701 2.52021
f 102/11861/1262 3961/11862/1262 3963/11863/1252 98/11864/31 

vt -1.68175 1.83263
vt -1.70516 1.85686
vt -1.72857 1.83263
vt -1.70516 1.81505
f 102/11865/38 98/11866/103 97/11867/35 100/11868/34 

v -4.40464 12.1569 -85.3947
vt 0.466177 1.28637
vn -1.63729e-19 0.707106 0.707107
vt 0.0393701 1.28637
vt 0.0393701 1.25268
vt 0.472441 1.25268
f 3964/11869/1264 3820/11870/1264 3807/11871/205 3764/11872/1141 

v -5.24553 12.316 -86.2356
vt 0.433071 3.84454
vt 0.0393701 3.84454
vt 0.0393701 3.81084
vt 0.466177 3.81084
f 3965/11873/99 3817/11874/1151 3820/11875/1264 3964/11876/1264 

vt 0.0393701 3.91677
vt 0.0393701 3.79866
vt 0.433071 3.79866
v -5.24553 12.316 -89.2356
vt 0.433071 3.91677
f 3814/11877/1152 3817/11878/1151 3965/11879/99 3966/11880/100 

vt 3.76555 -0.347113
vn 0.707107 0.707106 -3.93876e-19
v -4.40464 12.1569 -90.0765
vt 3.94987 -0.347113
vt 3.91677 -0.313419
vt 3.79866 -0.313419
f 3964/11881/1265 3967/11882/1265 3966/11883/100 3965/11884/99 

vt 3.75929 0.465964
vt 3.95614 0.465964
vt 3.94987 0.499658
vt 3.76555 0.499658
f 3764/11885/1129 3763/11886/1129 3967/11887/1265 3964/11888/1265 

vt -0.0393701 -0.147989
vn -2.78526e-21 0.707106 -0.707107
vt -0.466177 -0.147989
vt -0.472441 -0.181682
vt -0.0393701 -0.181682
f 3815/11889/1266 3967/11890/1266 3763/11891/1146 3810/11892/271 

vt -0.0393701 -3.73638
vt -0.433071 -3.73638
vt -0.466177 -3.77008
vt -0.0393701 -3.77008
f 3814/11893/1152 3966/11894/100 3967/11895/1266 3815/11896/1266 

vt -0.773 -0.121348
vt -0.774164 -0.155022
vt -0.740471 -0.155022
vt -0.744091 -0.12597
f 3815/11897/48 3810/11898/277 3811/11899/46 3813/11900/45 

vt -2.63479 2.75331
vt -2.6582 2.77754
vt -2.68161 2.75331
vt -2.6582 2.73573
f 3820/11901/56 3817/11902/1180 3816/11903/54 3819/11904/53 

v -8.0128 6.37327 -94.6514
vt 0.324123 4.12999
vt 0.472441 3.95614
f 3968/11905/13 3798/11230/13 3762/11906/13

v -8.6283 6.37327 -94.1446
vt 0.299891 4.11003
f 3969/11907/13 3798/11230/13 3968/11905/13

v -9.35401 6.37327 -93.8143
vt 0.27132 4.09703
f 3970/11908/13 3798/11230/13 3969/11907/13

v -10.1405 6.37327 -93.6831
vt 0.240356 4.09186
f 3971/11909/13 3798/11230/13 3970/11908/13

v -10.9341 6.37327 -93.7599
vt 0.209111 4.09489
f 3972/11910/13 3798/11230/13 3971/11909/13

f 3797/11229/13 3798/11230/13 3972/11910/13

vt 1.27156 -2.50256
vn 0.247968 0.707107 -0.662202
vt 1.24016 -2.50256
v -10.8204 5.87327 -94.2512
vt 1.24276 -2.5304
v -11.4438 5.87327 -94.4847
vt 1.26896 -2.5304
f 3797/11911/1267 3972/11912/1267 3973/11913/1267 3974/11914/1267 

vt 0.186396 -2.63536
vn 0.0681283 0.707107 -0.703817
vt 0.155005 -2.63536
v -10.1578 5.87327 -94.1871
vt 0.157596 -2.6632
vt 0.183804 -2.6632
f 3972/11915/1268 3971/11916/1268 3975/11917/1268 3973/11918/1268 

vt -0.910396 -2.56504
vn -0.116354 0.707107 -0.697468
vt -0.941787 -2.56504
v -9.50122 5.87327 -94.2966
vt -0.939196 -2.59288
vt -0.912988 -2.59288
f 3971/11919/1269 3970/11920/1269 3976/11921/1269 3975/11922/1269 

vt -1.94408 -2.29639
vn -0.292908 0.707107 -0.643588
vt -1.97547 -2.29639
v -8.89533 5.87327 -94.5724
vt -1.97288 -2.32422
vt -1.94667 -2.32422
f 3970/11923/1270 3969/11924/1270 3977/11925/1270 3976/11926/1270 

vt -2.8442 -1.84771
vn -0.4495 0.707107 -0.545848
vt -2.87559 -1.84771
v -8.38146 5.87327 -94.9956
vt -2.873 -1.87555
vt -2.84679 -1.87555
f 3969/11927/1271 3968/11928/1271 3978/11929/1271 3977/11930/1271 

vt -3.54943 -1.24959
vn -0.575459 0.707107 -0.410909
v -7.54946 6.37327 -95.3003
vt -3.58082 -1.24959
v -7.99462 5.87327 -95.5373
vt -3.57823 -1.27743
vt -3.55202 -1.27743
f 3968/11931/1272 3979/11932/1272 3980/11933/1272 3978/11934/1272 

vt 0.342365 4.15554
f 3968/11905/13 3762/11906/13 3979/11935/13

v -7.26985 6.37327 -96.047
vt 0.353373 4.18493
f 3979/11935/13 3762/11906/13 3981/11936/13

v -7.19005 6.37327 -96.8714
vt 0.356515 4.21739
f 3981/11936/13 3762/11906/13 3982/11937/13

f 3761/49/13 3982/11937/13 3762/11906/13

v -7.31142 6.37327 -97.599
vt 0.351737 4.24603
f 3761/49/13 3983/11938/13 3982/11937/13

v -7.65451 6.37327 -98.3528
vt 0.338229 4.27571
f 3761/49/13 3984/11939/13 3983/11938/13

f 3761/49/13 3782/11203/13 3984/11939/13

vt -3.08561 2.3675
vn -0.545848 0.707107 0.4495
vt -3.117 2.3675
v -8.5055 5.87327 -98.5997
vt -3.11441 2.33966
v -8.08233 5.87327 -98.0858
vt -3.0882 2.33966
f 3984/11940/1273 3782/11941/1273 3985/11942/1273 3986/11943/1273 

vt -2.23974 2.86617
vn -0.410909 0.707107 0.575459
vt -2.27113 2.86617
v -9.04724 5.87327 -98.9865
vt -2.26854 2.83833
vt -2.24233 2.83833
f 3782/11944/1274 3783/11945/1274 3987/11946/1274 3985/11947/1274 

vt -1.24016 3.19304
vn -0.247968 0.707107 0.662202
vt -1.27156 3.19304
v -9.67065 5.87327 -99.22
vt -1.26896 3.1652
vt -1.24276 3.1652
f 3783/11948/1275 3784/11949/1275 3988/11950/1275 3987/11951/1275 

vt -0.155005 3.32584
vn -0.0681283 0.707107 0.703817
vt -0.186396 3.32584
v -10.3332 5.87327 -99.2841
vt -0.183804 3.298
vt -0.157596 3.298
f 3784/11952/1276 3785/11953/1276 3989/11954/1276 3988/11955/1276 

vt 0.941787 3.25552
vn 0.116354 0.707107 0.697468
vt 0.910396 3.25552
v -10.9899 5.87327 -99.1746
vt 0.912988 3.22768
vt 0.939196 3.22768
f 3785/11956/1277 3786/11957/1277 3990/11958/1277 3989/11959/1277 

vt 1.97547 2.98687
vn 0.292908 0.707107 0.643588
vt 1.94408 2.98687
v -11.5957 5.87327 -98.8988
vt 1.94667 2.95903
vt 1.97288 2.95903
f 3786/11960/1278 3787/11961/1278 3991/11962/1278 3990/11963/1278 

vt 2.87559 2.5382
vn 0.4495 0.707107 0.545848
vt 2.8442 2.5382
vt 2.84679 2.51036
vt 2.873 2.51036
f 3787/11964/1279 3788/11965/1279 3790/11966/1279 3991/11967/1279 

vt 2.84679 0.349341
vn 0.731009 2.79666e-16 0.682367
v -12.1096 3.27327 -98.4756
vt 2.84679 0.246979
v -11.5957 3.27327 -98.8988
vt 2.873 0.246979
vn 0.529491 -7.68673e-16 0.848315
vt 2.873 0.349341
f 3790/11968/1280 3992/11969/1280 3993/11970/1281 3991/11971/1281 

vt 3.55202 0.349341
vn 0.882711 -2.75701e-16 0.469917
v -12.4964 3.27327 -97.9339
vt 3.55202 0.246979
vt 3.57823 0.246979
vt 3.57823 0.349341
f 3789/11972/1282 3994/11973/1282 3992/11974/1280 3790/11975/1280 

vt 4.01429 0.349341
vn 0.974256 -5.94684e-16 0.225443
v -12.7299 3.27327 -97.3105
vt 4.01429 0.246979
vt 4.0405 0.246979
vt 4.0405 0.349341
f 3791/11976/1283 3995/11977/1283 3994/11978/1282 3789/11979/1282 

vt 4.2021 0.349341
vn 0.999408 2.85368e-16 -0.0343952
v -12.794 3.27327 -96.6479
vt 4.2021 0.246979
vt 4.22831 0.246979
vt 4.22831 0.349341
f 3792/11980/1284 3996/11981/1284 3995/11982/1283 3791/11983/1283 

vt 4.10265 0.349341
vn 0.956452 1.52235e-15 -0.291889
v -12.6845 3.27327 -95.9913
vt 4.10265 0.246979
vt 4.12886 0.246979
vt 4.12886 0.349341
f 3794/11984/1285 3997/11985/1285 3996/11986/1284 3792/11987/1284 

v -12.4087 5.87327 -95.3854
vt 3.72272 0.349341
vn 0.848315 1.82948e-15 -0.529491
v -12.4087 3.27327 -95.3854
vt 3.72272 0.246979
vt 3.74893 0.246979
vt 3.74893 0.349341
f 3998/11988/1286 3999/11989/1286 3997/11990/1285 3794/11991/1285 

v -11.9856 5.87327 -94.8715
vt 3.0882 0.349341
vn 0.682367 1.85029e-15 -0.731009
v -11.9856 3.27327 -94.8715
vt 3.0882 0.246979
vt 3.11441 0.246979
vt 3.11441 0.349341
f 4000/11992/1287 4001/11993/1287 3999/11994/1286 3998/11995/1286 

vt 2.24233 0.349341
vn 0.469917 3.14506e-15 -0.882711
v -11.4438 3.27327 -94.4847
vt 2.24233 0.246979
vt 2.26854 0.246979
vt 2.26854 0.349341
f 3974/11996/1288 4002/11997/1288 4001/11998/1287 4000/11999/1287 

vt 1.24276 0.349341
vn 0.225443 3.19955e-15 -0.974256
v -10.8204 3.27327 -94.2512
vt 1.24276 0.246979
vt 1.26896 0.246979
vt 1.26896 0.349341
f 3973/12000/1289 4003/12001/1289 4002/12002/1288 3974/12003/1288 

vt 0.157596 0.349341
vn -0.0343952 2.13685e-15 -0.999408
v -10.1578 3.27327 -94.1871
vt 0.157596 0.246979
vt 0.183804 0.246979
vt 0.183804 0.349341
f 3975/12004/1290 4004/12005/1290 4003/12006/1289 3973/12007/1289 

vt -0.939196 0.349341
vn -0.291889 1.91852e-15 -0.956452
v -9.50122 3.27327 -94.2966
vt -0.939196 0.246979
vt -0.912988 0.246979
vt -0.912988 0.349341
f 3976/12008/1291 4005/12009/1291 4004/12010/1290 3975/12011/1290 

vt -1.97288 0.349341
vn -0.529491 1.55355e-15 -0.848315
v -8.89533 3.27327 -94.5724
vt -1.97288 0.246979
vt -1.94667 0.246979
vt -1.94667 0.349341
f 3977/12012/1292 4006/12013/1292 4005/12014/1291 3976/12015/1291 

vt -2.873 0.349341
vn -0.731009 1.7234e-15 -0.682367
v -8.38146 3.27327 -94.9956
vt -2.873 0.246979
vt -2.84679 0.246979
vt -2.84679 0.349341
f 3978/12016/1293 4007/12017/1293 4006/12018/1292 3977/12019/1292 

vt -3.57823 0.349341
vn -0.882711 1.5648e-15 -0.469917
v -7.99462 3.27327 -95.5373
vt -3.57823 0.246979
vt -3.55202 0.246979
vt -3.55202 0.349341
f 3980/12020/1294 4008/12021/1294 4007/12022/1293 3978/12023/1293 

v -7.76118 5.87327 -96.1607
vt -4.0405 0.349341
vn -0.974256 4.5036e-16 -0.225443
v -7.76118 3.27327 -96.1607
vt -4.0405 0.246979
vt -4.01429 0.246979
vt -4.01429 0.349341
f 4009/12024/1295 4010/12025/1295 4008/12026/1294 3980/12027/1294 

v -7.69704 5.87327 -96.8233
vt -4.22831 0.349341
vn -0.999408 -6.90636e-16 0.0343952
v -7.69704 3.27327 -96.8233
vt -4.22831 0.246979
vt -4.2021 0.246979
vt -4.2021 0.349341
f 4011/12028/1296 4012/12029/1296 4010/12030/1295 4009/12031/1295 

v -7.80658 5.87327 -97.4799
vt -4.12886 0.349341
vn -0.956452 -1.20486e-15 0.291889
v -7.80658 3.27327 -97.4799
vt -4.12886 0.246979
vt -4.10265 0.246979
vt -4.10265 0.349341
f 4013/12032/1297 4014/12033/1297 4012/12034/1296 4011/12035/1296 

vt -3.74893 0.349341
vn -0.848315 -1.37864e-15 0.529491
v -8.08233 3.27327 -98.0858
vt -3.74893 0.246979
vt -3.72272 0.246979
vt -3.72272 0.349341
f 3986/12036/1298 4015/12037/1298 4014/12038/1297 4013/12039/1297 

vt -3.11441 0.349341
vn -0.682367 -2.74259e-15 0.731009
v -8.5055 3.27327 -98.5997
vt -3.11441 0.246979
vt -3.0882 0.246979
vt -3.0882 0.349341
f 3985/12040/1299 4016/12041/1299 4015/12042/1298 3986/12043/1298 

vt -2.26854 0.349341
vn -0.469917 -3.01184e-15 0.882711
v -9.04724 3.27327 -98.9865
vt -2.26854 0.246979
vt -2.24233 0.246979
vt -2.24233 0.349341
f 3987/12044/1300 4017/12045/1300 4016/12046/1299 3985/12047/1299 

vt -1.26896 0.349341
vn -0.225443 -1.08603e-15 0.974256
v -9.67065 3.27327 -99.22
vt -1.26896 0.246979
vt -1.24276 0.246979
vt -1.24276 0.349341
f 3988/12048/1301 4018/12049/1301 4017/12050/1300 3987/12051/1300 

vt -0.183804 0.349341
vn 0.0343952 -1.07135e-15 0.999408
v -10.3332 3.27327 -99.2841
vt -0.183804 0.246979
vt -0.157596 0.246979
vt -0.157596 0.349341
f 3989/12052/1302 4019/12053/1302 4018/12054/1301 3988/12055/1301 

vt 0.912988 0.349341
vn 0.291889 -1.99769e-15 0.956452
v -10.9899 3.27327 -99.1746
vt 0.912988 0.246979
vt 0.939196 0.246979
vt 0.939196 0.349341
f 3990/12056/1303 4020/12057/1303 4019/12058/1302 3989/12059/1302 

vt 1.94667 0.349341
vt 1.94667 0.246979
vt 1.97288 0.246979
vt 1.97288 0.349341
f 3991/12060/1281 3993/12061/1281 4020/12062/1303 3990/12063/1303 

vt 0.332242 4.24135
vn -3.55317e-16 1 4.97605e-16
vt 0.321386 4.2652
vt 0.304726 4.28543
vt 0.283397 4.30066
vt 0.258853 4.30985
vt 0.232767 4.31238
vt 0.206917 4.30806
vt 0.183063 4.29721
vt 0.162832 4.28055
vt 0.147602 4.25922
vt 0.138411 4.23468
vt 0.135886 4.20859
vt 0.140199 4.18274
vt 0.151055 4.15888
vt 0.167715 4.13865
vt 0.189044 4.12342
vt 0.213587 4.11423
vt 0.239674 4.11171
vt 0.265524 4.11602
vt 0.289378 4.12688
vt 0.309609 4.14354
vt 0.324839 4.16487
vt 0.33403 4.18941
vt 0.336555 4.2155
f 4014/12064/1304 4015/12065/1304 4016/12066/1304 4017/12067/1304 4018/12068/1304 4019/12069/1304 4020/12070/1304 3993/12071/1304 3992/12072/1304 3994/12073/1304 3995/12074/1304 3996/12075/1304 3997/12076/1304 3999/12077/1304 4001/12078/1304 4002/12079/1304 4003/12080/1304 4004/12081/1304 4005/12082/1304 4006/12083/1304 4007/12084/1304 4008/12085/1304 4010/12086/1304 4012/12087/1304 

vt -3.71891 1.73101
vn -0.643588 0.707107 0.292908
vt -3.75152 1.73101
vt -3.74893 1.70317
vt -3.72272 1.70317
f 3983/12088/1305 3984/12089/1305 3986/12090/1305 4013/12091/1305 

vt -4.10124 1.00408
vn -0.691909 0.712698 0.115427
vt -4.13028 1.00408
vt -4.12886 0.976015
vt -4.10265 0.976015
f 3982/12092/1306 3983/12093/1306 4013/12094/1306 4011/12095/1306 

vt -4.19951 0.224539
vn -0.703817 0.707107 -0.0681283
vt -4.23212 0.224539
vt -4.22831 0.1967
vt -4.2021 0.1967
f 3981/12096/1307 3982/12097/1307 4011/12098/1307 4009/12099/1307 

vt -4.0117 -0.542784
vn -0.662202 0.707107 -0.247968
vt -4.04309 -0.542784
vt -4.0405 -0.570623
vt -4.01429 -0.570623
f 3979/12100/1308 3981/12101/1308 4009/12102/1308 3980/12103/1308 

vt 2.27113 -2.17568
vn 0.410909 0.707107 -0.575459
vt 2.23974 -2.17568
vt 2.24233 -2.20352
vt 2.26854 -2.20352
f 3796/12104/1309 3797/12105/1309 3974/12106/1309 4000/12107/1309 

vt 3.117 -1.67701
vn 0.545848 0.707107 -0.4495
vt 3.08561 -1.67701
vt 3.0882 -1.70485
vt 3.11441 -1.70485
f 3795/12108/1310 3796/12109/1310 4000/12110/1310 3998/12111/1310 

vt 3.75243 -1.04053
vn 0.643588 0.707107 -0.292908
vt 3.72013 -1.04053
vt 3.72272 -1.06836
vt 3.74893 -1.06836
f 3793/12112/1311 3795/12113/1311 3998/12114/1311 3794/12115/1311 

vt 1.17694 -0.45481
vn 0.705043 0.703064 -0.0928207
vt 1.14679 -0.45481
vt 1.15364 -0.510173
vt 1.17009 -0.510173
f 393/12116/1312 680/12117/1312 673/12118/1312 672/12119/1312 

vt 0.909369 -0.649796
vt 0.884283 -0.649796
vt 0.889466 -0.705474
vt 0.90591 -0.705474
f 680/12120/157 679/12121/157 674/12122/157 673/12123/157 

vt 0.585741 -0.786644
vt 0.55893 -0.786644
vt 0.564113 -0.842322
vt 0.580558 -0.842322
f 679/12124/158 678/12125/158 675/12126/158 674/12127/158 

vt 0.221384 -0.859286
vt 0.194573 -0.859286
vt 0.199757 -0.914963
vt 0.216201 -0.914963
f 678/12128/159 677/12129/159 676/12130/159 675/12131/159 

vt 1.36027 -0.224524
vt 1.33518 -0.224524
vt 1.33864 -0.280202
vt 1.35509 -0.280202
f 392/12132/173 393/12133/173 672/12134/173 670/12135/173 

vt 1.45348 0.0349185
vt 1.42667 0.0349185
vt 1.43185 -0.0207592
vt 1.4483 -0.0207592
f 389/12136/172 392/12137/172 670/12138/172 668/12139/172 

vt 1.44855 0.30258
vt 1.42174 0.30258
vt 1.42692 0.246902
vt 1.44337 0.246902
f 388/12140/369 389/12141/369 668/12142/369 666/12143/369 

vt 1.34517 0.560219
vt 1.31901 0.560219
vt 1.32419 0.504541
vt 1.34064 0.504541
f 385/12144/143 388/12145/143 666/12146/143 664/12147/143 

vt 1.12485 0.78882
vn 0.271046 0.705542 0.654786
vt 1.13066 0.733261
vn 0.271178 0.705588 0.654682
vt 1.14711 0.733261
f 385/12148/1313 664/12149/1314 662/12150/1313

vt 1.14667 0.733549
vt 1.15251 0.789101
vn 0.270915 0.705496 0.65489
vt 1.12439 0.789101
f 662/12151/1313 383/12152/1315 385/12153/1313

vt 0.881144 0.977079
vt 0.855035 0.977079
vt 0.859517 0.921402
vt 0.875961 0.921402
f 381/12154/141 383/12155/141 662/12156/141 660/12157/141 

vt 0.550864 1.10789
vt 0.524053 1.10789
vt 0.529236 1.05221
vt 0.545681 1.05221
f 380/12158/140 381/12159/140 660/12160/140 658/12161/140 

vt 0.183957 1.1738
vt 0.157146 1.1738
vt 0.162329 1.11813
vt 0.178773 1.11813
f 377/12162/309 380/12163/309 658/12164/309 656/12165/309 

vt -0.194573 1.17032
vt -0.221384 1.17032
vt -0.216201 1.11464
vt -0.199757 1.11464
f 375/12166/138 377/12167/138 656/12168/138 654/12169/138 

vt -0.55893 1.09768
vt -0.585741 1.09768
vt -0.580558 1.042
vt -0.564113 1.042
f 374/12170/308 375/12171/308 654/12172/308 652/12173/308 

vt -0.88476 0.960829
vt -0.911094 0.960829
vt -0.90591 0.905152
vt -0.889466 0.905152
f 371/12174/371 374/12175/371 652/12176/371 650/12177/371 

vt -1.17573 0.768068
vt -1.17009 0.712477
vn -0.702156 0.705996 0.0924407
vt -1.15364 0.712477
f 371/12178/154 650/12179/1316 370/12180/154

vt -6.55773 0.0393701
f 594/1200/75 598/1202/75 595/12181/75

vt 3.07479 1.18495
vt 3.04798 1.18495
vt 3.05316 1.12927
vt 3.06961 1.12927
f 524/12182/369 526/12183/369 528/12184/369 559/12185/369 

vt 2.59368 1.71014
vt 2.56687 1.71014
vt 2.57205 1.65446
vt 2.58849 1.65446
f 522/12186/143 524/12187/143 559/12188/143 557/12189/143 

vt 1.93672 2.12939
vt 1.90991 2.12939
vt 1.9151 2.07371
vt 1.93154 2.07371
f 521/12190/142 522/12191/142 557/12192/142 555/12193/142 

vt 1.1487 2.41413
vt 1.12189 2.41413
vt 1.12707 2.35845
vt 1.14352 2.35845
f 518/12194/141 521/12195/141 555/12196/141 553/12197/141 

vt 0.283308 2.54494
vt 0.256497 2.54494
vt 0.26168 2.48926
vt 0.278125 2.48926
f 516/12198/140 518/12199/140 553/12200/140 551/12201/140 

vt -0.600478 2.51292
vt -0.627289 2.51292
vt -0.622106 2.45724
vt -0.605661 2.45724
f 515/12202/309 516/12203/309 551/12204/309 549/12205/309 

vt -1.44243 2.32024
vt -1.46924 2.32024
vt -1.46406 2.26456
vt -1.44761 2.26456
f 513/12206/138 515/12207/138 549/12208/138 547/12209/138 

vt -2.18517 1.98004
vt -2.21198 1.98004
vt -2.20679 1.92437
vt -2.19035 1.92437
f 510/12210/308 513/12211/308 547/12212/308 545/12213/308 

vt -2.77808 1.51551
vt -2.80489 1.51551
vt -2.7997 1.45983
vt -2.78326 1.45983
f 507/12214/371 510/12215/371 545/12216/371 508/12217/371 

vt -2.89638 0.314961
vn -0.92388 0 0.382683
vt -3.04019 0.314961
vt -3.04019 0.11811
vt -2.89638 0.11811
f 10/12218/1317 14/12219/1317 16/12220/1317 291/12221/1317 

vt 0.497697 0.11811
vn -0.382683 0 0.92388
vt 0.52853 0.11811
vt 0.52853 0.314961
vt 0.497697 0.314961
f 291/12222/1318 287/12223/136 9/12224/136 10/12225/1318 

vt -3.06949 0.329504
vt -3.10676 0.329504
vn -0.710769 5.01566e-05 -0.703425
vt -3.10664 -0.000152016
vn -0.7109 2.9157e-05 -0.703293
f 144/12226/79 146/12227/1319 142/12228/1320

vt -3.10676 -0.118981
vt -3.06949 -0.118981
vt -3.07092 -0.0900569
f 146/12229/86 144/12230/80 145/12231/82

vt -3.10777 -2.47138e-05
vt -3.0706 0.00623917
vt -3.07062 0.329632
f 142/12232/1320 143/12233/78 144/12234/79

